id,league,team_name,opponent,is_home,minute,player,X,Y,xG,shotType,situation,result
688493,EPL,Arsenal,Coventry,1,4,Christos Tzolis,0.8419999694824218,0.58,0.07754625380039215,RightFoot,OpenPlay,MissedShots
688494,EPL,Arsenal,Coventry,1,6,Bukayo Saka,0.9080000305175782,0.4179999923706055,0.09580084681510925,RightFoot,OpenPlay,BlockedShot
688495,EPL,Arsenal,Coventry,1,7,Christos Tzolis,0.845,0.505,0.05152222886681557,LeftFoot,FromCorner,BlockedShot
688496,EPL,Arsenal,Coventry,1,8,Declan Rice,0.7180000305175781,0.6609999847412109,0.012301568873226643,RightFoot,OpenPlay,MissedShots
688498,EPL,Arsenal,Coventry,1,14,Kai Havertz,0.8540000152587891,0.48400001525878905,0.09835345298051834,LeftFoot,OpenPlay,Goal
688499,EPL,Arsenal,Coventry,1,22,Bukayo Saka,0.9319999694824219,0.4490000152587891,0.6286753416061401,LeftFoot,OpenPlay,Goal
688500,EPL,Arsenal,Coventry,1,32,Ben White,0.914000015258789,0.40700000762939453,0.12903930246829987,RightFoot,OpenPlay,BlockedShot
688501,EPL,Arsenal,Coventry,1,37,Riccardo Calafiori,0.8240000152587891,0.5479999923706055,0.08370493352413177,LeftFoot,OpenPlay,BlockedShot
688503,EPL,Arsenal,Coventry,1,45,Martin Odegaard,0.7980000305175782,0.29399999618530276,0.019344165921211243,LeftFoot,FromCorner,BlockedShot
688504,EPL,Arsenal,Coventry,1,46,Declan Rice,0.794000015258789,0.39299999237060546,0.027639780193567276,LeftFoot,FromCorner,MissedShots
688505,EPL,Arsenal,Coventry,1,48,Martin Odegaard,0.9109999847412109,0.40099998474121096,0.13565748929977417,RightFoot,OpenPlay,Goal
688506,EPL,Arsenal,Coventry,1,51,Myles Lewis-Skelly,0.82,0.34799999237060547,0.047731224447488785,LeftFoot,OpenPlay,MissedShots
688507,EPL,Arsenal,Coventry,1,60,Christos Tzolis,0.8730000305175781,0.6329999923706054,0.07900393754243851,RightFoot,OpenPlay,BlockedShot
688508,EPL,Arsenal,Coventry,1,61,Bukayo Saka,0.845,0.5379999923706055,0.051784105598926544,LeftFoot,FromCorner,BlockedShot
688509,EPL,Arsenal,Coventry,1,64,Christos Tzolis,0.8130000305175781,0.6029999923706054,0.029601093381643295,RightFoot,FromCorner,SavedShot
688511,EPL,Arsenal,Coventry,1,71,Martin Odegaard,0.8090000152587891,0.4640000152587891,0.07599208503961563,LeftFoot,OpenPlay,BlockedShot
688512,EPL,Arsenal,Coventry,1,77,Mikel Merino,0.8980000305175782,0.26600000381469724,0.1020832285284996,LeftFoot,OpenPlay,BlockedShot
688513,EPL,Arsenal,Coventry,1,81,Gabriel,0.774000015258789,0.6359999847412109,0.028713038191199303,LeftFoot,OpenPlay,MissedShots
688515,EPL,Arsenal,Coventry,1,90,Mikel Merino,0.77,0.44099998474121094,0.042255014181137085,LeftFoot,OpenPlay,SavedShot
688516,EPL,Arsenal,Coventry,1,94,Eberechi Eze,0.6990000152587891,0.5259999847412109,0.03748644143342972,RightFoot,DirectFreekick,MissedShots
688497,EPL,Coventry,Arsenal,0,12,Loum Tchaouna,0.715999984741211,0.3509999847412109,0.012768540531396866,LeftFoot,OpenPlay,BlockedShot
688502,EPL,Coventry,Arsenal,0,41,Loum Tchaouna,0.7880000305175782,0.5420000076293945,0.03236808255314827,LeftFoot,OpenPlay,MissedShots
688510,EPL,Coventry,Arsenal,0,66,Bobby Thomas,0.7240000152587891,0.335,0.007854167371988297,RightFoot,OpenPlay,MissedShots
688514,EPL,Coventry,Arsenal,0,85,Jack Rudoni,0.914000015258789,0.495,0.5053454041481018,Head,OpenPlay,SavedShot
688538,EPL,Hull,Manchester United,1,14,Oliver McBurnie,0.874000015258789,0.47400001525878904,0.026277294382452965,Head,OpenPlay,SavedShot
688539,EPL,Hull,Manchester United,1,16,Oliver McBurnie,0.9690000152587891,0.40299999237060546,0.41052940487861633,RightFoot,FromCorner,SavedShot
688540,EPL,Hull,Manchester United,1,16,Semi Ajayi,0.9690000152587891,0.46799999237060547,0.7058625221252441,RightFoot,FromCorner,Goal
688542,EPL,Hull,Manchester United,1,20,Mohamed Belloumi,0.8540000152587891,0.3390000152587891,0.017307370901107788,LeftFoot,SetPiece,MissedShots
688546,EPL,Hull,Manchester United,1,37,Nobel Mendy,0.9480000305175781,0.5029999923706054,0.5255845189094543,Head,SetPiece,Goal
688552,EPL,Hull,Manchester United,1,61,Mohamed Belloumi,0.7769999694824219,0.27700000762939453,0.02903418429195881,LeftFoot,OpenPlay,MissedShots
688555,EPL,Hull,Manchester United,1,72,Cody Drameh,0.8219999694824218,0.3110000038146973,0.041359830647706985,RightFoot,OpenPlay,MissedShots
688556,EPL,Hull,Manchester United,1,74,Ryan John Giles,0.7919999694824219,0.72,0.030095621943473816,LeftFoot,OpenPlay,BlockedShot
688536,EPL,Manchester United,Hull,0,12,Bryan Mbeumo,0.899000015258789,0.315,0.02381080761551857,RightFoot,OpenPlay,SavedShot
688537,EPL,Manchester United,Hull,0,13,Matheus Cunha,0.8469999694824218,0.3609999847412109,0.056740906089544296,LeftFoot,OpenPlay,SavedShot
688541,EPL,Manchester United,Hull,0,19,Youri Tielemans,0.7809999847412109,0.43900001525878907,0.03078845515847206,RightFoot,OpenPlay,BlockedShot
688543,EPL,Manchester United,Hull,0,24,Patrick Dorgu,0.909000015258789,0.64,0.06070529669523239,LeftFoot,OpenPlay,MissedShots
688544,EPL,Manchester United,Hull,0,28,Patrick Dorgu,0.9390000152587891,0.5420000076293945,0.44202718138694763,LeftFoot,OpenPlay,MissedShots
688545,EPL,Manchester United,Hull,0,34,Bryan Mbeumo,0.9059999847412109,0.35200000762939454,0.04977758973836899,LeftFoot,OpenPlay,BlockedShot
688547,EPL,Manchester United,Hull,0,43,Patrick Dorgu,0.9280000305175782,0.5590000152587891,0.12129988521337509,Head,OpenPlay,MissedShots
688548,EPL,Manchester United,Hull,0,46,Bruno Fernandes,0.7659999847412109,0.6179999923706054,0.02254619263112545,RightFoot,OpenPlay,BlockedShot
688549,EPL,Manchester United,Hull,0,50,Ayden Heaven,0.855,0.485,0.019801810383796692,Head,OpenPlay,MissedShots
688550,EPL,Manchester United,Hull,0,55,Ayden Heaven,0.9259999847412109,0.4979999923706055,0.1123661920428276,Head,FromCorner,BlockedShot
688551,EPL,Manchester United,Hull,0,58,Bruno Fernandes,0.6940000152587891,0.6780000305175782,0.007276418153196573,RightFoot,OpenPlay,SavedShot
688553,EPL,Manchester United,Hull,0,65,Matheus Cunha,0.8669999694824219,0.6320000076293946,0.06598352640867233,RightFoot,OpenPlay,BlockedShot
688554,EPL,Manchester United,Hull,0,66,Noussair Mazraoui,0.9569999694824218,0.43099998474121093,0.09059377759695053,RightFoot,OpenPlay,MissedShots
688557,EPL,Manchester United,Hull,0,75,Bryan Mbeumo,0.8830000305175781,0.2989999961853027,0.04875008016824722,LeftFoot,OpenPlay,MissedShots
688558,EPL,Manchester United,Hull,0,77,Bryan Mbeumo,0.855,0.43599998474121093,0.42816442251205444,RightFoot,OpenPlay,SavedShot
688559,EPL,Manchester United,Hull,0,78,Matheus Cunha,0.9540000152587891,0.435,0.0633055716753006,Head,FromCorner,MissedShots
688560,EPL,Manchester United,Hull,0,83,Kobbie Mainoo,0.8119999694824219,0.6569999694824219,0.026342200115323067,RightFoot,OpenPlay,BlockedShot
688561,EPL,Manchester United,Hull,0,83,Harry Maguire,0.8069999694824219,0.33,0.023901332169771194,LeftFoot,OpenPlay,SavedShot
688562,EPL,Manchester United,Hull,0,88,Bruno Fernandes,0.7969999694824219,0.750999984741211,0.01114521361887455,LeftFoot,OpenPlay,BlockedShot
688563,EPL,Manchester United,Hull,0,92,Benjamin Sesko,0.889000015258789,0.46,0.039644911885261536,Head,OpenPlay,BlockedShot
688564,EPL,Manchester United,Hull,0,94,Harry Maguire,0.92,0.7069999694824218,0.03377111628651619,RightFoot,OpenPlay,MissedShots
688587,EPL,Everton,Crystal Palace,1,11,Iliman Ndiaye,0.8640000152587891,0.3940000152587891,0.0854983851313591,RightFoot,OpenPlay,SavedShot
688589,EPL,Everton,Crystal Palace,1,17,Tyrique George,0.830999984741211,0.7240000152587891,0.028086043894290924,RightFoot,OpenPlay,MissedShots
688590,EPL,Everton,Crystal Palace,1,30,James Tarkowski,0.9069999694824219,0.4109999847412109,0.04858771711587906,Head,SetPiece,MissedShots
688591,EPL,Everton,Crystal Palace,1,33,Tyrique George,0.7930000305175782,0.6619999694824219,0.02669128030538559,LeftFoot,OpenPlay,BlockedShot
688593,EPL,Everton,Crystal Palace,1,41,Kiernan Dewsbury-Hall,0.9169999694824219,0.66,0.09686107188463211,LeftFoot,OpenPlay,BlockedShot
688594,EPL,Everton,Crystal Palace,1,41,Kiernan Dewsbury-Hall,0.885,0.6719999694824219,0.06906358152627945,LeftFoot,OpenPlay,Goal
688596,EPL,Everton,Crystal Palace,1,46,Thierno Barry,0.7430000305175781,0.500999984741211,0.03167112171649933,RightFoot,OpenPlay,BlockedShot
688597,EPL,Everton,Crystal Palace,1,47,Tyrique George,0.78,0.625999984741211,0.01897476054728031,RightFoot,FromCorner,BlockedShot
688598,EPL,Everton,Crystal Palace,1,48,Hayden Hackney,0.895,0.7559999847412109,0.03810520097613335,RightFoot,FromCorner,BlockedShot
688599,EPL,Everton,Crystal Palace,1,50,Kiernan Dewsbury-Hall,0.7709999847412109,0.6830000305175781,0.02548147737979889,LeftFoot,OpenPlay,MissedShots
688600,EPL,Everton,Crystal Palace,1,52,Thierno Barry,0.95,0.5159999847412109,0.5571271181106567,Head,SetPiece,Goal
688601,EPL,Everton,Crystal Palace,1,55,Iliman Ndiaye,0.874000015258789,0.46599998474121096,0.13361485302448273,RightFoot,OpenPlay,SavedShot
688604,EPL,Everton,Crystal Palace,1,72,Tyrique George,0.875,0.6959999847412109,0.07030624896287918,RightFoot,OpenPlay,BlockedShot
688605,EPL,Everton,Crystal Palace,1,72,Tyrique George,0.935,0.6519999694824219,0.09607944637537003,LeftFoot,OpenPlay,MissedShots
688608,EPL,Everton,Crystal Palace,1,92,Beto,0.8240000152587891,0.47200000762939454,0.06535620987415314,RightFoot,OpenPlay,BlockedShot
688609,EPL,Everton,Crystal Palace,1,95,Carlos Alcaraz,0.8530000305175781,0.6730000305175782,0.059344056993722916,RightFoot,OpenPlay,SavedShot
688584,EPL,Crystal Palace,Everton,0,2,Jean-Philippe Mateta,0.9669999694824218,0.5479999923706055,0.7940734624862671,RightFoot,OpenPlay,MissedShots
688585,EPL,Crystal Palace,Everton,0,9,Dwight McNeil,0.7569999694824219,0.505,0.024988599121570587,LeftFoot,OpenPlay,BlockedShot
688586,EPL,Crystal Palace,Everton,0,11,Daniel Muñoz,0.8930000305175781,0.37599998474121094,0.07143311202526093,LeftFoot,OpenPlay,SavedShot
688588,EPL,Crystal Palace,Everton,0,16,Eddie Nketiah,0.9080000305175782,0.5770000076293945,0.3071564733982086,RightFoot,OpenPlay,SavedShot
688592,EPL,Crystal Palace,Everton,0,37,Jean-Philippe Mateta,0.8919999694824219,0.4620000076293945,0.5248755812644958,RightFoot,OpenPlay,ShotOnPost
688595,EPL,Crystal Palace,Everton,0,48,Daniel Muñoz,0.92,0.4590000152587891,0.2571656405925751,Head,OpenPlay,MissedShots
688602,EPL,Crystal Palace,Everton,0,61,Yeremi Pino,0.7419999694824219,0.5629999923706055,0.0194392167031765,RightFoot,OpenPlay,BlockedShot
688603,EPL,Crystal Palace,Everton,0,65,Evann Guessand,0.7880000305175782,0.43599998474121093,0.04007472097873688,RightFoot,OpenPlay,SavedShot
688606,EPL,Crystal Palace,Everton,0,82,Jaydee Canvot,0.855999984741211,0.3559999847412109,0.01944364793598652,RightFoot,OpenPlay,BlockedShot
688607,EPL,Crystal Palace,Everton,0,92,Jørgen Strand Larsen,0.93,0.47,0.1436384618282318,Head,OpenPlay,SavedShot
688610,EPL,Crystal Palace,Everton,0,95,Yeremi Pino,0.8630000305175781,0.725999984741211,0.028658203780651093,RightFoot,OpenPlay,MissedShots
688613,EPL,Ipswich,Sunderland,1,6,Julio Enciso,0.749000015258789,0.3609999847412109,0.02159455418586731,RightFoot,OpenPlay,BlockedShot
688614,EPL,Ipswich,Sunderland,1,6,Emersonn,0.840999984741211,0.5329999923706055,0.0106583833694458,Head,OpenPlay,SavedShot
688615,EPL,Ipswich,Sunderland,1,23,Emersonn,0.8959999847412109,0.5170000076293946,0.5669058561325073,RightFoot,OpenPlay,Goal
688616,EPL,Ipswich,Sunderland,1,26,Emersonn,0.9,0.5459999847412109,0.0372440367937088,Head,SetPiece,MissedShots
688620,EPL,Ipswich,Sunderland,1,30,Julio Enciso,0.9069999694824219,0.580999984741211,0.10848024487495422,LeftFoot,OpenPlay,MissedShots
688624,EPL,Ipswich,Sunderland,1,49,Daizen Maeda,0.9590000152587891,0.5159999847412109,0.6158341765403748,Head,OpenPlay,MissedShots
688625,EPL,Ipswich,Sunderland,1,50,Julio Enciso,0.8919999694824219,0.4179999923706055,0.0732707604765892,RightFoot,OpenPlay,MissedShots
688627,EPL,Ipswich,Sunderland,1,64,Marcelino Núñez,0.8769999694824219,0.624000015258789,0.055459536612033844,RightFoot,FromCorner,MissedShots
688629,EPL,Ipswich,Sunderland,1,89,Jack Clarke,0.8440000152587891,0.625,0.06425638496875763,RightFoot,OpenPlay,Goal
688630,EPL,Ipswich,Sunderland,1,91,Jack Clarke,0.674000015258789,0.6170000076293946,0.030820326879620552,RightFoot,OpenPlay,MissedShots
688611,EPL,Sunderland,Ipswich,0,3,Brian Brobbey,0.8619999694824219,0.3920000076293945,0.49776360392570496,RightFoot,OpenPlay,BlockedShot
688612,EPL,Sunderland,Ipswich,0,3,Trai Hume,0.7580000305175781,0.5309999847412109,0.019959822297096252,RightFoot,FromCorner,MissedShots
688617,EPL,Sunderland,Ipswich,0,28,Noah Sadiki,0.905,0.4420000076293945,0.288067489862442,Head,OpenPlay,SavedShot
688618,EPL,Sunderland,Ipswich,0,28,Luke O&#039;Nien,0.715999984741211,0.49700000762939456,0.021169524639844894,LeftFoot,FromCorner,BlockedShot
688619,EPL,Sunderland,Ipswich,0,29,Nilson Angulo,0.960999984741211,0.41700000762939454,0.037810228765010834,Head,FromCorner,MissedShots
688621,EPL,Sunderland,Ipswich,0,37,Thomas Meunier,0.8230000305175781,0.4209999847412109,0.03578585758805275,RightFoot,OpenPlay,BlockedShot
688622,EPL,Sunderland,Ipswich,0,38,Nilson Angulo,0.794000015258789,0.6519999694824219,0.07915539294481277,RightFoot,DirectFreekick,Goal
688623,EPL,Sunderland,Ipswich,0,46,Trai Hume,0.9180000305175782,0.3840000152587891,0.033754706382751465,Head,OpenPlay,MissedShots
688626,EPL,Sunderland,Ipswich,0,52,Brian Brobbey,0.91,0.4859999847412109,0.13810701668262482,RightFoot,OpenPlay,BlockedShot
688628,EPL,Sunderland,Ipswich,0,81,Thomas Meunier,0.840999984741211,0.13899999618530273,0.01048893854022026,RightFoot,OpenPlay,SavedShot
688631,EPL,Sunderland,Ipswich,0,93,Habib Diarra,0.745999984741211,0.6480000305175782,0.015362401492893696,RightFoot,OpenPlay,BlockedShot
688633,EPL,Nottingham Forest,Leeds,1,16,Igor Jesus,0.9030000305175782,0.4829999923706055,0.05974733084440231,Head,OpenPlay,SavedShot
688636,EPL,Nottingham Forest,Leeds,1,28,Morgan Gibbs-White,0.7430000305175781,0.64,0.01400030218064785,RightFoot,SetPiece,MissedShots
688637,EPL,Nottingham Forest,Leeds,1,32,Nikola Milenkovic,0.9009999847412109,0.48400001525878905,0.04636634141206741,Head,OpenPlay,MissedShots
688638,EPL,Nottingham Forest,Leeds,1,35,Ola Aina,0.765,0.3240000152587891,0.019795270636677742,LeftFoot,OpenPlay,SavedShot
688639,EPL,Nottingham Forest,Leeds,1,40,Nikola Milenkovic,0.905,0.48900001525878906,0.07749739289283752,Head,FromCorner,ShotOnPost
688644,EPL,Nottingham Forest,Leeds,1,54,Igor Jesus,0.9330000305175781,0.53,0.13593603670597076,Head,SetPiece,MissedShots
688646,EPL,Nottingham Forest,Leeds,1,61,Ibrahim Sangare,0.7119999694824218,0.42700000762939455,0.014822493307292461,RightFoot,OpenPlay,MissedShots
688647,EPL,Nottingham Forest,Leeds,1,62,Ola Aina,0.759000015258789,0.31,0.01766836829483509,RightFoot,OpenPlay,BlockedShot
688648,EPL,Nottingham Forest,Leeds,1,63,Morgan Gibbs-White,0.8819999694824219,0.534000015258789,0.055871471762657166,RightFoot,OpenPlay,MissedShots
688649,EPL,Nottingham Forest,Leeds,1,64,Chris Wood,0.8159999847412109,0.5170000076293946,0.058869559317827225,RightFoot,OpenPlay,MissedShots
688651,EPL,Nottingham Forest,Leeds,1,73,Igor Jesus,0.9180000305175782,0.455,0.08250962942838669,Head,FromCorner,BlockedShot
688654,EPL,Nottingham Forest,Leeds,1,92,Morgan Gibbs-White,0.7609999847412109,0.47099998474121096,0.07359727472066879,RightFoot,DirectFreekick,MissedShots
688632,EPL,Leeds,Nottingham Forest,0,0,Anton Stach,0.7519999694824219,0.4809999847412109,0.012050499208271503,RightFoot,OpenPlay,BlockedShot
688634,EPL,Leeds,Nottingham Forest,0,19,Joe Rodon,0.899000015258789,0.42900001525878906,0.033589523285627365,Head,OpenPlay,BlockedShot
688635,EPL,Leeds,Nottingham Forest,0,19,Jaka Bijol,0.9680000305175781,0.3970000076293945,0.03783676028251648,Head,OpenPlay,BlockedShot
688640,EPL,Leeds,Nottingham Forest,0,45,Jaka Bijol,0.8980000305175782,0.3920000076293945,0.045307401567697525,LeftFoot,OpenPlay,BlockedShot
688641,EPL,Leeds,Nottingham Forest,0,46,Brenden Aaronson,0.7819999694824219,0.735,0.018504053354263306,RightFoot,OpenPlay,SavedShot
688642,EPL,Leeds,Nottingham Forest,0,51,Dominic Calvert-Lewin,0.92,0.735999984741211,0.04616284370422363,LeftFoot,OpenPlay,MissedShots
688643,EPL,Leeds,Nottingham Forest,0,52,Anton Stach,0.9219999694824219,0.83,0.05921553447842598,RightFoot,DirectFreekick,MissedShots
688645,EPL,Leeds,Nottingham Forest,0,55,Dominic Calvert-Lewin,0.740999984741211,0.5209999847412109,0.016369245946407318,RightFoot,OpenPlay,BlockedShot
688650,EPL,Leeds,Nottingham Forest,0,69,Tarik Muharemovic,0.9219999694824219,0.5279999923706055,0.06015468388795853,Head,OpenPlay,SavedShot
688652,EPL,Leeds,Nottingham Forest,0,85,Dominic Calvert-Lewin,0.9169999694824219,0.4209999847412109,0.09783720225095749,LeftFoot,OpenPlay,BlockedShot
688653,EPL,Leeds,Nottingham Forest,0,87,Anton Stach,0.7930000305175782,0.8030000305175782,0.03921906650066376,RightFoot,DirectFreekick,Goal
688731,EPL,Brentford,Tottenham,1,2,Mathias Jensen,0.89,0.8490000152587891,0.04871726408600807,RightFoot,DirectFreekick,BlockedShot
688732,EPL,Brentford,Tottenham,1,3,Keane Lewis-Potter,0.8109999847412109,0.44799999237060545,0.0339069738984108,RightFoot,FromCorner,BlockedShot
688733,EPL,Brentford,Tottenham,1,3,Nathan Collins,0.950999984741211,0.509000015258789,0.485587477684021,Head,FromCorner,MissedShots
688734,EPL,Brentford,Tottenham,1,7,Dango Ouattara,0.9419999694824219,0.6790000152587891,0.009310474619269371,Head,FromCorner,MissedShots
688736,EPL,Brentford,Tottenham,1,11,Keane Lewis-Potter,0.925,0.49400001525878906,0.5437885522842407,RightFoot,OpenPlay,Goal
688738,EPL,Brentford,Tottenham,1,28,Michael Kayode,0.89,0.4829999923706055,0.07549700886011124,Head,SetPiece,MissedShots
688739,EPL,Brentford,Tottenham,1,32,Mathias Jensen,0.7930000305175782,0.34400001525878904,0.03872928023338318,RightFoot,OpenPlay,SavedShot
688740,EPL,Brentford,Tottenham,1,32,Vitaly Janelt,0.9130000305175782,0.4640000152587891,0.44415485858917236,RightFoot,OpenPlay,Goal
688741,EPL,Brentford,Tottenham,1,35,Michael Kayode,0.8959999847412109,0.42,0.01785750687122345,Head,OpenPlay,BlockedShot
688743,EPL,Brentford,Tottenham,1,42,Dango Ouattara,0.7430000305175781,0.435,0.020452728495001793,LeftFoot,OpenPlay,MissedShots
688744,EPL,Brentford,Tottenham,1,44,Michael Kayode,0.919000015258789,0.46900001525878904,0.05533910542726517,Head,OpenPlay,MissedShots
688745,EPL,Brentford,Tottenham,1,47,Kevin Schade,0.95,0.3820000076293945,0.11029800027608871,RightFoot,OpenPlay,BlockedShot
688746,EPL,Brentford,Tottenham,1,47,Mamadou Sangaré,0.8569999694824219,0.55,0.039199743419885635,LeftFoot,FromCorner,SavedShot
688747,EPL,Brentford,Tottenham,1,48,Michael Kayode,0.9619999694824218,0.4779999923706055,0.667422354221344,RightFoot,FromCorner,Goal
688750,EPL,Brentford,Tottenham,1,52,Kevin Schade,0.8569999694824219,0.5629999923706055,0.08439822494983673,RightFoot,OpenPlay,MissedShots
688751,EPL,Brentford,Tottenham,1,52,Vitaly Janelt,0.8930000305175781,0.6580000305175782,0.04388490319252014,LeftFoot,OpenPlay,BlockedShot
688752,EPL,Brentford,Tottenham,1,54,Thiago,0.885,0.5,0.7611688375473022,RightFoot,Penalty,ShotOnPost
688755,EPL,Brentford,Tottenham,1,68,Kevin Schade,0.87,0.5790000152587891,0.023402083665132523,Head,OpenPlay,SavedShot
688756,EPL,Brentford,Tottenham,1,75,Jaidon Anthony,0.805,0.4979999923706055,0.01617930270731449,LeftFoot,FromCorner,MissedShots
688757,EPL,Brentford,Tottenham,1,76,Thiago,0.9330000305175781,0.4590000152587891,0.14507773518562317,LeftFoot,OpenPlay,MissedShots
688758,EPL,Brentford,Tottenham,1,77,Nathan Collins,0.9159999847412109,0.4,0.0187356136739254,Head,OpenPlay,BlockedShot
688760,EPL,Brentford,Tottenham,1,84,Kristoffer Ajer,0.965,0.5559999847412109,0.07533276826143265,Head,FromCorner,SavedShot
688762,EPL,Brentford,Tottenham,1,87,Kevin Schade,0.8980000305175782,0.42700000762939455,0.14352603256702423,RightFoot,OpenPlay,SavedShot
688763,EPL,Brentford,Tottenham,1,90,Callum Wilson,0.9630000305175781,0.34200000762939453,0.08469273895025253,RightFoot,OpenPlay,BlockedShot
688764,EPL,Brentford,Tottenham,1,90,Kevin Schade,0.9519999694824218,0.46599998474121096,0.0743473544716835,Head,FromCorner,MissedShots
688765,EPL,Brentford,Tottenham,1,92,Yehor Yarmolyuk,0.82,0.36400001525878906,0.027612298727035522,RightFoot,FromCorner,MissedShots
688735,EPL,Tottenham,Brentford,0,9,Conor Gallagher,0.7190000152587891,0.6329999923706054,0.01676817238330841,RightFoot,OpenPlay,MissedShots
688737,EPL,Tottenham,Brentford,0,14,Mathys Tel,0.7190000152587891,0.6370000076293946,0.03921889513731003,RightFoot,DirectFreekick,BlockedShot
688742,EPL,Tottenham,Brentford,0,39,Sandro Tonali,0.795,0.4640000152587891,0.017000919207930565,RightFoot,OpenPlay,MissedShots
688748,EPL,Tottenham,Brentford,0,49,Mikey Moore,0.8769999694824219,0.36400001525878906,0.08789630979299545,RightFoot,OpenPlay,SavedShot
688749,EPL,Tottenham,Brentford,0,51,Mikey Moore,0.899000015258789,0.33599998474121096,0.24651990830898285,RightFoot,OpenPlay,SavedShot
688753,EPL,Tottenham,Brentford,0,58,Sandro Tonali,0.715,0.644000015258789,0.009762866422533989,RightFoot,OpenPlay,SavedShot
688754,EPL,Tottenham,Brentford,0,61,Mikey Moore,0.9169999694824219,0.3160000038146973,0.27518752217292786,RightFoot,OpenPlay,SavedShot
688759,EPL,Tottenham,Brentford,0,81,Mathys Tel,0.745999984741211,0.5,0.022197911515831947,LeftFoot,OpenPlay,MissedShots
688761,EPL,Tottenham,Brentford,0,86,Dominic Solanke,0.84,0.6,0.04173195734620094,LeftFoot,OpenPlay,BlockedShot
689207,EPL,Brighton,Aston Villa,1,7,Maxim De Cuyper,0.9359999847412109,0.29700000762939455,0.3025970757007599,RightFoot,OpenPlay,ShotOnPost
689210,EPL,Brighton,Aston Villa,1,17,Maxim De Cuyper,0.975,0.5079999923706054,0.9075709581375122,LeftFoot,OpenPlay,Goal
689211,EPL,Brighton,Aston Villa,1,23,Georginio Rutter,0.7609999847412109,0.285,0.016567936167120934,RightFoot,OpenPlay,MissedShots
689212,EPL,Brighton,Aston Villa,1,29,Jack Hinshelwood,0.975,0.5220000076293946,0.79644775390625,Head,OpenPlay,Goal
689213,EPL,Brighton,Aston Villa,1,30,Jack Hinshelwood,0.8869999694824219,0.5609999847412109,0.4964374303817749,RightFoot,OpenPlay,Goal
689214,EPL,Brighton,Aston Villa,1,41,Yasin Ayari,0.7909999847412109,0.46599998474121096,0.03677110746502876,RightFoot,OpenPlay,BlockedShot
689215,EPL,Brighton,Aston Villa,1,41,Mats Wieffer,0.8330000305175781,0.39299999237060546,0.08135496079921722,RightFoot,OpenPlay,MissedShots
689216,EPL,Brighton,Aston Villa,1,42,Maxim De Cuyper,0.8180000305175781,0.56,0.07555624842643738,LeftFoot,OpenPlay,MissedShots
689217,EPL,Brighton,Aston Villa,1,43,Maxim De Cuyper,0.874000015258789,0.6519999694824219,0.09380283206701279,LeftFoot,OpenPlay,BlockedShot
689218,EPL,Brighton,Aston Villa,1,44,Diego Gómez,0.88,0.55,0.10088619589805603,RightFoot,OpenPlay,SavedShot
689219,EPL,Brighton,Aston Villa,1,48,Luka Vuskovic,0.6919999694824219,0.539000015258789,0.013998284935951233,RightFoot,OpenPlay,MissedShots
689220,EPL,Brighton,Aston Villa,1,50,Yasin Ayari,0.8719999694824219,0.5570000076293945,0.045717015862464905,RightFoot,FromCorner,MissedShots
689222,EPL,Brighton,Aston Villa,1,53,Luka Vuskovic,0.97,0.4229999923706055,0.35315704345703125,LeftFoot,FromCorner,MissedShots
689223,EPL,Brighton,Aston Villa,1,56,Diego Gómez,0.924000015258789,0.35200000762939454,0.11031394451856613,RightFoot,OpenPlay,SavedShot
689224,EPL,Brighton,Aston Villa,1,57,Jack Hinshelwood,0.8769999694824219,0.49900001525878906,0.10852551460266113,RightFoot,OpenPlay,BlockedShot
689225,EPL,Brighton,Aston Villa,1,60,Georginio Rutter,0.9180000305175782,0.655,0.05288620665669441,RightFoot,FromCorner,MissedShots
689226,EPL,Brighton,Aston Villa,1,64,Costinha,0.76,0.4590000152587891,0.023927055299282074,RightFoot,OpenPlay,ShotOnPost
689228,EPL,Brighton,Aston Villa,1,70,Diego Gómez,0.7319999694824219,0.39099998474121095,0.020467154681682587,RightFoot,OpenPlay,MissedShots
689229,EPL,Brighton,Aston Villa,1,76,Charalampos Kostoulas,0.8680000305175781,0.40099998474121096,0.05431147292256355,RightFoot,OpenPlay,MissedShots
689230,EPL,Brighton,Aston Villa,1,89,Costinha,0.87,0.509000015258789,0.02805580012500286,Head,OpenPlay,SavedShot
689231,EPL,Brighton,Aston Villa,1,93,Charalampos Kostoulas,0.9080000305175782,0.5609999847412109,0.28391528129577637,Head,OpenPlay,MissedShots
689204,EPL,Aston Villa,Brighton,0,3,Emiliano Buendía,0.7719999694824219,0.5529999923706055,0.020128635689616203,RightFoot,SetPiece,MissedShots
689205,EPL,Aston Villa,Brighton,0,4,Emiliano Buendía,0.8230000305175781,0.3609999847412109,0.0454123355448246,LeftFoot,OpenPlay,MissedShots
689206,EPL,Aston Villa,Brighton,0,6,Emiliano Buendía,0.88,0.6630000305175782,0.051970478147268295,LeftFoot,OpenPlay,MissedShots
689208,EPL,Aston Villa,Brighton,0,7,Victor Lindelöf,0.015,0.5359999847412109,0,OtherBodyPart,OpenPlay,OwnGoal
689209,EPL,Aston Villa,Brighton,0,16,John McGinn,0.7959999847412109,0.385,0.03462063521146774,LeftFoot,OpenPlay,MissedShots
689221,EPL,Aston Villa,Brighton,0,51,Ian Maatsen,0.7859999847412109,0.6480000305175782,0.025440337136387825,LeftFoot,OpenPlay,MissedShots
689227,EPL,Aston Villa,Brighton,0,67,Ross Barkley,0.955999984741211,0.5779999923706055,0.0976761132478714,Head,FromCorner,MissedShots
689232,EPL,Manchester City,Bournemouth,1,3,Rico Lewis,0.965999984741211,0.3890000152587891,0.3493589162826538,RightFoot,OpenPlay,SavedShot
689233,EPL,Manchester City,Bournemouth,1,4,Nico O&#039;Reilly,0.960999984741211,0.6129999923706054,0.16302089393138885,Head,FromCorner,MissedShots
689234,EPL,Manchester City,Bournemouth,1,7,Phil Foden,0.9119999694824219,0.3659999847412109,0.05560465529561043,LeftFoot,OpenPlay,BlockedShot
689237,EPL,Manchester City,Bournemouth,1,32,Erling Haaland,0.8190000152587891,0.4809999847412109,0.048174794763326645,LeftFoot,OpenPlay,BlockedShot
689238,EPL,Manchester City,Bournemouth,1,38,Erling Haaland,0.889000015258789,0.47900001525878905,0.026699868962168694,Head,OpenPlay,SavedShot
689241,EPL,Manchester City,Bournemouth,1,43,Erling Haaland,0.914000015258789,0.495,0.11130133271217346,LeftFoot,FromCorner,MissedShots
689242,EPL,Manchester City,Bournemouth,1,50,Marc Guehi,0.975999984741211,0.46,0.532733678817749,Head,FromCorner,MissedShots
689243,EPL,Manchester City,Bournemouth,1,66,Antoine Semenyo,0.9269999694824219,0.6769999694824219,0.051345810294151306,LeftFoot,OpenPlay,SavedShot
689244,EPL,Manchester City,Bournemouth,1,67,Phil Foden,0.8219999694824218,0.36,0.0453963465988636,LeftFoot,OpenPlay,BlockedShot
689245,EPL,Manchester City,Bournemouth,1,71,Erling Haaland,0.895,0.610999984741211,0.08766872435808182,LeftFoot,OpenPlay,MissedShots
689246,EPL,Manchester City,Bournemouth,1,74,Erling Haaland,0.9180000305175782,0.4620000076293945,0.48015788197517395,RightFoot,OpenPlay,SavedShot
689248,EPL,Manchester City,Bournemouth,1,83,Marc Guehi,0.9290000152587891,0.5170000076293946,0.11412540078163147,Head,FromCorner,Goal
689249,EPL,Manchester City,Bournemouth,1,90,Josko Gvardiol,0.8919999694824219,0.45799999237060546,0.40884682536125183,RightFoot,OpenPlay,Goal
689235,EPL,Bournemouth,Manchester City,0,13,Rayan,0.9230000305175782,0.3290000152587891,0.0670793354511261,RightFoot,OpenPlay,SavedShot
689236,EPL,Bournemouth,Manchester City,0,25,Marcus Tavernier,0.9259999847412109,0.57,0.4407866895198822,LeftFoot,OpenPlay,Goal
689239,EPL,Bournemouth,Manchester City,0,39,Marcus Tavernier,0.745999984741211,0.425,0.0385570153594017,LeftFoot,OpenPlay,MissedShots
689240,EPL,Bournemouth,Manchester City,0,40,Justin Kluivert,0.855,0.6320000076293946,0.07864044606685638,RightFoot,OpenPlay,SavedShot
689247,EPL,Bournemouth,Manchester City,0,78,Daniel Jebbison,0.9019999694824219,0.5540000152587891,0.08247722685337067,Head,SetPiece,SavedShot
689362,EPL,Newcastle United,Liverpool,1,4,Anthony Elanga,0.8569999694824219,0.32799999237060545,0.2569243609905243,RightFoot,OpenPlay,Goal
689365,EPL,Newcastle United,Liverpool,1,11,Yoane Wissa,0.695,0.5659999847412109,0.013825546950101852,LeftFoot,OpenPlay,MissedShots
689368,EPL,Newcastle United,Liverpool,1,21,Amar Dedic,0.9369999694824219,0.28200000762939453,0.05798335000872612,RightFoot,OpenPlay,BlockedShot
689372,EPL,Newcastle United,Liverpool,1,30,William Osula,0.7119999694824218,0.485,0.04265609011054039,RightFoot,DirectFreekick,BlockedShot
689373,EPL,Newcastle United,Liverpool,1,31,William Osula,0.7559999847412109,0.515,0.01630183309316635,LeftFoot,SetPiece,BlockedShot
689375,EPL,Newcastle United,Liverpool,1,43,Yoane Wissa,0.795,0.27100000381469724,0.02479308843612671,RightFoot,OpenPlay,MissedShots
689379,EPL,Newcastle United,Liverpool,1,47,Lewis Miley,0.7980000305175782,0.6,0.049853045493364334,RightFoot,OpenPlay,MissedShots
689385,EPL,Newcastle United,Liverpool,1,56,Joe Willock,0.8219999694824218,0.63,0.07223523408174515,RightFoot,OpenPlay,Goal
689388,EPL,Newcastle United,Liverpool,1,66,Yoane Wissa,0.9490000152587891,0.5179999923706055,0.6304523944854736,RightFoot,OpenPlay,MissedShots
689389,EPL,Newcastle United,Liverpool,1,67,Anthony Elanga,0.7719999694824219,0.27600000381469725,0.02433796226978302,LeftFoot,OpenPlay,SavedShot
689391,EPL,Newcastle United,Liverpool,1,69,Jacob Ramsey,0.85,0.5370000076293945,0.09045211225748062,LeftFoot,OpenPlay,MissedShots
689395,EPL,Newcastle United,Liverpool,1,85,Yoane Wissa,0.8959999847412109,0.3820000076293945,0.3008303940296173,RightFoot,OpenPlay,SavedShot
689397,EPL,Newcastle United,Liverpool,1,89,Harvey Barnes,0.8340000152587891,0.65,0.060245297849178314,RightFoot,OpenPlay,BlockedShot
689361,EPL,Liverpool,Newcastle United,0,1,Florian Wirtz,0.855,0.4209999847412109,0.09328129887580872,RightFoot,OpenPlay,BlockedShot
689363,EPL,Liverpool,Newcastle United,0,8,Virgil van Dijk,0.9309999847412109,0.5109999847412109,0.05730561539530754,Head,SetPiece,BlockedShot
689364,EPL,Liverpool,Newcastle United,0,8,Cody Gakpo,0.889000015258789,0.6370000076293946,0.055657755583524704,LeftFoot,FromCorner,BlockedShot
689366,EPL,Liverpool,Newcastle United,0,17,Florian Wirtz,0.879000015258789,0.6359999847412109,0.055351514369249344,LeftFoot,OpenPlay,SavedShot
689367,EPL,Liverpool,Newcastle United,0,17,Milos Kerkez,0.7959999847412109,0.745,0.02242746576666832,LeftFoot,FromCorner,MissedShots
689369,EPL,Liverpool,Newcastle United,0,25,Dominik Szoboszlai,0.6769999694824219,0.3370000076293945,0.027728766202926636,RightFoot,DirectFreekick,BlockedShot
689370,EPL,Liverpool,Newcastle United,0,26,Cody Gakpo,0.8030000305175782,0.6819999694824219,0.027153585106134415,RightFoot,OpenPlay,BlockedShot
689371,EPL,Liverpool,Newcastle United,0,28,Milos Kerkez,0.7330000305175781,0.6580000305175782,0.0158837977796793,LeftFoot,OpenPlay,SavedShot
689374,EPL,Liverpool,Newcastle United,0,40,Ryan Gravenberch,0.7319999694824219,0.5409999847412109,0.015201340429484844,RightFoot,OpenPlay,BlockedShot
689376,EPL,Liverpool,Newcastle United,0,46,Alexander Isak,0.9880000305175781,0.4620000076293945,0.5037542581558228,Head,FromCorner,BlockedShot
689377,EPL,Liverpool,Newcastle United,0,46,Alexander Isak,0.9880000305175781,0.47200000762939454,0.7861687541007996,Head,FromCorner,SavedShot
689378,EPL,Liverpool,Newcastle United,0,46,Florian Wirtz,0.8719999694824219,0.46599998474121096,0.07640118151903152,RightFoot,FromCorner,BlockedShot
689380,EPL,Liverpool,Newcastle United,0,52,Cody Gakpo,0.7719999694824219,0.620999984741211,0.024252556264400482,RightFoot,OpenPlay,MissedShots
689381,EPL,Liverpool,Newcastle United,0,54,Cody Gakpo,0.71,0.3559999847412109,0.014872793108224869,RightFoot,OpenPlay,Goal
689382,EPL,Liverpool,Newcastle United,0,56,Rio Ngumoha,0.850999984741211,0.32799999237060545,0.05073927342891693,LeftFoot,OpenPlay,BlockedShot
689383,EPL,Liverpool,Newcastle United,0,56,Cody Gakpo,0.870999984741211,0.539000015258789,0.08386443555355072,LeftFoot,OpenPlay,BlockedShot
689384,EPL,Liverpool,Newcastle United,0,56,Ryan Gravenberch,0.789000015258789,0.4520000076293945,0.04046129807829857,LeftFoot,OpenPlay,BlockedShot
689386,EPL,Liverpool,Newcastle United,0,59,Cody Gakpo,0.77,0.6480000305175782,0.01999964937567711,RightFoot,OpenPlay,MissedShots
689387,EPL,Liverpool,Newcastle United,0,65,Virgil van Dijk,0.924000015258789,0.654000015258789,0.06562499701976776,RightFoot,SetPiece,SavedShot
689390,EPL,Liverpool,Newcastle United,0,68,Alexander Isak,0.8619999694824219,0.5270000076293946,0.08661928027868271,LeftFoot,OpenPlay,MissedShots
689392,EPL,Liverpool,Newcastle United,0,77,Víctor Muñoz,0.904000015258789,0.30700000762939456,0.026911349967122078,RightFoot,OpenPlay,BlockedShot
689393,EPL,Liverpool,Newcastle United,0,79,Dominik Szoboszlai,0.7230000305175781,0.6140000152587891,0.04264264181256294,RightFoot,DirectFreekick,BlockedShot
689394,EPL,Liverpool,Newcastle United,0,84,Alexander Isak,0.8980000305175782,0.519000015258789,0.034117721021175385,Head,OpenPlay,SavedShot
689396,EPL,Liverpool,Newcastle United,0,85,Víctor Muñoz,0.914000015258789,0.315,0.08249377459287643,RightFoot,OpenPlay,BlockedShot
689398,EPL,Liverpool,Newcastle United,0,90,Lewis Koumas,0.9009999847412109,0.76,0.05200997367501259,LeftFoot,OpenPlay,BlockedShot
689399,EPL,Liverpool,Newcastle United,0,91,Jeremie Frimpong,0.7369999694824219,0.33,0.013493696227669716,LeftFoot,FromCorner,BlockedShot
689400,EPL,Liverpool,Newcastle United,0,98,Dominik Szoboszlai,0.885,0.5,0.7611688375473022,RightFoot,Penalty,Goal
689753,EPL,Fulham,Chelsea,1,19,Joshua King,0.7619999694824219,0.35700000762939454,0.022120017558336258,RightFoot,OpenPlay,SavedShot
689754,EPL,Fulham,Chelsea,1,20,César Palacios,0.8109999847412109,0.5259999847412109,0.03983810916543007,RightFoot,FromCorner,MissedShots
689755,EPL,Fulham,Chelsea,1,21,Sander Berge,0.830999984741211,0.34,0.03691895306110382,RightFoot,OpenPlay,BlockedShot
689756,EPL,Fulham,Chelsea,1,22,Joshua King,0.889000015258789,0.29,0.048884131014347076,RightFoot,OpenPlay,Goal
689757,EPL,Fulham,Chelsea,1,26,César Palacios,0.9209999847412109,0.5509999847412109,0.12013418972492218,RightFoot,OpenPlay,BlockedShot
689758,EPL,Fulham,Chelsea,1,26,Gonzalo García,0.914000015258789,0.4859999847412109,0.14125970005989075,RightFoot,OpenPlay,BlockedShot
689764,EPL,Fulham,Chelsea,1,38,Calvin Bassey,0.7519999694824219,0.38799999237060545,0.017866402864456177,LeftFoot,OpenPlay,BlockedShot
689770,EPL,Fulham,Chelsea,1,53,Timothy Castagne,0.8880000305175781,0.4329999923706055,0.07213298976421356,LeftFoot,OpenPlay,SavedShot
689771,EPL,Fulham,Chelsea,1,53,Gonzalo García,0.955,0.48400001525878905,0.6358720660209656,Head,OpenPlay,Goal
689773,EPL,Fulham,Chelsea,1,71,Joshua King,0.8180000305175781,0.615999984741211,0.04774392396211624,RightFoot,OpenPlay,MissedShots
689774,EPL,Fulham,Chelsea,1,77,Antonee Robinson,0.8080000305175781,0.5679999923706055,0.2031559944152832,RightFoot,OpenPlay,MissedShots
689775,EPL,Fulham,Chelsea,1,83,Ryan Sessegnon,0.9530000305175781,0.6880000305175781,0.038062553852796555,LeftFoot,OpenPlay,SavedShot
689776,EPL,Fulham,Chelsea,1,92,Gonzalo García,0.75,0.51,0.023323191329836845,RightFoot,OpenPlay,BlockedShot
689778,EPL,Fulham,Chelsea,1,94,Rodrigo Muniz,0.7340000152587891,0.5820000076293945,0.01562417857348919,RightFoot,OpenPlay,SavedShot
689747,EPL,Chelsea,Fulham,0,0,João Pedro,0.8719999694824219,0.3970000076293945,0.42771875858306885,RightFoot,OpenPlay,Goal
689748,EPL,Chelsea,Fulham,0,3,Morgan Rogers,0.7580000305175781,0.48700000762939455,0.0371079184114933,RightFoot,OpenPlay,BlockedShot
689749,EPL,Chelsea,Fulham,0,3,Reece James,0.82,0.3940000152587891,0.017008908092975616,RightFoot,FromCorner,BlockedShot
689750,EPL,Chelsea,Fulham,0,5,Levi Colwill,0.8880000305175781,0.7469999694824219,0.046287089586257935,LeftFoot,OpenPlay,BlockedShot
689751,EPL,Chelsea,Fulham,0,7,Cole Palmer,0.9209999847412109,0.27899999618530275,0.08562389761209488,RightFoot,OpenPlay,SavedShot
689752,EPL,Chelsea,Fulham,0,18,Cole Palmer,0.855999984741211,0.455,0.10777656733989716,LeftFoot,OpenPlay,BlockedShot
689759,EPL,Chelsea,Fulham,0,29,João Pedro,0.894000015258789,0.4929999923706055,0.10266126692295074,RightFoot,OpenPlay,MissedShots
689760,EPL,Chelsea,Fulham,0,32,Morgan Rogers,0.8030000305175782,0.5459999847412109,0.07402676343917847,RightFoot,OpenPlay,BlockedShot
689761,EPL,Chelsea,Fulham,0,32,Reece James,0.84,0.3579999923706055,0.06608152389526367,LeftFoot,OpenPlay,SavedShot
689762,EPL,Chelsea,Fulham,0,35,Jorrel Hato,0.915,0.6170000076293946,0.034903109073638916,Head,FromCorner,BlockedShot
689763,EPL,Chelsea,Fulham,0,35,Romeo Lavia,0.9540000152587891,0.5409999847412109,0.5850690603256226,RightFoot,FromCorner,SavedShot
689765,EPL,Chelsea,Fulham,0,40,Morgan Rogers,0.9109999847412109,0.5470000076293945,0.4455546438694,RightFoot,OpenPlay,Goal
689766,EPL,Chelsea,Fulham,0,43,Cole Palmer,0.8,0.325,0.028238240629434586,LeftFoot,OpenPlay,MissedShots
689767,EPL,Chelsea,Fulham,0,46,João Pedro,0.8980000305175782,0.634000015258789,0.10599633306264877,LeftFoot,OpenPlay,BlockedShot
689768,EPL,Chelsea,Fulham,0,47,Cole Palmer,0.8819999694824219,0.32299999237060545,0.0705757662653923,LeftFoot,OpenPlay,MissedShots
689769,EPL,Chelsea,Fulham,0,48,Cole Palmer,0.9690000152587891,0.65,0.280918151140213,LeftFoot,OpenPlay,Goal
689772,EPL,Chelsea,Fulham,0,62,João Pedro,0.764000015258789,0.5070000076293946,0.03828806057572365,RightFoot,OpenPlay,MissedShots
689777,EPL,Chelsea,Fulham,0,93,Pedro Neto,0.9680000305175781,0.3039999961853027,0.05531831085681915,LeftFoot,OpenPlay,MissedShots
690072,EPL,Crystal Palace,Manchester City,1,1,Eddie Nketiah,0.935,0.6569999694824219,0.06471377611160278,LeftFoot,OpenPlay,MissedShots
690073,EPL,Crystal Palace,Manchester City,1,2,Daichi Kamada,0.8590000152587891,0.685,0.04345335438847542,RightFoot,FromCorner,BlockedShot
690074,EPL,Crystal Palace,Manchester City,1,4,Tyrick Mitchell,0.749000015258789,0.4979999923706055,0.011945555917918682,LeftFoot,OpenPlay,MissedShots
690083,EPL,Crystal Palace,Manchester City,1,32,Jørgen Strand Larsen,0.875,0.4470000076293945,0.04091828316450119,Head,SetPiece,MissedShots
690084,EPL,Crystal Palace,Manchester City,1,33,Tyrick Mitchell,0.8969999694824219,0.555,0.22518081963062286,Head,OpenPlay,MissedShots
690086,EPL,Crystal Palace,Manchester City,1,38,Chris Richards,0.8769999694824219,0.40299999237060546,0.024275168776512146,Head,SetPiece,SavedShot
690088,EPL,Crystal Palace,Manchester City,1,44,Anan Khalaili,0.7780000305175782,0.22,0.015956293791532516,LeftFoot,OpenPlay,MissedShots
690092,EPL,Crystal Palace,Manchester City,1,49,Eddie Nketiah,0.9330000305175781,0.5820000076293945,0.44644954800605774,LeftFoot,OpenPlay,MissedShots
690095,EPL,Crystal Palace,Manchester City,1,55,Yeremi Pino,0.7440000152587891,0.395,0.05373108386993408,RightFoot,DirectFreekick,ShotOnPost
690075,EPL,Manchester City,Crystal Palace,0,6,Elliot Anderson,0.8119999694824219,0.6880000305175781,0.026843590661883354,RightFoot,FromCorner,SavedShot
690076,EPL,Manchester City,Crystal Palace,0,6,Rúben Dias,0.904000015258789,0.38799999237060545,0.07788559049367905,RightFoot,FromCorner,SavedShot
690077,EPL,Manchester City,Crystal Palace,0,6,Erling Haaland,0.8969999694824219,0.4590000152587891,0.08807313442230225,LeftFoot,FromCorner,BlockedShot
690078,EPL,Manchester City,Crystal Palace,0,7,Erling Haaland,0.9109999847412109,0.5820000076293945,0.12728798389434814,LeftFoot,OpenPlay,MissedShots
690079,EPL,Manchester City,Crystal Palace,0,16,Erling Haaland,0.914000015258789,0.45,0.2870340645313263,Head,OpenPlay,Goal
690080,EPL,Manchester City,Crystal Palace,0,20,Phil Foden,0.8640000152587891,0.39599998474121095,0.3418318033218384,LeftFoot,OpenPlay,MissedShots
690081,EPL,Manchester City,Crystal Palace,0,21,Nico O&#039;Reilly,0.6840000152587891,0.514000015258789,0.009585893712937832,LeftFoot,OpenPlay,MissedShots
690082,EPL,Manchester City,Crystal Palace,0,27,Phil Foden,0.93,0.4640000152587891,0.45522600412368774,OtherBodyPart,OpenPlay,MissedShots
690085,EPL,Manchester City,Crystal Palace,0,37,Antoine Semenyo,0.889000015258789,0.7419999694824219,0.0437023900449276,LeftFoot,OpenPlay,SavedShot
690087,EPL,Manchester City,Crystal Palace,0,43,Erling Haaland,0.924000015258789,0.5679999923706055,0.059675149619579315,Head,OpenPlay,MissedShots
690089,EPL,Manchester City,Crystal Palace,0,46,Mathis Cherki,0.8280000305175781,0.5679999923706055,0.07667730003595352,RightFoot,OpenPlay,SavedShot
690090,EPL,Manchester City,Crystal Palace,0,46,Antoine Semenyo,0.9319999694824219,0.6819999694824219,0.08395189791917801,LeftFoot,OpenPlay,BlockedShot
690091,EPL,Manchester City,Crystal Palace,0,47,Phil Foden,0.794000015258789,0.665,0.03678138926625252,LeftFoot,FromCorner,BlockedShot
690093,EPL,Manchester City,Crystal Palace,0,52,Elliot Anderson,0.8730000305175781,0.3629999923706055,0.022924575954675674,RightFoot,FromCorner,MissedShots
690094,EPL,Manchester City,Crystal Palace,0,53,Mathis Cherki,0.9309999847412109,0.45099998474121095,0.4971903860569,LeftFoot,OpenPlay,Goal
690096,EPL,Manchester City,Crystal Palace,0,55,Gianluigi Donnarumma,0.01899999976158142,0.5129999923706055,0,OtherBodyPart,SetPiece,OwnGoal
690097,EPL,Manchester City,Crystal Palace,0,58,Mathis Cherki,0.7730000305175782,0.34900001525878904,0.028366226702928543,RightFoot,OpenPlay,Goal
690098,EPL,Manchester City,Crystal Palace,0,82,Ryan McAidoo,0.7959999847412109,0.3820000076293945,0.18103788793087006,LeftFoot,OpenPlay,MissedShots
690099,EPL,Manchester City,Crystal Palace,0,83,Erling Haaland,0.9369999694824219,0.6129999923706054,0.12463371455669403,LeftFoot,OpenPlay,Goal
690165,EPL,Liverpool,Nottingham Forest,1,21,Víctor Muñoz,0.7859999847412109,0.8280000305175781,0.016056915745139122,RightFoot,OpenPlay,MissedShots
690168,EPL,Liverpool,Nottingham Forest,1,28,Dominik Szoboszlai,0.8180000305175781,0.38799999237060545,0.0431804358959198,RightFoot,OpenPlay,BlockedShot
690169,EPL,Liverpool,Nottingham Forest,1,38,Florian Wirtz,0.9109999847412109,0.5559999847412109,0.08035825192928314,Head,OpenPlay,SavedShot
690170,EPL,Liverpool,Nottingham Forest,1,44,Víctor Muñoz,0.8769999694824219,0.6179999923706054,0.0618557333946228,RightFoot,OpenPlay,MissedShots
690173,EPL,Liverpool,Nottingham Forest,1,46,Alexander Isak,0.9269999694824219,0.40299999237060546,0.04526948556303978,Head,FromCorner,BlockedShot
690174,EPL,Liverpool,Nottingham Forest,1,47,Florian Wirtz,0.9259999847412109,0.519000015258789,0.10245111584663391,RightFoot,OpenPlay,BlockedShot
690176,EPL,Liverpool,Nottingham Forest,1,59,Alexander Isak,0.965,0.5359999847412109,0.6440567374229431,LeftFoot,OpenPlay,Goal
690177,EPL,Liverpool,Nottingham Forest,1,62,Dominik Szoboszlai,0.6940000152587891,0.4859999847412109,0.01351889967918396,RightFoot,OpenPlay,MissedShots
690180,EPL,Liverpool,Nottingham Forest,1,73,Konstantinos Tsimikas,0.81,0.5220000076293946,0.04438825324177742,RightFoot,OpenPlay,SavedShot
690181,EPL,Liverpool,Nottingham Forest,1,77,Alexander Isak,0.895,0.4379999923706055,0.07493013888597488,LeftFoot,OpenPlay,MissedShots
690182,EPL,Liverpool,Nottingham Forest,1,78,Víctor Muñoz,0.845999984741211,0.37,0.04778740927577019,LeftFoot,OpenPlay,BlockedShot
690183,EPL,Liverpool,Nottingham Forest,1,81,Víctor Muñoz,0.8869999694824219,0.33599998474121096,0.0612611249089241,RightFoot,OpenPlay,Goal
690185,EPL,Liverpool,Nottingham Forest,1,85,Dominik Szoboszlai,0.7580000305175781,0.7140000152587891,0.044090867042541504,RightFoot,DirectFreekick,MissedShots
690161,EPL,Nottingham Forest,Liverpool,0,10,Igor Jesus,0.9769999694824218,0.5109999847412109,0.8410946726799011,RightFoot,OpenPlay,BlockedShot
690162,EPL,Nottingham Forest,Liverpool,0,15,Igor Jesus,0.8930000305175781,0.3509999847412109,0.09403857588768005,RightFoot,OpenPlay,BlockedShot
690163,EPL,Nottingham Forest,Liverpool,0,16,Xaver Schlager,0.799000015258789,0.4379999923706055,0.027994373813271523,LeftFoot,FromCorner,BlockedShot
690164,EPL,Nottingham Forest,Liverpool,0,18,Dan Ndoye,0.9519999694824218,0.6029999923706054,0.2299349457025528,Head,OpenPlay,MissedShots
690166,EPL,Nottingham Forest,Liverpool,0,23,Xaver Schlager,0.87,0.29100000381469726,0.01619628630578518,RightFoot,OpenPlay,BlockedShot
690167,EPL,Nottingham Forest,Liverpool,0,23,Dan Ndoye,0.8930000305175781,0.664000015258789,0.2842428684234619,RightFoot,OpenPlay,Goal
690171,EPL,Nottingham Forest,Liverpool,0,47,Igor Jesus,0.8730000305175781,0.4259999847412109,0.10722021758556366,RightFoot,OpenPlay,SavedShot
690172,EPL,Nottingham Forest,Liverpool,0,48,Murillo,0.9530000305175781,0.46599998474121096,0.07613199204206467,Head,FromCorner,BlockedShot
690175,EPL,Nottingham Forest,Liverpool,0,47,Dan Ndoye,0.8630000305175781,0.375,0.13306553661823273,LeftFoot,OpenPlay,MissedShots
690178,EPL,Nottingham Forest,Liverpool,0,67,Neco Williams,0.915,0.6790000152587891,0.23647798597812653,RightFoot,OpenPlay,MissedShots
690179,EPL,Nottingham Forest,Liverpool,0,69,Morgan Gibbs-White,0.885,0.5,0.7611688375473022,RightFoot,Penalty,Goal
690184,EPL,Nottingham Forest,Liverpool,0,82,Liam Delap,0.8590000152587891,0.6409999847412109,0.07180210947990417,LeftFoot,OpenPlay,BlockedShot
690383,EPL,Coventry,Hull,1,3,Taiwo Awoniyi,0.9230000305175782,0.7030000305175781,0.11202238500118256,LeftFoot,OpenPlay,BlockedShot
690384,EPL,Coventry,Hull,1,5,Loum Tchaouna,0.7809999847412109,0.3890000152587891,0.02809031493961811,LeftFoot,OpenPlay,MissedShots
690385,EPL,Coventry,Hull,1,6,Jack Rudoni,0.7669999694824219,0.5220000076293946,0.025336887687444687,LeftFoot,OpenPlay,BlockedShot
690386,EPL,Coventry,Hull,1,17,Caleb Yirenkyi,0.8930000305175781,0.4420000076293945,0.029757032170891762,Head,OpenPlay,BlockedShot
690388,EPL,Coventry,Hull,1,21,Taiwo Awoniyi,0.91,0.5159999847412109,0.058165546506643295,Head,OpenPlay,SavedShot
690389,EPL,Coventry,Hull,1,21,Aurèle Amenda,0.6730000305175782,0.54,0.01105454657226801,RightFoot,OpenPlay,MissedShots
690390,EPL,Coventry,Hull,1,34,Taiwo Awoniyi,0.9309999847412109,0.56,0.12977942824363708,Head,OpenPlay,MissedShots
690391,EPL,Coventry,Hull,1,37,Taiwo Awoniyi,0.96,0.519000015258789,0.639894962310791,LeftFoot,OpenPlay,SavedShot
690393,EPL,Coventry,Hull,1,69,Tatsuhiro Sakamoto,0.8319999694824218,0.27,0.027806278318166733,LeftFoot,OpenPlay,BlockedShot
690394,EPL,Coventry,Hull,1,70,Matt Grimes,0.8269999694824218,0.255,0.025002753362059593,LeftFoot,FromCorner,BlockedShot
690398,EPL,Coventry,Hull,1,90,Jay Dasilva,0.9159999847412109,0.524000015258789,0.09541922062635422,Head,OpenPlay,SavedShot
690387,EPL,Hull,Coventry,0,20,Elliot Stroud,0.7330000305175781,0.6120000076293945,0.018640276044607162,LeftFoot,OpenPlay,MissedShots
690392,EPL,Hull,Coventry,0,49,Nobel Mendy,0.7319999694824219,0.5329999923706055,0.010962210595607758,LeftFoot,OpenPlay,SavedShot
690395,EPL,Hull,Coventry,0,73,Liam Millar,0.830999984741211,0.5379999923706055,0.09334183484315872,RightFoot,OpenPlay,MissedShots
690396,EPL,Hull,Coventry,0,78,Mohamed Belloumi,0.9840000152587891,0.40599998474121096,0.07204056531190872,RightFoot,OpenPlay,MissedShots
690397,EPL,Hull,Coventry,0,81,Liam Millar,0.8190000152587891,0.51,0.25825852155685425,RightFoot,OpenPlay,Goal
690399,EPL,Hull,Coventry,0,94,Liam Millar,0.47400001525878904,0.9440000152587891,0.0064826589077711105,LeftFoot,OpenPlay,MissedShots
690400,EPL,Bournemouth,Everton,1,3,Justin Kluivert,0.8569999694824219,0.4279999923706055,0.055498939007520676,RightFoot,OpenPlay,MissedShots
690404,EPL,Bournemouth,Everton,1,14,Rayan,0.9540000152587891,0.35200000762939454,0.2741532027721405,LeftFoot,OpenPlay,SavedShot
690409,EPL,Bournemouth,Everton,1,21,Rayan,0.7630000305175781,0.27399999618530274,0.01554732583463192,LeftFoot,OpenPlay,MissedShots
690410,EPL,Bournemouth,Everton,1,24,Justin Kluivert,0.8109999847412109,0.36200000762939455,0.037778835743665695,RightFoot,OpenPlay,SavedShot
690412,EPL,Bournemouth,Everton,1,32,Rayan,0.8119999694824219,0.28600000381469726,0.025550469756126404,LeftFoot,OpenPlay,BlockedShot
690413,EPL,Bournemouth,Everton,1,33,Marcus Tavernier,0.840999984741211,0.6509999847412109,0.07765740901231766,RightFoot,OpenPlay,MissedShots
690414,EPL,Bournemouth,Everton,1,40,Alex Scott,0.840999984741211,0.42900001525878906,0.1141183078289032,RightFoot,OpenPlay,Goal
690417,EPL,Bournemouth,Everton,1,56,Justin Kluivert,0.8440000152587891,0.4420000076293945,0.09085579216480255,LeftFoot,OpenPlay,BlockedShot
690418,EPL,Bournemouth,Everton,1,71,António Silva,0.975999984741211,0.539000015258789,0.14023728668689728,Head,FromCorner,MissedShots
690419,EPL,Bournemouth,Everton,1,74,Marcus Tavernier,0.8540000152587891,0.6940000152587891,0.047812581062316895,LeftFoot,OpenPlay,BlockedShot
690420,EPL,Bournemouth,Everton,1,75,Justin Kluivert,0.9730000305175781,0.515,0.6308985948562622,OtherBodyPart,FromCorner,SavedShot
690421,EPL,Bournemouth,Everton,1,78,Rayan,0.889000015258789,0.40700000762939453,0.14590196311473846,LeftFoot,OpenPlay,SavedShot
690422,EPL,Bournemouth,Everton,1,78,Evanilson,0.8569999694824219,0.5790000152587891,0.1356477588415146,LeftFoot,OpenPlay,BlockedShot
690423,EPL,Bournemouth,Everton,1,79,Evanilson,0.960999984741211,0.5029999923706054,0.061676301062107086,Head,FromCorner,BlockedShot
690424,EPL,Bournemouth,Everton,1,79,Evanilson,0.9619999694824218,0.425,0.051059331744909286,Head,FromCorner,MissedShots
690426,EPL,Bournemouth,Everton,1,84,Rayan,0.885,0.3629999923706055,0.34109339118003845,LeftFoot,OpenPlay,BlockedShot
690427,EPL,Bournemouth,Everton,1,84,Alex Scott,0.8040000152587891,0.5029999923706054,0.04907097667455673,RightFoot,OpenPlay,BlockedShot
690401,EPL,Everton,Bournemouth,0,8,Iliman Ndiaye,0.7430000305175781,0.34900001525878904,0.014026685617864132,RightFoot,SetPiece,MissedShots
690402,EPL,Everton,Bournemouth,0,9,Jarrad Branthwaite,0.95,0.39799999237060546,0.2326006144285202,Head,FromCorner,SavedShot
690403,EPL,Everton,Bournemouth,0,10,Kiernan Dewsbury-Hall,0.8419999694824218,0.35400001525878905,0.033647190779447556,LeftFoot,FromCorner,BlockedShot
690405,EPL,Everton,Bournemouth,0,16,Iliman Ndiaye,0.755,0.66,0.01493487786501646,RightFoot,OpenPlay,SavedShot
690406,EPL,Everton,Bournemouth,0,17,Kiernan Dewsbury-Hall,0.7619999694824219,0.37400001525878906,0.01653268188238144,LeftFoot,FromCorner,MissedShots
690407,EPL,Everton,Bournemouth,0,19,Tyrique George,0.7530000305175781,0.6370000076293946,0.015580670908093452,RightFoot,OpenPlay,SavedShot
690408,EPL,Everton,Bournemouth,0,19,Thierno Barry,0.945,0.48700000762939455,0.628536581993103,RightFoot,OpenPlay,SavedShot
690411,EPL,Everton,Bournemouth,0,28,Tyrique George,0.644000015258789,0.6880000305175781,0.010196322575211525,RightFoot,OpenPlay,MissedShots
690415,EPL,Everton,Bournemouth,0,45,Thierno Barry,0.894000015258789,0.3579999923706055,0.1114577203989029,RightFoot,OpenPlay,MissedShots
690416,EPL,Everton,Bournemouth,0,48,Thierno Barry,0.8819999694824219,0.4259999847412109,0.4050018787384033,LeftFoot,OpenPlay,SavedShot
690425,EPL,Everton,Bournemouth,0,83,Beto,0.7880000305175782,0.3390000152587891,0.04429054260253906,RightFoot,OpenPlay,MissedShots
690428,EPL,Everton,Bournemouth,0,90,James Tarkowski,0.9169999694824219,0.3679999923706055,0.06686870753765106,RightFoot,FromCorner,Goal
690429,EPL,Everton,Bournemouth,0,92,Carlos Alcaraz,0.9330000305175781,0.69,0.07964123785495758,LeftFoot,OpenPlay,MissedShots
690570,EPL,Tottenham,Newcastle United,1,14,Mathys Tel,0.8490000152587891,0.6659999847412109,0.047795552760362625,RightFoot,OpenPlay,SavedShot
690571,EPL,Tottenham,Newcastle United,1,16,Sandro Tonali,0.8669999694824219,0.629000015258789,0.06144574284553528,LeftFoot,OpenPlay,MissedShots
690572,EPL,Tottenham,Newcastle United,1,16,Pedro Porro,0.9009999847412109,0.4909999847412109,0.12865348160266876,RightFoot,OpenPlay,BlockedShot
690573,EPL,Tottenham,Newcastle United,1,21,Pedro Porro,0.799000015258789,0.62,0.02328951470553875,LeftFoot,FromCorner,MissedShots
690575,EPL,Tottenham,Newcastle United,1,32,Omar Marmoush,0.9669999694824218,0.6619999694824219,0.03534025698900223,RightFoot,FromCorner,MissedShots
690578,EPL,Tottenham,Newcastle United,1,35,Andrew Robertson,0.9569999694824218,0.6809999847412109,0.0637315958738327,LeftFoot,OpenPlay,SavedShot
690579,EPL,Tottenham,Newcastle United,1,36,Jan Paul van Hecke,0.9590000152587891,0.4259999847412109,0.29792776703834534,Head,FromCorner,SavedShot
690580,EPL,Tottenham,Newcastle United,1,43,Pedro Porro,0.8540000152587891,0.28200000762939453,0.033269088715314865,RightFoot,OpenPlay,BlockedShot
690582,EPL,Tottenham,Newcastle United,1,49,Mathys Tel,0.8209999847412109,0.61,0.04891218617558479,RightFoot,OpenPlay,BlockedShot
690584,EPL,Tottenham,Newcastle United,1,59,Omar Marmoush,0.67,0.4809999847412109,0.010825684294104576,RightFoot,OpenPlay,MissedShots
690587,EPL,Tottenham,Newcastle United,1,66,Mathys Tel,0.7630000305175781,0.54,0.07467681914567947,RightFoot,DirectFreekick,MissedShots
690588,EPL,Tottenham,Newcastle United,1,69,Pedro Porro,0.7930000305175782,0.31,0.021364135667681694,RightFoot,OpenPlay,MissedShots
690589,EPL,Tottenham,Newcastle United,1,70,Mateus Fernandes,0.7619999694824219,0.46700000762939453,0.01884469948709011,RightFoot,FromCorner,MissedShots
690592,EPL,Tottenham,Newcastle United,1,84,Mikey Moore,0.815,0.7709999847412109,0.0171677116304636,RightFoot,OpenPlay,MissedShots
690593,EPL,Tottenham,Newcastle United,1,86,Omar Marmoush,0.9069999694824219,0.5990000152587891,0.06288118660449982,LeftFoot,OpenPlay,SavedShot
690594,EPL,Tottenham,Newcastle United,1,87,Mohammed Kudus,0.8780000305175781,0.31,0.054617989808321,LeftFoot,OpenPlay,BlockedShot
690595,EPL,Tottenham,Newcastle United,1,91,Dominic Solanke,0.91,0.529000015258789,0.1275281012058258,LeftFoot,OpenPlay,BlockedShot
690568,EPL,Newcastle United,Tottenham,0,0,Anthony Elanga,0.9480000305175781,0.325,0.06358007341623306,RightFoot,OpenPlay,MissedShots
690569,EPL,Newcastle United,Tottenham,0,8,Harvey Barnes,0.8109999847412109,0.5220000076293946,0.055010974407196045,RightFoot,OpenPlay,MissedShots
690574,EPL,Newcastle United,Tottenham,0,23,Joe Willock,0.799000015258789,0.5840000152587891,0.04030807316303253,RightFoot,OpenPlay,MissedShots
690576,EPL,Newcastle United,Tottenham,0,32,Joe Willock,0.9569999694824218,0.6930000305175781,0.05648835003376007,RightFoot,OpenPlay,MissedShots
690577,EPL,Newcastle United,Tottenham,0,33,Yoane Wissa,0.9590000152587891,0.435,0.1150919497013092,Head,FromCorner,MissedShots
690581,EPL,Newcastle United,Tottenham,0,48,Lewis Hall,0.845999984741211,0.6379999923706055,0.05639347434043884,RightFoot,OpenPlay,MissedShots
690583,EPL,Newcastle United,Tottenham,0,54,Sven Botman,0.7080000305175781,0.6,0.014679277315735817,LeftFoot,OpenPlay,BlockedShot
690585,EPL,Newcastle United,Tottenham,0,60,Joe Willock,0.74,0.24899999618530275,0.013619194738566875,RightFoot,OpenPlay,MissedShots
690586,EPL,Newcastle United,Tottenham,0,61,Anthony Elanga,0.8730000305175781,0.43099998474121093,0.07757652550935745,LeftFoot,OpenPlay,Goal
690590,EPL,Newcastle United,Tottenham,0,71,Nick Woltemade,0.91,0.6220000076293946,0.018908239901065826,Head,FromCorner,BlockedShot
690591,EPL,Newcastle United,Tottenham,0,71,Yoane Wissa,0.975,0.5729999923706055,0.5074549913406372,RightFoot,FromCorner,Goal
691039,EPL,Sunderland,Fulham,1,5,Enzo Le Fée,0.9159999847412109,0.705999984741211,0.04888460040092468,LeftFoot,OpenPlay,MissedShots
691041,EPL,Sunderland,Fulham,1,16,Thomas Meunier,0.74,0.30100000381469727,0.013562630861997604,RightFoot,OpenPlay,SavedShot
691043,EPL,Sunderland,Fulham,1,31,Enzo Le Fée,0.7140000152587891,0.5670000076293945,0.012102553620934486,RightFoot,OpenPlay,MissedShots
691044,EPL,Sunderland,Fulham,1,36,Noah Sadiki,0.8119999694824219,0.529000015258789,0.019362611696124077,RightFoot,FromCorner,BlockedShot
691045,EPL,Sunderland,Fulham,1,45,Enzo Le Fée,0.9640000152587891,0.3370000076293945,0.0596764050424099,RightFoot,OpenPlay,MissedShots
691046,EPL,Sunderland,Fulham,1,51,Brian Brobbey,0.8969999694824219,0.4540000152587891,0.034076835960149765,Head,OpenPlay,MissedShots
691049,EPL,Sunderland,Fulham,1,66,Wilson Isidor,0.875,0.5890000152587891,0.02814924530684948,Head,SetPiece,MissedShots
691050,EPL,Sunderland,Fulham,1,66,Dan Ballard,0.8630000305175781,0.52,0.011443959549069405,Head,SetPiece,BlockedShot
691051,EPL,Sunderland,Fulham,1,70,Wilson Isidor,0.9069999694824219,0.435,0.5389295220375061,RightFoot,OpenPlay,ShotOnPost
691053,EPL,Sunderland,Fulham,1,74,Wilson Isidor,0.9080000305175782,0.49599998474121093,0.4507821798324585,RightFoot,OpenPlay,Goal
691054,EPL,Sunderland,Fulham,1,80,Enzo Le Fée,0.9390000152587891,0.655,0.08184147626161575,LeftFoot,OpenPlay,SavedShot
691061,EPL,Sunderland,Fulham,1,92,Romaine Mundle,0.9109999847412109,0.7080000305175781,0.2634761333465576,RightFoot,SetPiece,SavedShot
691040,EPL,Fulham,Sunderland,0,14,Alex Iwobi,0.754000015258789,0.6940000152587891,0.01274334080517292,RightFoot,FromCorner,BlockedShot
691042,EPL,Fulham,Sunderland,0,25,Joshua King,0.914000015258789,0.6409999847412109,0.2936722934246063,LeftFoot,OpenPlay,MissedShots
691047,EPL,Fulham,Sunderland,0,56,Gonzalo García,0.8969999694824219,0.629000015258789,0.323523610830307,LeftFoot,OpenPlay,BlockedShot
691048,EPL,Fulham,Sunderland,0,57,César Palacios,0.7680000305175781,0.46900001525878904,0.029633324593305588,LeftFoot,OpenPlay,MissedShots
691052,EPL,Fulham,Sunderland,0,74,Shea Charles,0.745999984741211,0.415,0.01953808031976223,RightFoot,OpenPlay,BlockedShot
691055,EPL,Fulham,Sunderland,0,83,Ryan Sessegnon,0.825999984741211,0.28600000381469726,0.030016185715794563,LeftFoot,OpenPlay,BlockedShot
691056,EPL,Fulham,Sunderland,0,86,Gonzalo García,0.955,0.549000015258789,0.1291707456111908,Head,FromCorner,BlockedShot
691057,EPL,Fulham,Sunderland,0,86,Joshua King,0.8590000152587891,0.580999984741211,0.025764714926481247,RightFoot,FromCorner,BlockedShot
691058,EPL,Fulham,Sunderland,0,86,Shea Charles,0.9169999694824219,0.4909999847412109,0.042906176298856735,Head,OpenPlay,MissedShots
691059,EPL,Fulham,Sunderland,0,90,Emile Smith-Rowe,0.855,0.46700000762939453,0.06059261038899422,LeftFoot,OpenPlay,BlockedShot
691060,EPL,Fulham,Sunderland,0,90,Gonzalo García,0.8859999847412109,0.37,0.060130808502435684,RightFoot,OpenPlay,BlockedShot
691577,EPL,Chelsea,Brighton,1,3,João Pedro,0.97,0.4470000076293945,0.13207317888736725,Head,FromCorner,BlockedShot
691578,EPL,Chelsea,Brighton,1,3,Romeo Lavia,0.960999984741211,0.5279999923706055,0.6448930501937866,RightFoot,FromCorner,Goal
691579,EPL,Chelsea,Brighton,1,13,Pedro Neto,0.9330000305175781,0.51,0.5985720157623291,RightFoot,OpenPlay,Goal
691581,EPL,Chelsea,Brighton,1,24,João Pedro,0.905,0.47,0.5374264121055603,RightFoot,OpenPlay,MissedShots
691583,EPL,Chelsea,Brighton,1,31,João Pedro,0.9080000305175782,0.45599998474121095,0.5012772083282471,RightFoot,OpenPlay,Goal
691584,EPL,Chelsea,Brighton,1,33,Cole Palmer,0.960999984741211,0.685,0.08973434567451477,LeftFoot,OpenPlay,BlockedShot
691587,EPL,Chelsea,Brighton,1,40,João Pedro,0.914000015258789,0.66,0.08662363141775131,RightFoot,OpenPlay,BlockedShot
691588,EPL,Chelsea,Brighton,1,40,Morgan Rogers,0.84,0.64,0.030690841376781464,RightFoot,OpenPlay,BlockedShot
691589,EPL,Chelsea,Brighton,1,41,Morgan Rogers,0.8019999694824219,0.495,0.048375263810157776,LeftFoot,OpenPlay,MissedShots
691592,EPL,Chelsea,Brighton,1,48,João Pedro,0.8980000305175782,0.6029999923706054,0.12383171170949936,RightFoot,OpenPlay,BlockedShot
691595,EPL,Chelsea,Brighton,1,56,Cole Palmer,0.8909999847412109,0.6320000076293946,0.10145371407270432,LeftFoot,OpenPlay,BlockedShot
691596,EPL,Chelsea,Brighton,1,57,Pedro Neto,0.9740000152587891,0.35200000762939454,0.11587700992822647,LeftFoot,OpenPlay,SavedShot
691597,EPL,Chelsea,Brighton,1,57,Cole Palmer,0.9569999694824218,0.46799999237060547,0.6661861538887024,LeftFoot,OpenPlay,MissedShots
691600,EPL,Chelsea,Brighton,1,62,João Pedro,0.08899999618530273,0.65,0,LeftFoot,FromCorner,OwnGoal
691603,EPL,Chelsea,Brighton,1,70,Maxence Lacroix,0.8809999847412109,0.5620000076293945,0.012817279435694218,Head,SetPiece,MissedShots
691604,EPL,Chelsea,Brighton,1,71,Morgan Rogers,0.8980000305175782,0.6459999847412109,0.10004710406064987,RightFoot,OpenPlay,BlockedShot
691605,EPL,Chelsea,Brighton,1,73,Cole Palmer,0.794000015258789,0.5170000076293946,0.052395544946193695,LeftFoot,OpenPlay,Goal
691607,EPL,Chelsea,Brighton,1,85,Valentín Barco,0.85,0.33599998474121096,0.07445957511663437,LeftFoot,OpenPlay,MissedShots
691580,EPL,Brighton,Chelsea,0,23,Maxim De Cuyper,0.8809999847412109,0.73,0.04384263604879379,LeftFoot,OpenPlay,BlockedShot
691582,EPL,Brighton,Chelsea,0,28,Malick Yalcouyé,0.924000015258789,0.519000015258789,0.3122384250164032,LeftFoot,OpenPlay,SavedShot
691585,EPL,Brighton,Chelsea,0,34,Charalampos Kostoulas,0.9290000152587891,0.34900001525878904,0.2635147273540497,RightFoot,OpenPlay,SavedShot
691586,EPL,Brighton,Chelsea,0,34,Malick Yalcouyé,0.914000015258789,0.4379999923706055,0.335125595331192,RightFoot,OpenPlay,Goal
691590,EPL,Brighton,Chelsea,0,44,Diego Gómez,0.914000015258789,0.44799999237060545,0.474634051322937,Head,OpenPlay,MissedShots
691591,EPL,Brighton,Chelsea,0,46,Luka Vuskovic,0.6969999694824218,0.4809999847412109,0.009756007231771946,RightFoot,OpenPlay,MissedShots
691593,EPL,Brighton,Chelsea,0,53,Diego Gómez,0.8419999694824218,0.45599998474121095,0.05175294354557991,RightFoot,OpenPlay,MissedShots
691594,EPL,Brighton,Chelsea,0,55,Diego Gómez,0.9430000305175781,0.40299999237060546,0.16983604431152344,Head,SetPiece,MissedShots
691598,EPL,Brighton,Chelsea,0,59,Mats Wieffer,0.855999984741211,0.34200000762939453,0.03451395407319069,RightFoot,OpenPlay,MissedShots
691599,EPL,Brighton,Chelsea,0,61,Diego Gómez,0.8580000305175781,0.305,0.020291049033403397,RightFoot,OpenPlay,SavedShot
691601,EPL,Brighton,Chelsea,0,64,Diego Gómez,0.860999984741211,0.315,0.03991176187992096,RightFoot,OpenPlay,MissedShots
691602,EPL,Brighton,Chelsea,0,68,Olivier Boscagli,0.8219999694824218,0.3990000152587891,0.043031834065914154,RightFoot,OpenPlay,SavedShot
691606,EPL,Brighton,Chelsea,0,76,Ferdi Kadioglu,0.8669999694824219,0.35200000762939454,0.02121088095009327,RightFoot,FromCorner,MissedShots
691608,EPL,Brighton,Chelsea,0,93,Luka Vuskovic,0.8330000305175781,0.47200000762939454,0.015044217929244041,Head,SetPiece,MissedShots
691609,EPL,Brighton,Chelsea,0,95,Pascal Groß,0.8859999847412109,0.4540000152587891,0.045336391776800156,Head,OpenPlay,Goal
691093,EPL,Leeds,Brentford,1,4,Noah Okafor,0.8519999694824218,0.6840000152587891,0.04296794906258583,RightFoot,OpenPlay,BlockedShot
691099,EPL,Leeds,Brentford,1,20,Ethan Ampadu,0.7190000152587891,0.4829999923706055,0.013367724604904652,RightFoot,OpenPlay,MissedShots
691105,EPL,Leeds,Brentford,1,49,Noah Okafor,0.8680000305175781,0.7130000305175781,0.03512868657708168,RightFoot,OpenPlay,BlockedShot
691110,EPL,Leeds,Brentford,1,62,Harry Wilson,0.7130000305175781,0.37799999237060544,0.012687337584793568,LeftFoot,OpenPlay,BlockedShot
691111,EPL,Leeds,Brentford,1,63,James Justin,0.77,0.6129999923706054,0.017495492473244667,RightFoot,OpenPlay,SavedShot
691112,EPL,Leeds,Brentford,1,68,Daniel James,0.8230000305175781,0.5979999923706054,0.04300267621874809,LeftFoot,OpenPlay,BlockedShot
691117,EPL,Leeds,Brentford,1,72,Daniel James,0.8519999694824218,0.325,0.08762208372354507,RightFoot,OpenPlay,MissedShots
691118,EPL,Leeds,Brentford,1,76,Anton Stach,0.7440000152587891,0.5359999847412109,0.05973026528954506,RightFoot,DirectFreekick,BlockedShot
691119,EPL,Leeds,Brentford,1,78,Lukas Nmecha,0.9669999694824218,0.3390000152587891,0.039398178458213806,RightFoot,OpenPlay,MissedShots
691120,EPL,Leeds,Brentford,1,78,Dominic Calvert-Lewin,0.9680000305175781,0.5079999923706054,0.7724223732948303,LeftFoot,OpenPlay,Goal
691123,EPL,Leeds,Brentford,1,81,Daniel James,0.8240000152587891,0.31799999237060544,0.025073213502764702,LeftFoot,FromCorner,MissedShots
691124,EPL,Leeds,Brentford,1,83,Daniel James,0.865,0.26299999237060545,0.03146717697381973,RightFoot,OpenPlay,BlockedShot
691092,EPL,Brentford,Leeds,0,0,Kevin Schade,0.914000015258789,0.46,0.1076071634888649,RightFoot,OpenPlay,BlockedShot
691094,EPL,Brentford,Leeds,0,7,Thiago,0.9109999847412109,0.27100000381469724,0.04541570320725441,RightFoot,OpenPlay,SavedShot
691095,EPL,Brentford,Leeds,0,8,Keane Lewis-Potter,0.6969999694824218,0.654000015258789,0.011052285321056843,RightFoot,OpenPlay,BlockedShot
691096,EPL,Brentford,Leeds,0,9,Nathan Collins,0.8909999847412109,0.42900001525878906,0.04346467927098274,Head,FromCorner,SavedShot
691097,EPL,Brentford,Leeds,0,10,Jaidon Anthony,0.865999984741211,0.40400001525878904,0.07688100636005402,RightFoot,OpenPlay,BlockedShot
691098,EPL,Brentford,Leeds,0,13,Mikkel Damsgaard,0.9180000305175782,0.7319999694824219,0.042916882783174515,RightFoot,OpenPlay,SavedShot
691100,EPL,Brentford,Leeds,0,23,Mamadou Sangaré,0.860999984741211,0.40900001525878904,0.062281787395477295,RightFoot,SetPiece,BlockedShot
691101,EPL,Brentford,Leeds,0,39,Kevin Schade,0.9080000305175782,0.5929999923706055,0.04377560317516327,Head,OpenPlay,MissedShots
691102,EPL,Brentford,Leeds,0,40,Mamadou Sangaré,0.8490000152587891,0.5170000076293946,0.09855277836322784,LeftFoot,OpenPlay,MissedShots
691103,EPL,Brentford,Leeds,0,40,Kevin Schade,0.9109999847412109,0.5479999923706055,0.10791811347007751,RightFoot,OpenPlay,Goal
691104,EPL,Brentford,Leeds,0,45,Thiago,0.9219999694824219,0.6580000305175782,0.01093742623925209,Head,FromCorner,MissedShots
691106,EPL,Brentford,Leeds,0,54,Jaidon Anthony,0.805,0.26799999237060546,0.028878290206193924,RightFoot,OpenPlay,BlockedShot
691107,EPL,Brentford,Leeds,0,55,Nathan Collins,0.9309999847412109,0.335,0.02409551665186882,Head,OpenPlay,BlockedShot
691108,EPL,Brentford,Leeds,0,56,Nathan Collins,0.950999984741211,0.5879999923706055,0.0360872782766819,Head,FromCorner,BlockedShot
691109,EPL,Brentford,Leeds,0,56,Mikkel Damsgaard,0.9,0.4159999847412109,0.01682104356586933,Head,FromCorner,MissedShots
691113,EPL,Brentford,Leeds,0,69,Dango Ouattara,0.7580000305175781,0.28700000762939454,0.014754449017345905,LeftFoot,OpenPlay,BlockedShot
691114,EPL,Brentford,Leeds,0,70,Mamadou Sangaré,0.845999984741211,0.515,0.04397827759385109,LeftFoot,OpenPlay,BlockedShot
691115,EPL,Brentford,Leeds,0,70,Thiago,0.925,0.5070000076293946,0.05817528814077377,Head,OpenPlay,MissedShots
691116,EPL,Brentford,Leeds,0,71,Michael Kayode,0.7380000305175781,0.41200000762939454,0.022963393479585648,LeftFoot,OpenPlay,BlockedShot
691121,EPL,Brentford,Leeds,0,80,Thiago,0.9009999847412109,0.4420000076293945,0.23249663412570953,Head,OpenPlay,SavedShot
691122,EPL,Brentford,Leeds,0,80,Thiago,0.9619999694824218,0.43,0.5443413257598877,RightFoot,OpenPlay,MissedShots
691125,EPL,Brentford,Leeds,0,90,Callum Wilson,0.8440000152587891,0.46099998474121096,0.06660652905702591,RightFoot,OpenPlay,BlockedShot
691310,EPL,Manchester United,Ipswich,1,5,Marcus Rashford,0.7030000305175781,0.5729999923706055,0.00887780450284481,RightFoot,OpenPlay,SavedShot
691311,EPL,Manchester United,Ipswich,1,6,Matheus Cunha,0.815,0.6379999923706055,0.030591942369937897,RightFoot,OpenPlay,MissedShots
691312,EPL,Manchester United,Ipswich,1,11,Diogo Dalot,0.855999984741211,0.34200000762939453,0.09107541292905807,LeftFoot,OpenPlay,SavedShot
691314,EPL,Manchester United,Ipswich,1,13,Bruno Fernandes,0.865,0.36,0.10431421548128128,RightFoot,OpenPlay,BlockedShot
691315,EPL,Manchester United,Ipswich,1,16,Youri Tielemans,0.785,0.21200000762939453,0.013249454088509083,RightFoot,OpenPlay,BlockedShot
691316,EPL,Manchester United,Ipswich,1,19,Marcus Rashford,0.69,0.56,0.03398694097995758,RightFoot,DirectFreekick,MissedShots
691319,EPL,Manchester United,Ipswich,1,25,Bruno Fernandes,0.7269999694824218,0.620999984741211,0.04369576647877693,RightFoot,DirectFreekick,BlockedShot
691320,EPL,Manchester United,Ipswich,1,26,Marcus Rashford,0.975999984741211,0.6029999923706054,0.07685784250497818,RightFoot,OpenPlay,MissedShots
691324,EPL,Manchester United,Ipswich,1,39,Bruno Fernandes,0.8680000305175781,0.610999984741211,0.5706879496574402,LeftFoot,OpenPlay,Goal
691325,EPL,Manchester United,Ipswich,1,44,Diogo Dalot,0.745,0.3390000152587891,0.01936420053243637,RightFoot,OpenPlay,MissedShots
691326,EPL,Manchester United,Ipswich,1,45,Lisandro Martínez,0.725,0.495,0.014901276677846909,LeftFoot,OpenPlay,MissedShots
691328,EPL,Manchester United,Ipswich,1,51,Bryan Mbeumo,0.9880000305175781,0.46900001525878904,0.9380573630332947,RightFoot,OpenPlay,ShotOnPost
691329,EPL,Manchester United,Ipswich,1,51,Youri Tielemans,0.955,0.5270000076293946,0.16518346965312958,LeftFoot,OpenPlay,BlockedShot
691330,EPL,Manchester United,Ipswich,1,52,Kobbie Mainoo,0.860999984741211,0.5120000076293946,0.06977096199989319,RightFoot,FromCorner,BlockedShot
691331,EPL,Manchester United,Ipswich,1,52,Diogo Dalot,0.8490000152587891,0.495,0.06670652329921722,RightFoot,FromCorner,BlockedShot
691332,EPL,Manchester United,Ipswich,1,52,Kobbie Mainoo,0.8119999694824219,0.525,0.03593793883919716,LeftFoot,FromCorner,BlockedShot
691333,EPL,Manchester United,Ipswich,1,53,Youri Tielemans,0.749000015258789,0.4379999923706055,0.02079901099205017,RightFoot,OpenPlay,SavedShot
691334,EPL,Manchester United,Ipswich,1,55,Bryan Mbeumo,0.9169999694824219,0.49900001525878906,0.06788795441389084,Head,OpenPlay,BlockedShot
691335,EPL,Manchester United,Ipswich,1,55,Harry Maguire,0.860999984741211,0.2720000076293945,0.031123459339141846,RightFoot,OpenPlay,MissedShots
691337,EPL,Manchester United,Ipswich,1,60,Bruno Fernandes,0.885,0.5,0.7611688375473022,RightFoot,Penalty,Goal
691338,EPL,Manchester United,Ipswich,1,63,Marcus Rashford,0.955999984741211,0.615,0.2959602475166321,RightFoot,OpenPlay,SavedShot
691339,EPL,Manchester United,Ipswich,1,63,Diogo Dalot,0.914000015258789,0.5790000152587891,0.049820564687252045,Head,FromCorner,MissedShots
691340,EPL,Manchester United,Ipswich,1,67,Kobbie Mainoo,0.774000015258789,0.6359999847412109,0.022569898515939713,RightFoot,OpenPlay,BlockedShot
691341,EPL,Manchester United,Ipswich,1,67,Bryan Mbeumo,0.8590000152587891,0.41900001525878905,0.06102018803358078,LeftFoot,OpenPlay,BlockedShot
691342,EPL,Manchester United,Ipswich,1,67,Bruno Fernandes,0.9369999694824219,0.5520000076293945,0.5881048440933228,RightFoot,OpenPlay,Goal
691343,EPL,Manchester United,Ipswich,1,69,Bruno Fernandes,0.52,0.435,0.011031469330191612,RightFoot,OpenPlay,MissedShots
691344,EPL,Manchester United,Ipswich,1,75,Bryan Mbeumo,0.8859999847412109,0.27600000381469725,0.05000642314553261,LeftFoot,OpenPlay,BlockedShot
691345,EPL,Manchester United,Ipswich,1,76,Bruno Fernandes,0.779000015258789,0.654000015258789,0.04186717048287392,RightFoot,OpenPlay,BlockedShot
691346,EPL,Manchester United,Ipswich,1,76,Matheus Cunha,0.9019999694824219,0.3290000152587891,0.08398138731718063,RightFoot,OpenPlay,SavedShot
691347,EPL,Manchester United,Ipswich,1,80,Bruno Fernandes,0.7669999694824219,0.35200000762939454,0.08545621484518051,RightFoot,OpenPlay,BlockedShot
691348,EPL,Manchester United,Ipswich,1,81,Bryan Mbeumo,0.7719999694824219,0.3290000152587891,0.3359232246875763,LeftFoot,OpenPlay,Goal
691349,EPL,Manchester United,Ipswich,1,85,Patrick Dorgu,0.9680000305175781,0.590999984741211,0.18693318963050842,Head,OpenPlay,SavedShot
691352,EPL,Manchester United,Ipswich,1,96,Patrick Dorgu,0.855999984741211,0.695,0.0985427126288414,LeftFoot,OpenPlay,SavedShot
691313,EPL,Ipswich,Manchester United,0,12,Julio Enciso,0.8430000305175781,0.4909999847412109,0.5151225328445435,LeftFoot,OpenPlay,SavedShot
691317,EPL,Ipswich,Manchester United,0,22,Daizen Maeda,0.865999984741211,0.6930000305175781,0.10865644365549088,LeftFoot,OpenPlay,SavedShot
691318,EPL,Ipswich,Manchester United,0,22,Dara O&#039;Shea,0.9790000152587891,0.6129999923706054,0.018843594938516617,Head,FromCorner,MissedShots
691321,EPL,Ipswich,Manchester United,0,28,Leif Davis,0.89,0.5929999923706055,0.31059229373931885,LeftFoot,OpenPlay,Goal
691322,EPL,Ipswich,Manchester United,0,30,Leif Davis,0.970999984741211,0.5840000152587891,0.3500528335571289,LeftFoot,OpenPlay,SavedShot
691323,EPL,Ipswich,Manchester United,0,31,Sasa Lukic,0.8059999847412109,0.63,0.03799659386277199,RightFoot,FromCorner,BlockedShot
691327,EPL,Ipswich,Manchester United,0,49,Julio Enciso,0.7330000305175781,0.4370000076293945,0.021308358758687973,RightFoot,OpenPlay,MissedShots
691336,EPL,Ipswich,Manchester United,0,55,Jacob Greaves,0.08899999618530273,0.54,0,RightFoot,OpenPlay,OwnGoal
691350,EPL,Ipswich,Manchester United,0,90,Julio Enciso,0.7719999694824219,0.32299999237060545,0.01357230730354786,RightFoot,OpenPlay,MissedShots
691351,EPL,Ipswich,Manchester United,0,90,Chuba Akpom,0.92,0.48900001525878906,0.4293347895145416,RightFoot,OpenPlay,Goal
691696,EPL,Aston Villa,Arsenal,1,6,John McGinn,0.745999984741211,0.4329999923706055,0.020744293928146362,LeftFoot,OpenPlay,MissedShots
691699,EPL,Aston Villa,Arsenal,1,11,Emiliano Buendía,0.784000015258789,0.36400001525878906,0.02737284079194069,RightFoot,OpenPlay,ShotOnPost
691702,EPL,Aston Villa,Arsenal,1,26,Ian Maatsen,0.874000015258789,0.700999984741211,0.04204452782869339,RightFoot,OpenPlay,MissedShots
691703,EPL,Aston Villa,Arsenal,1,46,Ian Maatsen,0.919000015258789,0.7180000305175781,0.0402790792286396,LeftFoot,OpenPlay,MissedShots
691706,EPL,Aston Villa,Arsenal,1,64,Matthew Cash,0.8919999694824219,0.3890000152587891,0.07843043655157089,LeftFoot,OpenPlay,BlockedShot
691707,EPL,Aston Villa,Arsenal,1,67,Ross Barkley,0.799000015258789,0.5729999923706055,0.03606048598885536,RightFoot,OpenPlay,BlockedShot
691708,EPL,Aston Villa,Arsenal,1,69,John McGinn,0.8180000305175781,0.37200000762939456,0.03699318319559097,LeftFoot,OpenPlay,MissedShots
691697,EPL,Arsenal,Aston Villa,0,7,Myles Lewis-Skelly,0.8440000152587891,0.665,0.04720120131969452,LeftFoot,OpenPlay,BlockedShot
691698,EPL,Arsenal,Aston Villa,0,7,Gabriel,0.9359999847412109,0.4620000076293945,0.327258437871933,Head,FromCorner,MissedShots
691700,EPL,Arsenal,Aston Villa,0,12,Bukayo Saka,0.8109999847412109,0.335,0.03748276084661484,LeftFoot,OpenPlay,MissedShots
691701,EPL,Arsenal,Aston Villa,0,17,Riccardo Calafiori,0.9640000152587891,0.5770000076293945,0.04870227724313736,Head,FromCorner,MissedShots
691704,EPL,Arsenal,Aston Villa,0,56,Martin Odegaard,0.8159999847412109,0.3290000152587891,0.09088468551635742,LeftFoot,DirectFreekick,MissedShots
691705,EPL,Arsenal,Aston Villa,0,58,Bukayo Saka,0.975,0.49400001525878906,0.9377986788749695,RightFoot,OpenPlay,Goal
691709,EPL,Arsenal,Aston Villa,0,73,Kai Havertz,0.8390000152587891,0.26399999618530273,0.03507942706346512,LeftFoot,OpenPlay,SavedShot
691975,EPL,Ipswich,Liverpool,1,10,Abdul Fatawu,0.8,0.2670000076293945,0.02027929201722145,LeftFoot,OpenPlay,MissedShots
691976,EPL,Ipswich,Liverpool,1,11,Julio Enciso,0.8,0.48900001525878906,0.05254272371530533,LeftFoot,OpenPlay,BlockedShot
691977,EPL,Ipswich,Liverpool,1,18,Julio Enciso,0.775,0.5970000076293945,0.02871275320649147,RightFoot,OpenPlay,SavedShot
691980,EPL,Ipswich,Liverpool,1,25,Emersonn,0.9569999694824218,0.55,0.1079452708363533,LeftFoot,OpenPlay,BlockedShot
691981,EPL,Ipswich,Liverpool,1,28,Julio Enciso,0.9309999847412109,0.315,0.042050883173942566,RightFoot,OpenPlay,BlockedShot
691982,EPL,Ipswich,Liverpool,1,29,Leif Davis,0.9680000305175781,0.5970000076293945,0.0750168114900589,Head,OpenPlay,MissedShots
691984,EPL,Ipswich,Liverpool,1,34,Daizen Maeda,0.9590000152587891,0.6859999847412109,0.05987730994820595,LeftFoot,OpenPlay,SavedShot
691985,EPL,Ipswich,Liverpool,1,37,Julio Enciso,0.7480000305175781,0.6990000152587891,0.013930730521678925,RightFoot,OpenPlay,MissedShots
691990,EPL,Ipswich,Liverpool,1,55,Abdul Fatawu,0.7880000305175782,0.24700000762939453,0.014056320302188396,LeftFoot,OpenPlay,MissedShots
691991,EPL,Ipswich,Liverpool,1,59,Julio Enciso,0.775,0.625999984741211,0.06281144171953201,RightFoot,OpenPlay,SavedShot
691992,EPL,Ipswich,Liverpool,1,75,Zian Flemming,0.8130000305175781,0.735,0.013968085870146751,RightFoot,OpenPlay,SavedShot
691994,EPL,Ipswich,Liverpool,1,85,Jack Clarke,0.77,0.5970000076293945,0.028472544625401497,RightFoot,OpenPlay,BlockedShot
691995,EPL,Ipswich,Liverpool,1,93,Kasey McAteer,0.7569999694824219,0.42,0.02153969183564186,RightFoot,OpenPlay,SavedShot
691996,EPL,Ipswich,Liverpool,1,94,Julio Enciso,0.8080000305175781,0.575,0.05676797404885292,RightFoot,OpenPlay,MissedShots
691973,EPL,Liverpool,Ipswich,0,5,Alexander Isak,0.8719999694824219,0.33599998474121096,0.12043468654155731,RightFoot,OpenPlay,Goal
691974,EPL,Liverpool,Ipswich,0,8,Alexander Isak,0.8619999694824219,0.6719999694824219,0.12743650376796722,LeftFoot,OpenPlay,Goal
691978,EPL,Liverpool,Ipswich,0,19,Dominik Szoboszlai,0.7930000305175782,0.5459999847412109,0.06221974641084671,RightFoot,OpenPlay,SavedShot
691979,EPL,Liverpool,Ipswich,0,22,Dominik Szoboszlai,0.8069999694824219,0.45099998474121095,0.07020099461078644,RightFoot,OpenPlay,SavedShot
691983,EPL,Liverpool,Ipswich,0,30,Alexis Mac Allister,0.7809999847412109,0.52,0.04866962507367134,RightFoot,OpenPlay,MissedShots
691986,EPL,Liverpool,Ipswich,0,39,Dominik Szoboszlai,0.7190000152587891,0.26799999237060546,0.015701359137892723,RightFoot,OpenPlay,SavedShot
691987,EPL,Liverpool,Ipswich,0,41,Florian Wirtz,0.785,0.585999984741211,0.026582419872283936,RightFoot,SetPiece,SavedShot
691988,EPL,Liverpool,Ipswich,0,46,Florian Wirtz,0.8369999694824218,0.43200000762939456,0.1193745955824852,RightFoot,OpenPlay,BlockedShot
691989,EPL,Liverpool,Ipswich,0,46,Alexis Mac Allister,0.89,0.44400001525878907,0.03471611812710762,Head,FromCorner,SavedShot
691993,EPL,Liverpool,Ipswich,0,76,Cody Gakpo,0.874000015258789,0.3870000076293945,0.11880272626876831,LeftFoot,OpenPlay,BlockedShot
692051,EPL,Newcastle United,Bournemouth,1,7,Amar Dedic,0.95,0.34299999237060547,0.1145160123705864,RightFoot,OpenPlay,BlockedShot
692063,EPL,Newcastle United,Bournemouth,1,34,Malick Thiaw,0.04199999809265137,0.4329999923706055,0,RightFoot,OpenPlay,OwnGoal
692064,EPL,Newcastle United,Bournemouth,1,36,Harvey Barnes,0.8590000152587891,0.725,0.02420414797961712,RightFoot,OpenPlay,Goal
692065,EPL,Newcastle United,Bournemouth,1,37,Joe Willock,0.7040000152587891,0.6129999923706054,0.015637855976819992,RightFoot,OpenPlay,BlockedShot
692067,EPL,Newcastle United,Bournemouth,1,51,Joe Willock,0.95,0.47099998474121096,0.42000046372413635,Head,OpenPlay,MissedShots
692069,EPL,Newcastle United,Bournemouth,1,59,Lewis Hall,0.8109999847412109,0.34200000762939453,0.029514122754335403,LeftFoot,FromCorner,MissedShots
692072,EPL,Newcastle United,Bournemouth,1,87,Harvey Barnes,0.8719999694824219,0.5029999923706054,0.0675467774271965,RightFoot,SetPiece,MissedShots
692073,EPL,Newcastle United,Bournemouth,1,87,Jacob Ramsey,0.8440000152587891,0.5509999847412109,0.05918221175670624,RightFoot,SetPiece,Goal
692075,EPL,Newcastle United,Bournemouth,1,95,Amar Dedic,0.7219999694824218,0.425,0.045031819492578506,RightFoot,DirectFreekick,MissedShots
692050,EPL,Bournemouth,Newcastle United,0,3,Marcus Tavernier,0.7580000305175781,0.385,0.0609133206307888,LeftFoot,DirectFreekick,SavedShot
692052,EPL,Bournemouth,Newcastle United,0,8,Alex Scott,0.8269999694824218,0.4279999923706055,0.06502438336610794,RightFoot,OpenPlay,BlockedShot
692053,EPL,Bournemouth,Newcastle United,0,8,Marcus Tavernier,0.950999984741211,0.534000015258789,0.6284084916114807,LeftFoot,OpenPlay,Goal
692054,EPL,Bournemouth,Newcastle United,0,11,Evanilson,0.845999984741211,0.509000015258789,0.3753243684768677,LeftFoot,OpenPlay,MissedShots
692055,EPL,Bournemouth,Newcastle United,0,14,António Silva,0.9330000305175781,0.34599998474121096,0.01634596846997738,Head,OpenPlay,SavedShot
692056,EPL,Bournemouth,Newcastle United,0,15,Marcus Tavernier,0.8819999694824219,0.6370000076293946,0.014630881138145924,Head,OpenPlay,SavedShot
692057,EPL,Bournemouth,Newcastle United,0,16,Evanilson,0.94,0.325,0.07365848869085312,RightFoot,OpenPlay,BlockedShot
692058,EPL,Bournemouth,Newcastle United,0,25,Marcus Tavernier,0.860999984741211,0.485,0.14222076535224915,LeftFoot,OpenPlay,SavedShot
692059,EPL,Bournemouth,Newcastle United,0,30,Adam Smith,0.7280000305175781,0.4109999847412109,0.01945415511727333,LeftFoot,OpenPlay,BlockedShot
692060,EPL,Bournemouth,Newcastle United,0,30,Justin Kluivert,0.7669999694824219,0.32099998474121094,0.0244907233864069,RightFoot,OpenPlay,BlockedShot
692061,EPL,Bournemouth,Newcastle United,0,32,Adrien Truffert,0.754000015258789,0.345,0.01942419447004795,LeftFoot,FromCorner,BlockedShot
692062,EPL,Bournemouth,Newcastle United,0,34,Justin Kluivert,0.7,0.40299999237060546,0.02954043447971344,RightFoot,OpenPlay,ShotOnPost
692066,EPL,Bournemouth,Newcastle United,0,47,Rayan,0.9080000305175782,0.4229999923706055,0.05222657695412636,Head,OpenPlay,MissedShots
692068,EPL,Bournemouth,Newcastle United,0,51,Evanilson,0.9169999694824219,0.2989999961853027,0.0632498636841774,RightFoot,OpenPlay,MissedShots
692070,EPL,Bournemouth,Newcastle United,0,61,Alex Scott,0.7519999694824219,0.655,0.014415757730603218,RightFoot,OpenPlay,BlockedShot
692071,EPL,Bournemouth,Newcastle United,0,83,Marcus Tavernier,0.7319999694824219,0.34700000762939454,0.019492052495479584,LeftFoot,SetPiece,MissedShots
692074,EPL,Bournemouth,Newcastle United,0,91,Ben Doak,0.8519999694824218,0.425,0.06094876676797867,RightFoot,SetPiece,BlockedShot
692316,EPL,Manchester City,Coventry,1,15,Erling Haaland,0.8690000152587891,0.624000015258789,0.10430655628442764,LeftFoot,SetPiece,SavedShot
692317,EPL,Manchester City,Coventry,1,15,Antoine Semenyo,0.9169999694824219,0.2670000076293945,0.026489827781915665,RightFoot,SetPiece,BlockedShot
692318,EPL,Manchester City,Coventry,1,20,Josko Gvardiol,0.855,0.46599998474121096,0.008814124390482903,Head,SetPiece,BlockedShot
692319,EPL,Manchester City,Coventry,1,22,Mathis Cherki,0.8590000152587891,0.44400001525878907,0.09935545176267624,LeftFoot,OpenPlay,ShotOnPost
692322,EPL,Manchester City,Coventry,1,25,Erling Haaland,0.9319999694824219,0.5470000076293945,0.37169182300567627,Head,OpenPlay,Goal
692323,EPL,Manchester City,Coventry,1,30,Mathis Cherki,0.855,0.31799999237060544,0.059708256274461746,LeftFoot,FromCorner,BlockedShot
692324,EPL,Manchester City,Coventry,1,34,Enzo Fernández,0.8719999694824219,0.405,0.09601051360368729,RightFoot,OpenPlay,BlockedShot
692325,EPL,Manchester City,Coventry,1,34,Enzo Fernández,0.87,0.39299999237060546,0.07778331637382507,RightFoot,OpenPlay,BlockedShot
692326,EPL,Manchester City,Coventry,1,43,Erling Haaland,0.8919999694824219,0.590999984741211,0.4197343587875366,LeftFoot,OpenPlay,SavedShot
692327,EPL,Manchester City,Coventry,1,47,Iliman Ndiaye,0.894000015258789,0.6129999923706054,0.032653868198394775,Head,OpenPlay,MissedShots
692328,EPL,Manchester City,Coventry,1,51,Elliot Anderson,0.725,0.3609999847412109,0.017513422295451164,LeftFoot,OpenPlay,MissedShots
692329,EPL,Manchester City,Coventry,1,55,Mathis Cherki,0.835,0.5229999923706055,0.0788860097527504,LeftFoot,OpenPlay,BlockedShot
692334,EPL,Manchester City,Coventry,1,72,Erling Haaland,0.9230000305175782,0.4540000152587891,0.12447862327098846,LeftFoot,OpenPlay,MissedShots
692335,EPL,Manchester City,Coventry,1,77,Phil Foden,0.950999984741211,0.46599998474121096,0.6280249953269958,LeftFoot,OpenPlay,BlockedShot
692336,EPL,Manchester City,Coventry,1,77,Antoine Semenyo,0.8569999694824219,0.3220000076293945,0.05629238486289978,LeftFoot,OpenPlay,MissedShots
692314,EPL,Coventry,Manchester City,0,7,Taiwo Awoniyi,0.8109999847412109,0.5209999847412109,0.29445192217826843,RightFoot,OpenPlay,MissedShots
692315,EPL,Coventry,Manchester City,0,10,Bobby Thomas,0.899000015258789,0.51,0.06748724728822708,Head,FromCorner,MissedShots
692320,EPL,Coventry,Manchester City,0,23,Jack Rudoni,0.950999984741211,0.435,0.43853867053985596,Head,OpenPlay,SavedShot
692321,EPL,Coventry,Manchester City,0,23,Bobby Thomas,0.9769999694824218,0.5929999923706055,0.016588615253567696,Head,FromCorner,BlockedShot
692330,EPL,Coventry,Manchester City,0,63,Bobby Thomas,0.8580000305175781,0.4520000076293945,0.024099910631775856,Head,SetPiece,MissedShots
692331,EPL,Coventry,Manchester City,0,63,Ethan Pinnock,0.860999984741211,0.3970000076293945,0.0588291734457016,LeftFoot,SetPiece,MissedShots
692332,EPL,Coventry,Manchester City,0,69,Loum Tchaouna,0.8430000305175781,0.35200000762939454,0.0431971400976181,RightFoot,OpenPlay,SavedShot
692333,EPL,Coventry,Manchester City,0,69,Matt Grimes,0.7669999694824219,0.44299999237060544,0.016392763704061508,LeftFoot,OpenPlay,MissedShots
692337,EPL,Coventry,Manchester City,0,79,Ellis Simms,0.9669999694824218,0.580999984741211,0.48840323090553284,RightFoot,OpenPlay,SavedShot
692338,EPL,Coventry,Manchester City,0,81,Bobby Thomas,0.9080000305175782,0.455,0.026868723332881927,Head,FromCorner,MissedShots
692339,EPL,Coventry,Manchester City,0,88,Loum Tchaouna,0.700999984741211,0.7090000152587891,0.010463000275194645,LeftFoot,OpenPlay,BlockedShot
692340,EPL,Coventry,Manchester City,0,92,Bobby Thomas,0.720999984741211,0.46900001525878904,0.009154601953923702,RightFoot,SetPiece,BlockedShot
692342,EPL,Nottingham Forest,Tottenham,1,11,Murillo,0.8809999847412109,0.48400001525878905,0.08704864233732224,LeftFoot,FromCorner,MissedShots
692343,EPL,Nottingham Forest,Tottenham,1,13,James McAtee,0.6780000305175782,0.45099998474121095,0.023296421393752098,LeftFoot,OpenPlay,SavedShot
692346,EPL,Nottingham Forest,Tottenham,1,25,James McAtee,0.795,0.47200000762939454,0.041096437722444534,LeftFoot,OpenPlay,MissedShots
692347,EPL,Nottingham Forest,Tottenham,1,25,Morgan Gibbs-White,0.870999984741211,0.495,0.08529287576675415,RightFoot,OpenPlay,MissedShots
692348,EPL,Nottingham Forest,Tottenham,1,30,Jair,0.8,0.3340000152587891,0.013235560618340969,RightFoot,OpenPlay,MissedShots
692349,EPL,Nottingham Forest,Tottenham,1,33,Murillo,0.8930000305175781,0.5109999847412109,0.09359262883663177,LeftFoot,FromCorner,MissedShots
692350,EPL,Nottingham Forest,Tottenham,1,43,Liam Delap,0.75,0.495,0.045754704624414444,RightFoot,OpenPlay,MissedShots
692357,EPL,Nottingham Forest,Tottenham,1,64,Morgan Gibbs-White,0.9080000305175782,0.37200000762939456,0.2896759510040283,RightFoot,OpenPlay,BlockedShot
692359,EPL,Nottingham Forest,Tottenham,1,77,Xaver Schlager,0.7440000152587891,0.535,0.01758650317788124,LeftFoot,OpenPlay,MissedShots
692360,EPL,Nottingham Forest,Tottenham,1,77,Daniel Muñoz,0.815,0.3240000152587891,0.03165563941001892,RightFoot,OpenPlay,BlockedShot
692362,EPL,Nottingham Forest,Tottenham,1,81,James McAtee,0.8040000152587891,0.44400001525878907,0.043382689356803894,RightFoot,OpenPlay,BlockedShot
692363,EPL,Nottingham Forest,Tottenham,1,85,Morgan Gibbs-White,0.875,0.3240000152587891,0.060073692351579666,RightFoot,OpenPlay,BlockedShot
692341,EPL,Tottenham,Nottingham Forest,0,9,Jan Paul van Hecke,0.94,0.3940000152587891,0.04252539575099945,Head,FromCorner,MissedShots
692344,EPL,Tottenham,Nottingham Forest,0,16,Omar Marmoush,0.8340000152587891,0.39799999237060546,0.33920541405677795,RightFoot,OpenPlay,MissedShots
692345,EPL,Tottenham,Nottingham Forest,0,22,Rodrigo Bentancur,0.94,0.5940000152587891,0.03458724915981293,Head,SetPiece,MissedShots
692351,EPL,Tottenham,Nottingham Forest,0,45,Pedro Porro,0.749000015258789,0.33799999237060546,0.01364633534103632,RightFoot,OpenPlay,BlockedShot
692352,EPL,Tottenham,Nottingham Forest,0,46,Sávio,0.889000015258789,0.285,0.039072874933481216,LeftFoot,OpenPlay,BlockedShot
692353,EPL,Tottenham,Nottingham Forest,0,53,Omar Marmoush,0.789000015258789,0.5770000076293945,0.09798849374055862,RightFoot,DirectFreekick,BlockedShot
692354,EPL,Tottenham,Nottingham Forest,0,53,Micky van de Ven,0.919000015258789,0.6880000305175781,0.060057133436203,RightFoot,OpenPlay,BlockedShot
692355,EPL,Tottenham,Nottingham Forest,0,54,Micky van de Ven,0.9769999694824218,0.4909999847412109,0.6256811022758484,Head,FromCorner,MissedShots
692356,EPL,Tottenham,Nottingham Forest,0,58,Jan Paul van Hecke,0.9769999694824218,0.3940000152587891,0.04769458249211311,RightFoot,FromCorner,MissedShots
692358,EPL,Tottenham,Nottingham Forest,0,70,Omar Marmoush,0.84,0.705,0.04612572118639946,RightFoot,OpenPlay,MissedShots
692361,EPL,Tottenham,Nottingham Forest,0,80,Pedro Porro,0.529000015258789,0.06800000190734863,0.006179525051265955,RightFoot,OpenPlay,MissedShots
692364,EPL,Tottenham,Nottingham Forest,0,87,Dominic Solanke,0.9209999847412109,0.4979999923706055,0.1316954344511032,Head,OpenPlay,MissedShots
692365,EPL,Fulham,Crystal Palace,1,3,Timothy Castagne,0.840999984741211,0.3220000076293945,0.038913793861866,RightFoot,OpenPlay,MissedShots
692366,EPL,Fulham,Crystal Palace,1,10,Joshua King,0.860999984741211,0.5429999923706055,0.118539959192276,LeftFoot,OpenPlay,Goal
692371,EPL,Fulham,Crystal Palace,1,22,Alex Iwobi,0.855,0.6930000305175781,0.05310247465968132,RightFoot,OpenPlay,BlockedShot
692372,EPL,Fulham,Crystal Palace,1,23,Oscar Bobb,0.9030000305175782,0.3970000076293945,0.10064595192670822,RightFoot,OpenPlay,BlockedShot
692373,EPL,Fulham,Crystal Palace,1,23,Antonee Robinson,0.7930000305175782,0.6909999847412109,0.03105059079825878,RightFoot,OpenPlay,BlockedShot
692374,EPL,Fulham,Crystal Palace,1,26,César Palacios,0.8640000152587891,0.5429999923706055,0.09915708750486374,RightFoot,OpenPlay,BlockedShot
692375,EPL,Fulham,Crystal Palace,1,27,Timothy Castagne,0.9690000152587891,0.3970000076293945,0.05650703236460686,RightFoot,FromCorner,MissedShots
692376,EPL,Fulham,Crystal Palace,1,30,Gonzalo García,0.755,0.6959999847412109,0.020182637497782707,RightFoot,OpenPlay,BlockedShot
692377,EPL,Fulham,Crystal Palace,1,32,Timothy Castagne,0.9290000152587891,0.445,0.48736026883125305,LeftFoot,OpenPlay,SavedShot
692379,EPL,Fulham,Crystal Palace,1,37,Gonzalo García,0.9080000305175782,0.5570000076293945,0.04436244070529938,Head,OpenPlay,MissedShots
692380,EPL,Fulham,Crystal Palace,1,37,Antonee Robinson,0.8280000305175781,0.6480000305175782,0.045775156468153,RightFoot,OpenPlay,MissedShots
692381,EPL,Fulham,Crystal Palace,1,41,César Palacios,0.925,0.48200000762939454,0.5427436232566833,RightFoot,OpenPlay,Goal
692382,EPL,Fulham,Crystal Palace,1,44,Gonzalo García,0.8619999694824219,0.7519999694824219,0.027356285601854324,RightFoot,OpenPlay,MissedShots
692383,EPL,Fulham,Crystal Palace,1,48,Gonzalo García,0.9480000305175781,0.4859999847412109,0.07854824513196945,Head,FromCorner,BlockedShot
692384,EPL,Fulham,Crystal Palace,1,48,César Palacios,0.9390000152587891,0.5409999847412109,0.14080926775932312,LeftFoot,FromCorner,MissedShots
692385,EPL,Fulham,Crystal Palace,1,48,Joshua King,0.894000015258789,0.38299999237060545,0.102229043841362,RightFoot,OpenPlay,BlockedShot
692389,EPL,Fulham,Crystal Palace,1,55,César Palacios,0.8819999694824219,0.62,0.0677405372262001,RightFoot,OpenPlay,SavedShot
692390,EPL,Fulham,Crystal Palace,1,59,Oscar Bobb,0.8969999694824219,0.36400001525878906,0.15880118310451508,LeftFoot,OpenPlay,SavedShot
692391,EPL,Fulham,Crystal Palace,1,60,César Palacios,0.8569999694824219,0.629000015258789,0.057653412222862244,RightFoot,SetPiece,MissedShots
692392,EPL,Fulham,Crystal Palace,1,66,Gonzalo García,0.8980000305175782,0.4640000152587891,0.13075856864452362,RightFoot,OpenPlay,BlockedShot
692393,EPL,Fulham,Crystal Palace,1,70,Oscar Bobb,0.905,0.49,0.1347067505121231,LeftFoot,OpenPlay,MissedShots
692396,EPL,Fulham,Crystal Palace,1,85,Rodrigo Muniz,0.8830000305175781,0.56,0.0892665684223175,LeftFoot,OpenPlay,SavedShot
692397,EPL,Fulham,Crystal Palace,1,85,Ryan Sessegnon,0.8919999694824219,0.39099998474121095,0.06855463236570358,RightFoot,OpenPlay,MissedShots
692398,EPL,Fulham,Crystal Palace,1,87,Rodrigo Muniz,0.9230000305175782,0.45,0.11368046700954437,RightFoot,OpenPlay,MissedShots
692399,EPL,Fulham,Crystal Palace,1,92,Hugo Larsson,0.9119999694824219,0.5259999847412109,0.09147104620933533,RightFoot,OpenPlay,BlockedShot
692367,EPL,Crystal Palace,Fulham,0,17,Chris Richards,0.8190000152587891,0.500999984741211,0.03350216895341873,RightFoot,FromCorner,SavedShot
692368,EPL,Crystal Palace,Fulham,0,19,Anan Khalaili,0.8119999694824219,0.24899999618530275,0.011088667437434196,LeftFoot,OpenPlay,MissedShots
692369,EPL,Crystal Palace,Fulham,0,21,Quinten Timber,0.715,0.529000015258789,0.015494262799620628,RightFoot,OpenPlay,MissedShots
692370,EPL,Crystal Palace,Fulham,0,22,Eddie Nketiah,0.8869999694824219,0.5720000076293945,0.5262172818183899,LeftFoot,OpenPlay,SavedShot
692378,EPL,Crystal Palace,Fulham,0,34,Tyrick Mitchell,0.950999984741211,0.68,0.39632150530815125,LeftFoot,OpenPlay,Goal
692386,EPL,Crystal Palace,Fulham,0,53,Tyrick Mitchell,0.8619999694824219,0.6630000305175782,0.03852737694978714,LeftFoot,OpenPlay,BlockedShot
692387,EPL,Crystal Palace,Fulham,0,53,Yeremi Pino,0.899000015258789,0.5279999923706055,0.41464269161224365,RightFoot,OpenPlay,MissedShots
692388,EPL,Crystal Palace,Fulham,0,53,Tyrick Mitchell,0.8909999847412109,0.5829999923706055,0.3540160059928894,LeftFoot,OpenPlay,Goal
692394,EPL,Crystal Palace,Fulham,0,76,Anan Khalaili,0.8730000305175781,0.4590000152587891,0.35263291001319885,LeftFoot,OpenPlay,BlockedShot
692395,EPL,Crystal Palace,Fulham,0,76,Ben Chilwell,0.8980000305175782,0.5729999923706055,0.38811591267585754,LeftFoot,OpenPlay,Goal
692401,EPL,Brentford,Sunderland,1,3,Michael Kayode,0.749000015258789,0.3970000076293945,0.016838202252984047,RightFoot,OpenPlay,BlockedShot
692402,EPL,Brentford,Sunderland,1,4,Keane Lewis-Potter,0.9180000305175782,0.5,0.35938096046447754,LeftFoot,FromCorner,BlockedShot
692406,EPL,Brentford,Sunderland,1,48,Mamadou Sangaré,0.9619999694824218,0.4109999847412109,0.10565363615751266,Head,OpenPlay,MissedShots
692407,EPL,Brentford,Sunderland,1,48,Keane Lewis-Potter,0.740999984741211,0.5209999847412109,0.015993544831871986,RightFoot,FromCorner,MissedShots
692409,EPL,Brentford,Sunderland,1,52,Mamadou Sangaré,0.7230000305175781,0.5020000076293946,0.01653197966516018,LeftFoot,OpenPlay,MissedShots
692410,EPL,Brentford,Sunderland,1,50,Thiago,0.95,0.435,0.36058419942855835,Head,OpenPlay,SavedShot
692411,EPL,Brentford,Sunderland,1,50,Jaidon Anthony,0.794000015258789,0.35900001525878905,0.029249614104628563,RightFoot,OpenPlay,MissedShots
692413,EPL,Brentford,Sunderland,1,56,Vitaly Janelt,0.8540000152587891,0.53,0.3616722524166107,LeftFoot,OpenPlay,Goal
692416,EPL,Brentford,Sunderland,1,67,Keane Lewis-Potter,0.8780000305175781,0.565,0.054815806448459625,RightFoot,OpenPlay,MissedShots
692421,EPL,Brentford,Sunderland,1,84,Yehor Yarmolyuk,0.7440000152587891,0.624000015258789,0.016111930832266808,RightFoot,SetPiece,BlockedShot
692422,EPL,Brentford,Sunderland,1,89,Thiago,0.9530000305175781,0.514000015258789,0.14044834673404694,Head,OpenPlay,BlockedShot
692423,EPL,Brentford,Sunderland,1,90,Jannik Schuster,0.925,0.4829999923706055,0.10856363922357559,Head,FromCorner,MissedShots
692400,EPL,Sunderland,Brentford,0,2,Noah Sadiki,0.874000015258789,0.5359999847412109,0.11617705971002579,RightFoot,OpenPlay,BlockedShot
692403,EPL,Sunderland,Brentford,0,19,Enzo Le Fée,0.860999984741211,0.35,0.05919481813907623,RightFoot,OpenPlay,ShotOnPost
692404,EPL,Sunderland,Brentford,0,22,Thomas Meunier,0.875,0.4540000152587891,0.3508208990097046,RightFoot,OpenPlay,BlockedShot
692405,EPL,Sunderland,Brentford,0,24,Noah Sadiki,0.84,0.4829999923706055,0.06432609260082245,RightFoot,OpenPlay,BlockedShot
692408,EPL,Sunderland,Brentford,0,50,Brian Brobbey,0.950999984741211,0.38099998474121094,0.013728939928114414,Head,FromCorner,BlockedShot
692412,EPL,Sunderland,Brentford,0,55,Brian Brobbey,0.9309999847412109,0.509000015258789,0.12157240509986877,RightFoot,OpenPlay,BlockedShot
692414,EPL,Sunderland,Brentford,0,61,Noah Sadiki,0.9569999694824218,0.3990000152587891,0.3745043873786926,RightFoot,OpenPlay,SavedShot
692415,EPL,Sunderland,Brentford,0,62,Granit Xhaka,0.7759999847412109,0.3390000152587891,0.0633862242102623,LeftFoot,DirectFreekick,MissedShots
692417,EPL,Sunderland,Brentford,0,74,Wilson Isidor,0.8109999847412109,0.285,0.022342488169670105,RightFoot,OpenPlay,MissedShots
692418,EPL,Sunderland,Brentford,0,78,Wilson Isidor,0.7619999694824219,0.43599998474121093,0.07131810486316681,RightFoot,DirectFreekick,SavedShot
692419,EPL,Sunderland,Brentford,0,81,Enzo Le Fée,0.885,0.5,0.7611688375473022,RightFoot,Penalty,Goal
692420,EPL,Sunderland,Brentford,0,83,Dan Ballard,0.9359999847412109,0.425,0.04983985424041748,Head,OpenPlay,MissedShots
692424,EPL,Sunderland,Brentford,0,91,Enzo Le Fée,0.7719999694824219,0.33299999237060546,0.011613457463681698,RightFoot,OpenPlay,MissedShots
692425,EPL,Sunderland,Brentford,0,92,Brian Brobbey,0.92,0.34799999237060547,0.07490068674087524,RightFoot,OpenPlay,MissedShots
692290,EPL,Brighton,Leeds,1,26,Pascal Groß,0.7469999694824219,0.720999984741211,0.015594379976391792,RightFoot,SetPiece,MissedShots
692291,EPL,Brighton,Leeds,1,28,Diego Gómez,0.9390000152587891,0.3039999961853027,0.04403092339634895,RightFoot,OpenPlay,SavedShot
692292,EPL,Brighton,Leeds,1,45,Ferdi Kadioglu,0.7330000305175781,0.47,0.01744232326745987,RightFoot,SetPiece,BlockedShot
692294,EPL,Brighton,Leeds,1,53,Charalampos Kostoulas,0.7480000305175781,0.62,0.020571865141391754,RightFoot,OpenPlay,BlockedShot
692295,EPL,Brighton,Leeds,1,54,Pascal Groß,0.8080000305175781,0.48700000762939455,0.043403174728155136,RightFoot,OpenPlay,MissedShots
692296,EPL,Brighton,Leeds,1,56,Charalampos Kostoulas,0.8490000152587891,0.509000015258789,0.08079766482114792,RightFoot,OpenPlay,BlockedShot
692298,EPL,Brighton,Leeds,1,62,Diego Gómez,0.7869999694824219,0.2589999961853027,0.01962079480290413,RightFoot,OpenPlay,BlockedShot
692299,EPL,Brighton,Leeds,1,64,Pascal Groß,0.8209999847412109,0.3559999847412109,0.030813731253147125,RightFoot,SetPiece,MissedShots
692300,EPL,Brighton,Leeds,1,64,Ferdi Kadioglu,0.845,0.45799999237060546,0.06162312999367714,RightFoot,SetPiece,SavedShot
692301,EPL,Brighton,Leeds,1,67,Charalampos Kostoulas,0.8569999694824219,0.46299999237060546,0.10440783947706223,RightFoot,OpenPlay,SavedShot
692302,EPL,Brighton,Leeds,1,68,Malick Yalcouyé,0.835999984741211,0.6759999847412109,0.03350228816270828,RightFoot,OpenPlay,MissedShots
692303,EPL,Brighton,Leeds,1,69,Diego Gómez,0.745,0.49700000762939456,0.020030276849865913,RightFoot,OpenPlay,MissedShots
692304,EPL,Brighton,Leeds,1,70,Luka Vuskovic,0.975999984741211,0.5690000152587891,0.3656381666660309,Head,FromCorner,Goal
692306,EPL,Brighton,Leeds,1,81,Yasin Ayari,0.894000015258789,0.634000015258789,0.09143225848674774,RightFoot,OpenPlay,SavedShot
692307,EPL,Brighton,Leeds,1,82,Diego Gómez,0.794000015258789,0.6609999847412109,0.018131880089640617,RightFoot,OpenPlay,BlockedShot
692308,EPL,Brighton,Leeds,1,82,Yasin Ayari,0.7830000305175782,0.5629999923706055,0.03571784123778343,RightFoot,OpenPlay,MissedShots
692309,EPL,Brighton,Leeds,1,84,Promise David,0.9390000152587891,0.47,0.520228385925293,RightFoot,SetPiece,MissedShots
692310,EPL,Brighton,Leeds,1,86,Luka Vuskovic,0.8440000152587891,0.37,0.020198745653033257,RightFoot,OpenPlay,BlockedShot
692311,EPL,Brighton,Leeds,1,88,Pascal Groß,0.925,0.5059999847412109,0.06985709071159363,Head,OpenPlay,BlockedShot
692312,EPL,Brighton,Leeds,1,88,Pascal Groß,0.950999984741211,0.504000015258789,0.6548594832420349,RightFoot,OpenPlay,MissedShots
692284,EPL,Leeds,Brighton,0,14,Dominic Calvert-Lewin,0.9269999694824219,0.54,0.28202304244041443,Head,FromCorner,SavedShot
692285,EPL,Leeds,Brighton,0,14,Ao Tanaka,0.9740000152587891,0.5679999923706055,0.5451717376708984,LeftFoot,FromCorner,MissedShots
692286,EPL,Leeds,Brighton,0,14,Jayden Bogle,0.9919999694824219,0.46599998474121096,0.9668696522712708,RightFoot,FromCorner,Goal
692287,EPL,Leeds,Brighton,0,21,James Justin,0.9159999847412109,0.4259999847412109,0.019414307549595833,Head,FromCorner,MissedShots
692288,EPL,Leeds,Brighton,0,22,Dominic Calvert-Lewin,0.8859999847412109,0.4490000152587891,0.41688311100006104,RightFoot,OpenPlay,BlockedShot
692289,EPL,Leeds,Brighton,0,23,Ao Tanaka,0.899000015258789,0.6279999923706054,0.06310867518186569,RightFoot,FromCorner,ShotOnPost
692293,EPL,Leeds,Brighton,0,47,Anton Stach,0.935,0.41400001525878904,0.4997932016849518,RightFoot,OpenPlay,SavedShot
692297,EPL,Leeds,Brighton,0,62,James Justin,0.8809999847412109,0.3559999847412109,0.08348869532346725,RightFoot,OpenPlay,SavedShot
692305,EPL,Leeds,Brighton,0,75,Lukas Nmecha,0.86,0.5129999923706055,0.085502028465271,LeftFoot,OpenPlay,BlockedShot
692313,EPL,Leeds,Brighton,0,89,Lukas Nmecha,0.909000015258789,0.644000015258789,0.07670240849256516,RightFoot,OpenPlay,MissedShots
692566,EPL,Hull,Aston Villa,1,6,Nobel Mendy,0.48400001525878905,0.72,0.009775113314390182,LeftFoot,OpenPlay,SavedShot
692570,EPL,Hull,Aston Villa,1,18,Nobel Mendy,0.7280000305175781,0.6819999694824219,0.013677999377250671,LeftFoot,OpenPlay,MissedShots
692573,EPL,Hull,Aston Villa,1,33,Regan Slater,0.7290000152587891,0.5129999923706055,0.010800786316394806,RightFoot,OpenPlay,MissedShots
692574,EPL,Hull,Aston Villa,1,36,Mohamed Belloumi,0.755,0.3840000152587891,0.020734405145049095,LeftFoot,OpenPlay,SavedShot
692575,EPL,Hull,Aston Villa,1,37,Regan Slater,0.7440000152587891,0.46,0.019741857424378395,RightFoot,OpenPlay,SavedShot
692578,EPL,Hull,Aston Villa,1,48,Oliver McBurnie,0.7340000152587891,0.47700000762939454,0.03242126479744911,RightFoot,OpenPlay,MissedShots
692580,EPL,Hull,Aston Villa,1,50,Elliot Stroud,0.9369999694824219,0.735,0.040276043117046356,LeftFoot,OpenPlay,MissedShots
692582,EPL,Hull,Aston Villa,1,64,Mohamed Belloumi,0.8809999847412109,0.11300000190734863,0.02221306599676609,LeftFoot,FromCorner,ShotOnPost
692583,EPL,Hull,Aston Villa,1,71,Oliver McBurnie,0.9230000305175782,0.5820000076293945,0.041203856468200684,Head,OpenPlay,MissedShots
692587,EPL,Hull,Aston Villa,1,88,Mohamed Ali-Cho,0.865999984741211,0.6140000152587891,0.31817731261253357,LeftFoot,OpenPlay,SavedShot
692588,EPL,Hull,Aston Villa,1,89,Oliver McBurnie,0.8719999694824219,0.4620000076293945,0.28336313366889954,RightFoot,OpenPlay,MissedShots
692565,EPL,Aston Villa,Hull,0,1,Nicolas Jackson,0.955,0.4620000076293945,0.11319664120674133,Head,OpenPlay,MissedShots
692567,EPL,Aston Villa,Hull,0,12,George Hemmings,0.8959999847412109,0.6519999694824219,0.26126977801322937,LeftFoot,OpenPlay,SavedShot
692568,EPL,Aston Villa,Hull,0,12,Ross Barkley,0.8590000152587891,0.634000015258789,0.04920017346739769,LeftFoot,OpenPlay,BlockedShot
692569,EPL,Aston Villa,Hull,0,13,Nicolas Jackson,0.9009999847412109,0.285,0.04395372048020363,RightFoot,FromCorner,BlockedShot
692571,EPL,Aston Villa,Hull,0,24,Ross Barkley,0.8530000305175781,0.495,0.0725351870059967,RightFoot,OpenPlay,MissedShots
692572,EPL,Aston Villa,Hull,0,26,Tyrone Mings,0.705,0.5940000152587891,0.01563887670636177,LeftFoot,OpenPlay,MissedShots
692576,EPL,Aston Villa,Hull,0,39,Emiliano Buendía,0.759000015258789,0.6519999694824219,0.05521940439939499,RightFoot,DirectFreekick,MissedShots
692577,EPL,Aston Villa,Hull,0,46,Ross Barkley,0.7180000305175781,0.48700000762939455,0.015465865842998028,RightFoot,OpenPlay,BlockedShot
692579,EPL,Aston Villa,Hull,0,49,John McGinn,0.9059999847412109,0.48400001525878905,0.4635249972343445,LeftFoot,OpenPlay,MissedShots
692581,EPL,Aston Villa,Hull,0,52,Emiliano Buendía,0.914000015258789,0.58,0.3991411626338959,RightFoot,OpenPlay,MissedShots
692584,EPL,Aston Villa,Hull,0,75,Tyrone Mings,0.904000015258789,0.45599998474121095,0.05749496445059776,Head,SetPiece,BlockedShot
692585,EPL,Aston Villa,Hull,0,80,Ross Barkley,0.895,0.5370000076293945,0.02122725360095501,Head,FromCorner,MissedShots
692586,EPL,Aston Villa,Hull,0,80,Tyrone Mings,0.8780000305175781,0.46,0.08024829626083374,LeftFoot,FromCorner,BlockedShot
692852,EPL,Everton,Manchester United,1,8,Kiernan Dewsbury-Hall,0.7269999694824218,0.5259999847412109,0.016454078257083893,LeftFoot,SetPiece,BlockedShot
692858,EPL,Everton,Manchester United,1,39,Thierno Barry,0.850999984741211,0.475,0.009048850275576115,Head,SetPiece,MissedShots
692859,EPL,Everton,Manchester United,1,41,Thierno Barry,0.86,0.23700000762939452,0.026939529925584793,RightFoot,OpenPlay,BlockedShot
692860,EPL,Everton,Manchester United,1,42,Thierno Barry,0.924000015258789,0.5320000076293945,0.33993595838546753,Head,OpenPlay,MissedShots
692861,EPL,Everton,Manchester United,1,46,Jarrad Branthwaite,0.9059999847412109,0.6930000305175781,0.05048229917883873,LeftFoot,OpenPlay,SavedShot
692864,EPL,Everton,Manchester United,1,53,Harrison Armstrong,0.8909999847412109,0.3060000038146973,0.04007568955421448,RightFoot,OpenPlay,BlockedShot
692865,EPL,Everton,Manchester United,1,56,Brennan Johnson,0.8630000305175781,0.39599998474121095,0.07095467299222946,RightFoot,OpenPlay,BlockedShot
692866,EPL,Everton,Manchester United,1,58,Thierno Barry,0.87,0.43900001525878907,0.11282864212989807,RightFoot,OpenPlay,BlockedShot
692867,EPL,Everton,Manchester United,1,58,Kiernan Dewsbury-Hall,0.8590000152587891,0.6029999923706054,0.057204701006412506,RightFoot,OpenPlay,SavedShot
692871,EPL,Everton,Manchester United,1,66,Kiernan Dewsbury-Hall,0.8180000305175781,0.47099998474121096,0.042093224823474884,LeftFoot,FromCorner,SavedShot
692872,EPL,Everton,Manchester United,1,69,James Tarkowski,0.9030000305175782,0.605,0.011135353706777096,Head,SetPiece,MissedShots
692873,EPL,Everton,Manchester United,1,72,Kiernan Dewsbury-Hall,0.830999984741211,0.5459999847412109,0.05152496322989464,RightFoot,OpenPlay,BlockedShot
692874,EPL,Everton,Manchester United,1,72,Harrison Armstrong,0.8380000305175781,0.4470000076293945,0.05384182184934616,LeftFoot,OpenPlay,MissedShots
692876,EPL,Everton,Manchester United,1,81,Jarrad Branthwaite,0.9080000305175782,0.5620000076293945,0.03375738486647606,Head,SetPiece,SavedShot
692877,EPL,Everton,Manchester United,1,82,Tyrique George,0.885,0.2979999923706055,0.04832573980093002,RightFoot,OpenPlay,Goal
692880,EPL,Everton,Manchester United,1,89,Jack Grealish,0.7759999847412109,0.6669999694824219,0.020697101950645447,RightFoot,OpenPlay,BlockedShot
692881,EPL,Everton,Manchester United,1,93,Hayden Hackney,0.9069999694824219,0.725999984741211,0.04501751437783241,RightFoot,OpenPlay,MissedShots
692882,EPL,Everton,Manchester United,1,95,Ainsley Maitland-Niles,0.74,0.5159999847412109,0.025976911187171936,RightFoot,OpenPlay,Goal
692851,EPL,Manchester United,Everton,0,7,Bruno Fernandes,0.855,0.49599998474121093,0.06885839998722076,RightFoot,OpenPlay,ShotOnPost
692853,EPL,Manchester United,Everton,0,17,Youri Tielemans,0.72,0.3990000152587891,0.01420069020241499,RightFoot,OpenPlay,SavedShot
692854,EPL,Manchester United,Everton,0,18,Matheus Cunha,0.7069999694824218,0.42700000762939455,0.017567897215485573,RightFoot,OpenPlay,BlockedShot
692855,EPL,Manchester United,Everton,0,19,Bruno Fernandes,0.7469999694824219,0.3970000076293945,0.02172078564763069,RightFoot,OpenPlay,BlockedShot
692856,EPL,Manchester United,Everton,0,20,Diogo Dalot,0.7340000152587891,0.46900001525878904,0.015227076597511768,RightFoot,FromCorner,BlockedShot
692857,EPL,Manchester United,Everton,0,21,Matheus Cunha,0.8569999694824219,0.4329999923706055,0.08704248815774918,RightFoot,OpenPlay,MissedShots
692862,EPL,Manchester United,Everton,0,48,Bruno Fernandes,0.860999984741211,0.7519999694824219,0.024665318429470062,RightFoot,OpenPlay,BlockedShot
692863,EPL,Manchester United,Everton,0,46,Bryan Mbeumo,0.8180000305175781,0.33099998474121095,0.03891381248831749,LeftFoot,OpenPlay,Goal
692868,EPL,Manchester United,Everton,0,64,Bruno Fernandes,0.7530000305175781,0.544000015258789,0.015054179355502129,RightFoot,SetPiece,MissedShots
692869,EPL,Manchester United,Everton,0,64,Youri Tielemans,0.7769999694824219,0.6630000305175782,0.03021322935819626,LeftFoot,OpenPlay,BlockedShot
692870,EPL,Manchester United,Everton,0,65,Luke Shaw,0.8080000305175781,0.5309999847412109,0.038181256502866745,RightFoot,FromCorner,MissedShots
692875,EPL,Manchester United,Everton,0,73,Bryan Mbeumo,0.855,0.34799999237060547,0.06887990981340408,LeftFoot,OpenPlay,BlockedShot
692878,EPL,Manchester United,Everton,0,85,Benjamin Sesko,0.855,0.5020000076293946,0.022643525153398514,Head,OpenPlay,MissedShots
692879,EPL,Manchester United,Everton,0,87,Benjamin Sesko,0.9290000152587891,0.4779999923706055,0.40905657410621643,Head,OpenPlay,Goal
693055,EPL,Arsenal,Chelsea,1,4,Riccardo Calafiori,0.9369999694824219,0.4209999847412109,0.4750669598579407,RightFoot,SetPiece,SavedShot
693056,EPL,Arsenal,Chelsea,1,4,Gabriel,0.960999984741211,0.4229999923706055,0.1343599408864975,RightFoot,SetPiece,SavedShot
693057,EPL,Arsenal,Chelsea,1,11,Gabriel,0.965,0.580999984741211,0.5216020345687866,RightFoot,SetPiece,SavedShot
693058,EPL,Arsenal,Chelsea,1,14,Kai Havertz,0.9580000305175781,0.5620000076293945,0.06762561202049255,Head,OpenPlay,SavedShot
693059,EPL,Arsenal,Chelsea,1,17,Bukayo Saka,0.9630000305175781,0.315,0.30086079239845276,RightFoot,OpenPlay,SavedShot
693060,EPL,Arsenal,Chelsea,1,19,Kai Havertz,0.8490000152587891,0.514000015258789,0.09547871351242065,LeftFoot,OpenPlay,BlockedShot
693063,EPL,Arsenal,Chelsea,1,22,Martin Odegaard,0.899000015258789,0.38599998474121094,0.12963466346263885,LeftFoot,OpenPlay,BlockedShot
693064,EPL,Arsenal,Chelsea,1,23,Riccardo Calafiori,0.8680000305175781,0.515,0.08828837424516678,RightFoot,OpenPlay,BlockedShot
693065,EPL,Arsenal,Chelsea,1,24,Kai Havertz,0.8230000305175781,0.3340000152587891,0.03536726161837578,LeftFoot,OpenPlay,Goal
693067,EPL,Arsenal,Chelsea,1,33,Myles Lewis-Skelly,0.8590000152587891,0.6359999847412109,0.06316274404525757,LeftFoot,OpenPlay,MissedShots
693070,EPL,Arsenal,Chelsea,1,48,Bukayo Saka,0.799000015258789,0.33599998474121096,0.022639023140072823,LeftFoot,OpenPlay,BlockedShot
693071,EPL,Arsenal,Chelsea,1,49,Martin Odegaard,0.9019999694824219,0.5159999847412109,0.5586743354797363,LeftFoot,OpenPlay,Goal
693072,EPL,Arsenal,Chelsea,1,55,Declan Rice,0.7709999847412109,0.47299999237060547,0.04285961389541626,RightFoot,OpenPlay,BlockedShot
693073,EPL,Arsenal,Chelsea,1,55,Bukayo Saka,0.9069999694824219,0.705,0.08819662034511566,LeftFoot,OpenPlay,SavedShot
693077,EPL,Arsenal,Chelsea,1,68,Martín Zubimendi,0.8590000152587891,0.5459999847412109,0.11038590967655182,RightFoot,OpenPlay,BlockedShot
693078,EPL,Arsenal,Chelsea,1,68,Bukayo Saka,0.8369999694824218,0.38299999237060545,0.13517668843269348,LeftFoot,OpenPlay,SavedShot
693054,EPL,Chelsea,Arsenal,0,1,Morgan Rogers,0.815,0.5409999847412109,0.03667097166180611,RightFoot,SetPiece,Goal
693061,EPL,Chelsea,Arsenal,0,20,Cole Palmer,0.7859999847412109,0.325,0.024129943922162056,LeftFoot,OpenPlay,SavedShot
693062,EPL,Chelsea,Arsenal,0,22,Reece James,0.705,0.6569999694824219,0.014799941331148148,RightFoot,OpenPlay,SavedShot
693066,EPL,Chelsea,Arsenal,0,30,Morgan Rogers,0.9280000305175782,0.7030000305175781,0.05933424457907677,RightFoot,OpenPlay,MissedShots
693068,EPL,Chelsea,Arsenal,0,35,João Pedro,0.6940000152587891,0.5309999847412109,0.016263196244835854,RightFoot,OpenPlay,MissedShots
693069,EPL,Chelsea,Arsenal,0,47,Pedro Neto,0.884000015258789,0.285,0.09782776981592178,LeftFoot,OpenPlay,ShotOnPost
693074,EPL,Chelsea,Arsenal,0,60,Malo Gusto,0.8109999847412109,0.38099998474121094,0.03822280094027519,RightFoot,OpenPlay,MissedShots
693075,EPL,Chelsea,Arsenal,0,62,Cole Palmer,0.8580000305175781,0.35,0.01736196130514145,RightFoot,OpenPlay,SavedShot
693076,EPL,Chelsea,Arsenal,0,64,Morgan Rogers,0.7519999694824219,0.7230000305175781,0.01333936583250761,RightFoot,OpenPlay,MissedShots
693079,EPL,Chelsea,Arsenal,0,75,Reece James,0.735999984741211,0.355,0.01270375493913889,RightFoot,FromCorner,BlockedShot
693080,EPL,Chelsea,Arsenal,0,82,Cole Palmer,0.8869999694824219,0.7140000152587891,0.03783690929412842,LeftFoot,OpenPlay,MissedShots
693081,EPL,Chelsea,Arsenal,0,87,Reece James,0.6809999847412109,0.500999984741211,0.03232672065496445,RightFoot,DirectFreekick,BlockedShot
693082,EPL,Chelsea,Arsenal,0,88,Estêvão,0.8430000305175781,0.27799999237060546,0.029690274968743324,LeftFoot,OpenPlay,SavedShot
693940,EPL,Bournemouth,Brentford,1,6,António Silva,0.925,0.485,0.38291114568710327,Head,SetPiece,MissedShots
693941,EPL,Bournemouth,Brentford,1,26,Rayan,0.8040000152587891,0.3060000038146973,0.026618657633662224,LeftFoot,OpenPlay,BlockedShot
693943,EPL,Bournemouth,Brentford,1,36,Justin Kluivert,0.8730000305175781,0.6769999694824219,0.04062153771519661,RightFoot,OpenPlay,SavedShot
693944,EPL,Bournemouth,Brentford,1,36,Rayan,0.9230000305175782,0.44599998474121094,0.4573696553707123,LeftFoot,OpenPlay,MissedShots
693945,EPL,Bournemouth,Brentford,1,37,Justin Kluivert,0.8380000305175781,0.54,0.055055003613233566,LeftFoot,OpenPlay,Goal
693947,EPL,Bournemouth,Brentford,1,46,Marcus Tavernier,0.895,0.6170000076293946,0.09286914765834808,LeftFoot,OpenPlay,MissedShots
693948,EPL,Bournemouth,Brentford,1,47,Justin Kluivert,0.8190000152587891,0.325,0.03321748226881027,RightFoot,OpenPlay,SavedShot
693949,EPL,Bournemouth,Brentford,1,48,António Silva,0.9790000152587891,0.5029999923706054,0.6494042277336121,Head,FromCorner,MissedShots
693950,EPL,Bournemouth,Brentford,1,50,Alex Scott,0.9019999694824219,0.345,0.2926393449306488,RightFoot,OpenPlay,MissedShots
693951,EPL,Bournemouth,Brentford,1,51,Marcus Tavernier,0.8869999694824219,0.6619999694824219,0.06601280719041824,LeftFoot,OpenPlay,Goal
693954,EPL,Bournemouth,Brentford,1,65,Marcus Tavernier,0.735999984741211,0.63,0.015740999951958656,LeftFoot,OpenPlay,SavedShot
693955,EPL,Bournemouth,Brentford,1,67,Marcus Tavernier,0.7559999847412109,0.3240000152587891,0.049568429589271545,LeftFoot,DirectFreekick,SavedShot
693956,EPL,Bournemouth,Brentford,1,72,Tyler Adams,0.7619999694824219,0.3220000076293945,0.015973834320902824,RightFoot,OpenPlay,SavedShot
693957,EPL,Bournemouth,Brentford,1,74,Rayan,0.9209999847412109,0.3160000038146973,0.03418275713920593,RightFoot,OpenPlay,MissedShots
693958,EPL,Bournemouth,Brentford,1,75,Rayan,0.81,0.4929999923706055,0.05131027474999428,LeftFoot,OpenPlay,MissedShots
693959,EPL,Bournemouth,Brentford,1,77,Rayan,0.85,0.49900001525878906,0.09870997071266174,LeftFoot,OpenPlay,SavedShot
693960,EPL,Bournemouth,Brentford,1,79,Adrien Truffert,0.8090000152587891,0.625999984741211,0.03813130781054497,RightFoot,OpenPlay,SavedShot
693961,EPL,Bournemouth,Brentford,1,83,Ben Doak,0.8280000305175781,0.6480000305175782,0.04494718089699745,LeftFoot,OpenPlay,MissedShots
693963,EPL,Bournemouth,Brentford,1,92,Adrien Truffert,0.8959999847412109,0.7090000152587891,0.04673688858747482,LeftFoot,OpenPlay,SavedShot
693964,EPL,Bournemouth,Brentford,1,93,Ben Doak,0.840999984741211,0.6459999847412109,0.07604728639125824,RightFoot,OpenPlay,BlockedShot
693938,EPL,Brentford,Bournemouth,0,1,Thiago,0.905,0.5159999847412109,0.14326198399066925,Head,OpenPlay,MissedShots
693939,EPL,Brentford,Bournemouth,0,2,Keane Lewis-Potter,0.8669999694824219,0.7180000305175781,0.03790872544050217,RightFoot,OpenPlay,MissedShots
693942,EPL,Brentford,Bournemouth,0,33,Kevin Schade,0.91,0.5020000076293946,0.328841894865036,Head,OpenPlay,Goal
693946,EPL,Brentford,Bournemouth,0,51,Kristoffer Ajer,0.8769999694824219,0.325,0.051872748881578445,RightFoot,SetPiece,MissedShots
693952,EPL,Brentford,Bournemouth,0,54,Aaron Hickey,0.965999984741211,0.315,0.04162506014108658,RightFoot,OpenPlay,MissedShots
693953,EPL,Brentford,Bournemouth,0,55,Kevin Schade,0.77,0.835,0.11176971346139908,RightFoot,OpenPlay,Goal
693962,EPL,Brentford,Bournemouth,0,88,Mikkel Damsgaard,0.9169999694824219,0.5,0.05792679265141487,Head,SetPiece,MissedShots
693965,EPL,Brentford,Bournemouth,0,95,Dango Ouattara,0.7719999694824219,0.36400001525878906,0.021031012758612633,LeftFoot,OpenPlay,BlockedShot
693966,EPL,Aston Villa,Nottingham Forest,1,6,Victor Lindelöf,0.97,0.5109999847412109,0.6031574606895447,RightFoot,OpenPlay,SavedShot
693967,EPL,Aston Villa,Nottingham Forest,1,6,Ian Maatsen,0.8490000152587891,0.5279999923706055,0.0963074266910553,LeftFoot,OpenPlay,BlockedShot
693968,EPL,Aston Villa,Nottingham Forest,1,7,Ian Maatsen,0.8619999694824219,0.6880000305175781,0.0485280305147171,LeftFoot,OpenPlay,SavedShot
693972,EPL,Aston Villa,Nottingham Forest,1,31,Ross Barkley,0.7780000305175782,0.6969999694824218,0.018216107040643692,RightFoot,OpenPlay,SavedShot
693983,EPL,Aston Villa,Nottingham Forest,1,72,Ibrahim Mbaye,0.8540000152587891,0.7480000305175781,0.024263378232717514,RightFoot,SetPiece,SavedShot
693984,EPL,Aston Villa,Nottingham Forest,1,73,Alysson Edward,0.9080000305175782,0.5309999847412109,0.24505968391895294,Head,FromCorner,Goal
693994,EPL,Aston Villa,Nottingham Forest,1,96,Tyrone Mings,0.9180000305175782,0.4929999923706055,0.05233147367835045,Head,OpenPlay,MissedShots
693969,EPL,Nottingham Forest,Aston Villa,0,11,James McAtee,0.705,0.4109999847412109,0.015317456796765327,LeftFoot,SetPiece,SavedShot
693970,EPL,Nottingham Forest,Aston Villa,0,15,Ousmane Diomande,0.945,0.624000015258789,0.043617598712444305,LeftFoot,SetPiece,MissedShots
693971,EPL,Nottingham Forest,Aston Villa,0,22,Morgan Gibbs-White,0.9030000305175782,0.32099998474121094,0.061520110815763474,RightFoot,OpenPlay,SavedShot
693973,EPL,Nottingham Forest,Aston Villa,0,34,Dan Ndoye,0.8530000305175781,0.40299999237060546,0.08303733170032501,RightFoot,OpenPlay,SavedShot
693974,EPL,Nottingham Forest,Aston Villa,0,46,Neco Williams,0.8490000152587891,0.5890000152587891,0.07859931886196136,RightFoot,OpenPlay,MissedShots
693975,EPL,Nottingham Forest,Aston Villa,0,45,Liam Delap,0.71,0.46799999237060547,0.013983926735818386,RightFoot,OpenPlay,Goal
693976,EPL,Nottingham Forest,Aston Villa,0,49,Dan Ndoye,0.7280000305175781,0.575999984741211,0.020315295085310936,RightFoot,OpenPlay,MissedShots
693977,EPL,Nottingham Forest,Aston Villa,0,54,Liam Delap,0.8209999847412109,0.43400001525878906,0.056094713509082794,RightFoot,OpenPlay,MissedShots
693978,EPL,Nottingham Forest,Aston Villa,0,57,Liam Delap,0.950999984741211,0.54,0.6287730932235718,RightFoot,OpenPlay,MissedShots
693979,EPL,Nottingham Forest,Aston Villa,0,58,Dan Ndoye,0.9419999694824219,0.500999984741211,0.5448468327522278,Head,OpenPlay,MissedShots
693980,EPL,Nottingham Forest,Aston Villa,0,60,Dan Ndoye,0.8619999694824219,0.46299999237060546,0.13942435383796692,RightFoot,OpenPlay,BlockedShot
693981,EPL,Nottingham Forest,Aston Villa,0,60,Liam Delap,0.915,0.3659999847412109,0.02613149769604206,Head,OpenPlay,MissedShots
693982,EPL,Nottingham Forest,Aston Villa,0,68,Dan Ndoye,0.8769999694824219,0.5790000152587891,0.11950908601284027,RightFoot,OpenPlay,BlockedShot
693985,EPL,Nottingham Forest,Aston Villa,0,76,James McAtee,0.7340000152587891,0.435,0.01782739907503128,LeftFoot,SetPiece,MissedShots
693986,EPL,Nottingham Forest,Aston Villa,0,78,Liam Delap,0.870999984741211,0.4470000076293945,0.03986971825361252,OtherBodyPart,OpenPlay,BlockedShot
693987,EPL,Nottingham Forest,Aston Villa,0,79,Liam Delap,0.72,0.4620000076293945,0.035972341895103455,RightFoot,OpenPlay,MissedShots
693988,EPL,Nottingham Forest,Aston Villa,0,84,Daniel Muñoz,0.960999984741211,0.385,0.18523691594600677,Head,OpenPlay,SavedShot
693989,EPL,Nottingham Forest,Aston Villa,0,85,Xaver Schlager,0.88,0.5229999923706055,0.044025156646966934,Head,OpenPlay,SavedShot
693990,EPL,Nottingham Forest,Aston Villa,0,85,Neco Williams,0.9480000305175781,0.6619999694824219,0.057706188410520554,LeftFoot,OpenPlay,MissedShots
693991,EPL,Nottingham Forest,Aston Villa,0,87,Igor Jesus,0.9180000305175782,0.49599998474121093,0.5251398682594299,RightFoot,OpenPlay,Goal
693992,EPL,Nottingham Forest,Aston Villa,0,89,Ibrahim Sangare,0.6170000076293946,0.28899999618530275,0.008148159831762314,RightFoot,OpenPlay,MissedShots
693993,EPL,Nottingham Forest,Aston Villa,0,95,Morgan Gibbs-White,0.74,0.3990000152587891,0.051950447261333466,RightFoot,DirectFreekick,MissedShots
693996,EPL,Chelsea,Hull,1,6,Morgan Rogers,0.899000015258789,0.6619999694824219,0.10501188039779663,LeftFoot,OpenPlay,Goal
693997,EPL,Chelsea,Hull,1,21,Pedro Neto,0.904000015258789,0.2589999961853027,0.07158458977937698,LeftFoot,OpenPlay,SavedShot
694002,EPL,Chelsea,Hull,1,46,Malo Gusto,0.81,0.5359999847412109,0.025157131254673004,LeftFoot,FromCorner,BlockedShot
694004,EPL,Chelsea,Hull,1,50,Reece James,0.730999984741211,0.9119999694824219,0.022672440856695175,RightFoot,DirectFreekick,SavedShot
694005,EPL,Chelsea,Hull,1,52,Reece James,0.774000015258789,0.7,0.053391747176647186,RightFoot,DirectFreekick,MissedShots
694009,EPL,Chelsea,Hull,1,65,João Pedro,0.9230000305175782,0.555,0.44525018334388733,LeftFoot,OpenPlay,Goal
694010,EPL,Chelsea,Hull,1,69,Cole Palmer,0.6919999694824219,0.7290000152587891,0.013180774636566639,LeftFoot,OpenPlay,MissedShots
694011,EPL,Chelsea,Hull,1,75,Reece James,0.784000015258789,0.43599998474121093,0.032199397683143616,RightFoot,OpenPlay,SavedShot
694012,EPL,Chelsea,Hull,1,77,Cole Palmer,0.8419999694824218,0.4129999923706055,0.05862871930003166,LeftFoot,OpenPlay,MissedShots
694014,EPL,Chelsea,Hull,1,83,Morgan Rogers,0.885,0.6809999847412109,0.2709472179412842,LeftFoot,OpenPlay,SavedShot
694017,EPL,Chelsea,Hull,1,90,Estêvão,0.965,0.33099998474121095,0.07340063899755478,RightFoot,OpenPlay,SavedShot
694019,EPL,Chelsea,Hull,1,96,Cole Palmer,0.7569999694824219,0.27700000762939453,0.042313240468502045,LeftFoot,DirectFreekick,MissedShots
693995,EPL,Hull,Chelsea,0,5,Mohamed Belloumi,0.9030000305175782,0.29399999618530276,0.046949826180934906,LeftFoot,OpenPlay,BlockedShot
693998,EPL,Hull,Chelsea,0,27,Mohamed Belloumi,0.8930000305175781,0.44299999237060544,0.28250283002853394,LeftFoot,OpenPlay,Goal
693999,EPL,Hull,Chelsea,0,32,Lewie Coyle,0.860999984741211,0.38299999237060545,0.07761130481958389,RightFoot,OpenPlay,BlockedShot
694000,EPL,Hull,Chelsea,0,33,Semi Ajayi,0.9309999847412109,0.4929999923706055,0.22593235969543457,Head,FromCorner,ShotOnPost
694001,EPL,Hull,Chelsea,0,33,Mohamed Belloumi,0.8280000305175781,0.45599998474121095,0.037475600838661194,LeftFoot,FromCorner,Goal
694003,EPL,Hull,Chelsea,0,46,Elliot Stroud,0.74,0.6,0.013952276669442654,LeftFoot,OpenPlay,MissedShots
694006,EPL,Hull,Chelsea,0,60,Mohamed Ali-Cho,0.8859999847412109,0.4159999847412109,0.04397491738200188,Head,OpenPlay,MissedShots
694007,EPL,Hull,Chelsea,0,60,Regan Slater,0.765,0.6170000076293946,0.033347275108098984,LeftFoot,OpenPlay,SavedShot
694008,EPL,Hull,Chelsea,0,60,Oliver McBurnie,0.9419999694824219,0.5120000076293946,0.6129040718078613,RightFoot,OpenPlay,SavedShot
694013,EPL,Hull,Chelsea,0,83,Brooke Norton-Cuffy,0.8469999694824218,0.27,0.0670347735285759,RightFoot,OpenPlay,BlockedShot
694015,EPL,Hull,Chelsea,0,86,Mohamed Ali-Cho,0.9209999847412109,0.4420000076293945,0.33739906549453735,RightFoot,OpenPlay,SavedShot
694016,EPL,Hull,Chelsea,0,86,Sorba Thomas,0.75,0.5540000152587891,0.021563531830906868,RightFoot,OpenPlay,BlockedShot
694018,EPL,Hull,Chelsea,0,93,John Egan,0.915,0.44,0.02342471294105053,Head,FromCorner,MissedShots
694020,EPL,Crystal Palace,Ipswich,1,10,Adam Wharton,0.6880000305175781,0.5670000076293945,0.011555546894669533,LeftFoot,OpenPlay,MissedShots
694021,EPL,Crystal Palace,Ipswich,1,11,Anan Khalaili,0.9069999694824219,0.41900001525878905,0.03787529468536377,Head,OpenPlay,MissedShots
694022,EPL,Crystal Palace,Ipswich,1,13,Anan Khalaili,0.8669999694824219,0.2979999923706055,0.04440823569893837,RightFoot,OpenPlay,Goal
694023,EPL,Crystal Palace,Ipswich,1,17,Jørgen Strand Larsen,0.825,0.28,0.04000939056277275,RightFoot,OpenPlay,SavedShot
694024,EPL,Crystal Palace,Ipswich,1,17,Jørgen Strand Larsen,0.9690000152587891,0.26299999237060545,0.04100567102432251,RightFoot,OpenPlay,BlockedShot
694032,EPL,Crystal Palace,Ipswich,1,67,Quinten Timber,0.955,0.6719999694824219,0.05222587659955025,LeftFoot,OpenPlay,MissedShots
694033,EPL,Crystal Palace,Ipswich,1,70,Anan Khalaili,0.97,0.715,0.04741879180073738,LeftFoot,OpenPlay,MissedShots
694034,EPL,Crystal Palace,Ipswich,1,73,Quinten Timber,0.8719999694824219,0.40299999237060546,0.12481459975242615,RightFoot,OpenPlay,SavedShot
694035,EPL,Crystal Palace,Ipswich,1,74,Jørgen Strand Larsen,0.875,0.3559999847412109,0.06798625737428665,RightFoot,OpenPlay,Goal
694036,EPL,Crystal Palace,Ipswich,1,78,Anan Khalaili,0.9119999694824219,0.4179999923706055,0.40429842472076416,RightFoot,OpenPlay,MissedShots
694039,EPL,Crystal Palace,Ipswich,1,86,Ben Chilwell,0.865999984741211,0.5409999847412109,0.06793029606342316,RightFoot,OpenPlay,MissedShots
694025,EPL,Ipswich,Crystal Palace,0,22,Emersonn,0.9309999847412109,0.5120000076293946,0.3935633599758148,Head,OpenPlay,Goal
694026,EPL,Ipswich,Crystal Palace,0,32,Julio Enciso,0.7169999694824218,0.37099998474121093,0.030701948329806328,RightFoot,OpenPlay,MissedShots
694027,EPL,Ipswich,Crystal Palace,0,44,Emersonn,0.9,0.45599998474121095,0.08612310141324997,OtherBodyPart,OpenPlay,MissedShots
694028,EPL,Ipswich,Crystal Palace,0,44,Leif Davis,0.9430000305175781,0.5279999923706055,0.4708338975906372,Head,OpenPlay,Goal
694029,EPL,Ipswich,Crystal Palace,0,50,Emersonn,0.9209999847412109,0.3029999923706055,0.061426300555467606,RightFoot,OpenPlay,MissedShots
694030,EPL,Ipswich,Crystal Palace,0,54,Jack Clarke,0.889000015258789,0.5990000152587891,0.14804187417030334,RightFoot,OpenPlay,SavedShot
694031,EPL,Ipswich,Crystal Palace,0,65,Julio Enciso,0.7859999847412109,0.3120000076293945,0.06279678642749786,LeftFoot,OpenPlay,BlockedShot
694037,EPL,Ipswich,Crystal Palace,0,81,Jaden Philogene-Bidace,0.7390000152587891,0.6790000152587891,0.010313685052096844,RightFoot,OpenPlay,SavedShot
694038,EPL,Ipswich,Crystal Palace,0,82,Zian Flemming,0.92,0.57,0.10203088074922562,RightFoot,FromCorner,MissedShots
694040,EPL,Ipswich,Crystal Palace,0,89,Leif Davis,0.899000015258789,0.5890000152587891,0.03459733724594116,Head,OpenPlay,ShotOnPost
694041,EPL,Ipswich,Crystal Palace,0,89,Zian Flemming,0.9619999694824218,0.45799999237060546,0.6429319381713867,RightFoot,OpenPlay,Goal
694042,EPL,Ipswich,Crystal Palace,0,91,Zian Flemming,0.7909999847412109,0.45299999237060545,0.05366135016083717,RightFoot,OpenPlay,SavedShot
694043,EPL,Liverpool,Fulham,1,8,Alexander Isak,0.94,0.6790000152587891,0.06006341427564621,LeftFoot,OpenPlay,MissedShots
694046,EPL,Liverpool,Fulham,1,21,Víctor Muñoz,0.980999984741211,0.605999984741211,0.18083463609218597,Head,FromCorner,SavedShot
694047,EPL,Liverpool,Fulham,1,23,Ryan Gravenberch,0.7440000152587891,0.425,0.018835963681340218,RightFoot,OpenPlay,BlockedShot
694048,EPL,Liverpool,Fulham,1,24,Florian Wirtz,0.9080000305175782,0.25,0.033646199852228165,RightFoot,OpenPlay,MissedShots
694050,EPL,Liverpool,Fulham,1,30,Florian Wirtz,0.8,0.500999984741211,0.047374285757541656,LeftFoot,OpenPlay,MissedShots
694053,EPL,Liverpool,Fulham,1,42,Bradley Barcola,0.915,0.5670000076293945,0.31734952330589294,RightFoot,OpenPlay,MissedShots
694056,EPL,Liverpool,Fulham,1,51,Alexander Isak,0.874000015258789,0.41900001525878905,0.1026579737663269,RightFoot,OpenPlay,SavedShot
694058,EPL,Liverpool,Fulham,1,66,Dominik Szoboszlai,0.7809999847412109,0.37599998474121094,0.028421998023986816,RightFoot,OpenPlay,SavedShot
694059,EPL,Liverpool,Fulham,1,66,Alexis Mac Allister,0.6530000305175782,0.48400001525878905,0.011301449500024319,RightFoot,OpenPlay,BlockedShot
694060,EPL,Liverpool,Fulham,1,73,Cody Gakpo,0.8859999847412109,0.3579999923706055,0.06711170822381973,LeftFoot,OpenPlay,BlockedShot
694066,EPL,Liverpool,Fulham,1,80,Florian Wirtz,0.879000015258789,0.6029999923706054,0.09929442405700684,RightFoot,OpenPlay,BlockedShot
694069,EPL,Liverpool,Fulham,1,90,Dominik Szoboszlai,0.665,0.43599998474121093,0.02836710959672928,RightFoot,DirectFreekick,BlockedShot
694070,EPL,Liverpool,Fulham,1,90,Alexander Isak,0.9640000152587891,0.4490000152587891,0.46733757853507996,Head,FromCorner,MissedShots
694071,EPL,Liverpool,Fulham,1,93,Rio Ngumoha,0.9259999847412109,0.5659999847412109,0.3357255458831787,RightFoot,OpenPlay,MissedShots
694044,EPL,Fulham,Liverpool,0,9,Joshua King,0.8619999694824219,0.535,0.10816656798124313,RightFoot,OpenPlay,MissedShots
694045,EPL,Fulham,Liverpool,0,10,Gonzalo García,0.8640000152587891,0.46799999237060547,0.3758644163608551,RightFoot,OpenPlay,BlockedShot
694049,EPL,Fulham,Liverpool,0,28,Joshua King,0.93,0.6990000152587891,0.04371991381049156,RightFoot,FromCorner,BlockedShot
694051,EPL,Fulham,Liverpool,0,32,Joshua King,0.874000015258789,0.6580000305175782,0.04950479790568352,RightFoot,FromCorner,SavedShot
694052,EPL,Fulham,Liverpool,0,36,Antonee Robinson,0.914000015258789,0.555,0.046513549983501434,Head,OpenPlay,MissedShots
694054,EPL,Fulham,Liverpool,0,48,Alex Iwobi,0.8469999694824218,0.6320000076293946,0.0970262810587883,RightFoot,OpenPlay,BlockedShot
694055,EPL,Fulham,Liverpool,0,48,Alex Iwobi,0.8480000305175781,0.6190000152587891,0.0846513956785202,RightFoot,OpenPlay,BlockedShot
694057,EPL,Fulham,Liverpool,0,63,Calvin Bassey,0.904000015258789,0.4809999847412109,0.06870248913764954,Head,FromCorner,SavedShot
694062,EPL,Fulham,Liverpool,0,75,Joshua King,0.785,0.64,0.027606673538684845,RightFoot,OpenPlay,SavedShot
694064,EPL,Fulham,Liverpool,0,78,Kevin,0.815,0.3089999961853027,0.02890990674495697,RightFoot,OpenPlay,MissedShots
694161,EPL,Tottenham,Everton,1,4,Jan Paul van Hecke,0.9580000305175781,0.3870000076293945,0.29471343755722046,RightFoot,SetPiece,MissedShots
694162,EPL,Tottenham,Everton,1,5,Mateus Fernandes,0.879000015258789,0.34700000762939454,0.06339439004659653,RightFoot,OpenPlay,BlockedShot
694163,EPL,Tottenham,Everton,1,8,Archie Gray,0.7319999694824219,0.509000015258789,0.011730891652405262,LeftFoot,OpenPlay,BlockedShot
694164,EPL,Tottenham,Everton,1,9,Omar Marmoush,0.715999984741211,0.4420000076293945,0.015689704567193985,RightFoot,OpenPlay,BlockedShot
694168,EPL,Tottenham,Everton,1,27,Mateus Fernandes,0.85,0.6619999694824219,0.018559975549578667,LeftFoot,FromCorner,MissedShots
694169,EPL,Tottenham,Everton,1,33,Andrew Robertson,0.9469999694824218,0.7369999694824219,0.03769857436418533,LeftFoot,OpenPlay,MissedShots
694170,EPL,Tottenham,Everton,1,36,Sandro Tonali,0.7180000305175781,0.4859999847412109,0.01618323288857937,LeftFoot,OpenPlay,BlockedShot
694172,EPL,Tottenham,Everton,1,46,Mateus Fernandes,0.74,0.40400001525878904,0.01770012080669403,LeftFoot,OpenPlay,SavedShot
694177,EPL,Tottenham,Everton,1,67,Sávio,0.885,0.29399999618530276,0.04445628821849823,LeftFoot,OpenPlay,BlockedShot
694181,EPL,Tottenham,Everton,1,79,Sandro Tonali,0.8019999694824219,0.47099998474121096,0.04891355335712433,RightFoot,OpenPlay,BlockedShot
694182,EPL,Tottenham,Everton,1,79,Sávio,0.8769999694824219,0.659000015258789,0.056082554161548615,RightFoot,OpenPlay,BlockedShot
694183,EPL,Tottenham,Everton,1,84,Archie Gray,0.9280000305175782,0.43200000762939456,0.053448792546987534,Head,OpenPlay,MissedShots
694184,EPL,Tottenham,Everton,1,88,Lucas Bergvall,0.784000015258789,0.495,0.037219829857349396,RightFoot,OpenPlay,SavedShot
694185,EPL,Tottenham,Everton,1,88,Mathys Tel,0.9209999847412109,0.7709999847412109,0.021064618602395058,RightFoot,FromCorner,BlockedShot
694165,EPL,Everton,Tottenham,0,15,Ainsley Maitland-Niles,0.7669999694824219,0.49400001525878906,0.020028606057167053,LeftFoot,FromCorner,MissedShots
694166,EPL,Everton,Tottenham,0,22,Thierno Barry,0.8690000152587891,0.4,0.07559147477149963,RightFoot,OpenPlay,BlockedShot
694167,EPL,Everton,Tottenham,0,23,Kiernan Dewsbury-Hall,0.825999984741211,0.49599998474121093,0.0572478324174881,LeftFoot,OpenPlay,BlockedShot
694171,EPL,Everton,Tottenham,0,45,James Garner,0.7530000305175781,0.6359999847412109,0.054564401507377625,RightFoot,DirectFreekick,SavedShot
694173,EPL,Everton,Tottenham,0,49,Thierno Barry,0.9719999694824218,0.42400001525878905,0.3749332129955292,Head,OpenPlay,SavedShot
694174,EPL,Everton,Tottenham,0,53,Thierno Barry,0.9590000152587891,0.5359999847412109,0.11739462614059448,Head,OpenPlay,BlockedShot
694175,EPL,Everton,Tottenham,0,53,Tyrique George,0.9,0.6759999847412109,0.04332851618528366,LeftFoot,FromCorner,BlockedShot
694176,EPL,Everton,Tottenham,0,64,Kiernan Dewsbury-Hall,0.8380000305175781,0.505,0.3385695219039917,LeftFoot,OpenPlay,SavedShot
694178,EPL,Everton,Tottenham,0,71,Thierno Barry,0.8880000305175781,0.4540000152587891,0.0638616755604744,Head,OpenPlay,MissedShots
694179,EPL,Everton,Tottenham,0,71,Thierno Barry,0.9280000305175782,0.4570000076293945,0.06935951113700867,Head,OpenPlay,BlockedShot
694180,EPL,Everton,Tottenham,0,74,Brennan Johnson,0.8580000305175781,0.5270000076293946,0.34610608220100403,RightFoot,OpenPlay,MissedShots
694186,EPL,Everton,Tottenham,0,90,Kiernan Dewsbury-Hall,0.8640000152587891,0.6819999694824219,0.03957044333219528,LeftFoot,OpenPlay,BlockedShot
694259,EPL,Sunderland,Arsenal,1,5,Enzo Le Fée,0.40299999237060546,0.295,0.00938910711556673,RightFoot,OpenPlay,MissedShots
694262,EPL,Sunderland,Arsenal,1,15,Dan Ballard,0.9469999694824218,0.3729999923706055,0.02095928229391575,OtherBodyPart,SetPiece,MissedShots
694266,EPL,Sunderland,Arsenal,1,34,Nordi Mukiele,0.75,0.3039999961853027,0.02010498009622097,RightFoot,OpenPlay,BlockedShot
694267,EPL,Sunderland,Arsenal,1,41,Thomas Meunier,0.8169999694824219,0.4,0.05047112703323364,LeftFoot,OpenPlay,BlockedShot
694268,EPL,Sunderland,Arsenal,1,43,Enzo Le Fée,0.77,0.3270000076293945,0.019380934536457062,LeftFoot,FromCorner,MissedShots
694269,EPL,Sunderland,Arsenal,1,46,Thomas Meunier,0.9080000305175782,0.30700000762939456,0.0513564869761467,RightFoot,OpenPlay,BlockedShot
694270,EPL,Sunderland,Arsenal,1,47,Noah Sadiki,0.78,0.6029999923706054,0.029835984110832214,LeftFoot,OpenPlay,MissedShots
694271,EPL,Sunderland,Arsenal,1,55,Enzo Le Fée,0.885,0.5,0.7611688375473022,RightFoot,Penalty,SavedShot
694273,EPL,Sunderland,Arsenal,1,63,Thomas Meunier,0.845,0.3579999923706055,0.04291006922721863,RightFoot,SetPiece,BlockedShot
694278,EPL,Sunderland,Arsenal,1,75,Nordi Mukiele,0.9219999694824219,0.54,0.4891440272331238,RightFoot,OpenPlay,BlockedShot
694279,EPL,Sunderland,Arsenal,1,82,Nordi Mukiele,0.894000015258789,0.49200000762939455,0.09732241183519363,RightFoot,FromCorner,MissedShots
694280,EPL,Sunderland,Arsenal,1,83,Nordi Mukiele,0.9530000305175781,0.5470000076293945,0.4782833456993103,RightFoot,FromCorner,SavedShot
694260,EPL,Arsenal,Sunderland,0,6,Riccardo Calafiori,0.835999984741211,0.5170000076293946,0.08511591702699661,RightFoot,OpenPlay,BlockedShot
694261,EPL,Arsenal,Sunderland,0,12,Bukayo Saka,0.9269999694824219,0.45799999237060546,0.3588208854198456,LeftFoot,OpenPlay,SavedShot
694263,EPL,Arsenal,Sunderland,0,22,Gabriel,0.72,0.615,0.0151820732280612,LeftFoot,OpenPlay,MissedShots
694264,EPL,Arsenal,Sunderland,0,30,Kai Havertz,0.9019999694824219,0.595999984741211,0.3808378577232361,LeftFoot,OpenPlay,MissedShots
694265,EPL,Arsenal,Sunderland,0,32,Kai Havertz,0.8769999694824219,0.5579999923706055,0.07654721289873123,LeftFoot,OpenPlay,SavedShot
694272,EPL,Arsenal,Sunderland,0,57,Bruno Guimarães,0.7719999694824219,0.5220000076293946,0.031250499188899994,RightFoot,OpenPlay,Goal
694274,EPL,Arsenal,Sunderland,0,71,Bukayo Saka,0.794000015258789,0.465,0.057811394333839417,LeftFoot,OpenPlay,BlockedShot
694275,EPL,Arsenal,Sunderland,0,73,Bukayo Saka,0.9019999694824219,0.3609999847412109,0.1320675015449524,RightFoot,OpenPlay,SavedShot
694276,EPL,Arsenal,Sunderland,0,74,Kai Havertz,0.965999984741211,0.605999984741211,0.03981488570570946,Head,FromCorner,MissedShots
694277,EPL,Arsenal,Sunderland,0,74,Bruno Guimarães,0.875999984741211,0.7169999694824218,0.05042922496795654,RightFoot,OpenPlay,MissedShots
694281,EPL,Arsenal,Sunderland,0,96,Bukayo Saka,0.885,0.5,0.7611688375473022,LeftFoot,Penalty,Goal
694489,EPL,Coventry,Brighton,1,20,Taiwo Awoniyi,0.8959999847412109,0.6430000305175781,0.09361523389816284,RightFoot,OpenPlay,MissedShots
694490,EPL,Coventry,Brighton,1,20,Ephron Mason-Clark,0.889000015258789,0.5459999847412109,0.10390935838222504,LeftFoot,OpenPlay,SavedShot
694491,EPL,Coventry,Brighton,1,22,Jack Rudoni,0.899000015258789,0.5640000152587891,0.033303599804639816,Head,OpenPlay,MissedShots
694492,EPL,Coventry,Brighton,1,26,Jack Rudoni,0.9290000152587891,0.43400001525878906,0.3339707553386688,RightFoot,OpenPlay,SavedShot
694493,EPL,Coventry,Brighton,1,26,Bobby Thomas,0.9540000152587891,0.575999984741211,0.05050162971019745,Head,OpenPlay,MissedShots
694494,EPL,Coventry,Brighton,1,31,Frank Onyeka,0.85,0.35400001525878905,0.04409420117735863,RightFoot,SetPiece,SavedShot
694495,EPL,Coventry,Brighton,1,32,Bobby Thomas,0.8980000305175782,0.485,0.020081235095858574,Head,FromCorner,MissedShots
694498,EPL,Coventry,Brighton,1,37,Ephron Mason-Clark,0.9630000305175781,0.544000015258789,0.13558629155158997,RightFoot,OpenPlay,BlockedShot
694499,EPL,Coventry,Brighton,1,38,Ethan Pinnock,0.8809999847412109,0.5690000152587891,0.027550620958209038,Head,FromCorner,MissedShots
694500,EPL,Coventry,Brighton,1,41,Matt Grimes,0.7680000305175781,0.4829999923706055,0.028352288529276848,LeftFoot,OpenPlay,BlockedShot
694504,EPL,Coventry,Brighton,1,45,Ephron Mason-Clark,0.8580000305175781,0.5279999923706055,0.07691387832164764,RightFoot,OpenPlay,SavedShot
694508,EPL,Coventry,Brighton,1,77,Brandon Thomas-Asante,0.884000015258789,0.39099998474121095,0.07092874497175217,RightFoot,OpenPlay,SavedShot
694511,EPL,Coventry,Brighton,1,81,Bobby Thomas,0.8619999694824219,0.575999984741211,0.025589922443032265,Head,OpenPlay,MissedShots
694516,EPL,Coventry,Brighton,1,92,Brandon Thomas-Asante,0.7859999847412109,0.385,0.030319441109895706,RightFoot,OpenPlay,SavedShot
694482,EPL,Brighton,Coventry,0,5,Diego Gómez,0.904000015258789,0.3679999923706055,0.07222168892621994,RightFoot,OpenPlay,MissedShots
694483,EPL,Brighton,Coventry,0,8,Yasin Ayari,0.745999984741211,0.6840000152587891,0.013900995254516602,RightFoot,OpenPlay,BlockedShot
694484,EPL,Brighton,Coventry,0,10,Charalampos Kostoulas,0.9030000305175782,0.5229999923706055,0.10078267753124237,Head,SetPiece,MissedShots
694485,EPL,Brighton,Coventry,0,12,Olivier Boscagli,0.44099998474121094,0.47400001525878904,0.009679523296654224,LeftFoot,OpenPlay,MissedShots
694486,EPL,Brighton,Coventry,0,16,Malick Yalcouyé,0.874000015258789,0.4640000152587891,0.11462853103876114,RightFoot,OpenPlay,BlockedShot
694487,EPL,Brighton,Coventry,0,16,Charalampos Kostoulas,0.9480000305175781,0.37400001525878906,0.3212198317050934,RightFoot,OpenPlay,MissedShots
694488,EPL,Brighton,Coventry,0,17,Malick Yalcouyé,0.915,0.5890000152587891,0.145358145236969,RightFoot,OpenPlay,SavedShot
694496,EPL,Brighton,Coventry,0,34,Charalampos Kostoulas,0.9130000305175782,0.35400001525878905,0.35207563638687134,RightFoot,OpenPlay,Goal
694497,EPL,Brighton,Coventry,0,36,Pascal Groß,0.7569999694824219,0.600999984741211,0.024103153496980667,RightFoot,OpenPlay,MissedShots
694501,EPL,Brighton,Coventry,0,45,Luka Vuskovic,0.8640000152587891,0.48700000762939455,0.09791193902492523,RightFoot,OpenPlay,BlockedShot
694502,EPL,Brighton,Coventry,0,45,Diego Gómez,0.855,0.315,0.05674611032009125,RightFoot,OpenPlay,BlockedShot
694503,EPL,Brighton,Coventry,0,46,Luka Vuskovic,0.9209999847412109,0.64,0.024772649630904198,Head,SetPiece,MissedShots
694505,EPL,Brighton,Coventry,0,50,Malick Yalcouyé,0.8830000305175781,0.6270000076293946,0.2705610990524292,RightFoot,OpenPlay,Goal
694506,EPL,Brighton,Coventry,0,69,Pascal Groß,0.885,0.5,0.7611688375473022,RightFoot,Penalty,Goal
694507,EPL,Brighton,Coventry,0,73,Chema Andres,0.534000015258789,0.33599998474121096,0.008933259174227715,RightFoot,OpenPlay,MissedShots
694509,EPL,Brighton,Coventry,0,80,Ibrahim Osman,0.8919999694824219,0.6990000152587891,0.07045881450176239,RightFoot,OpenPlay,BlockedShot
694510,EPL,Brighton,Coventry,0,80,Yasin Ayari,0.914000015258789,0.49900001525878906,0.1450478434562683,RightFoot,OpenPlay,SavedShot
694512,EPL,Brighton,Coventry,0,82,Lewis Dunk,0.7319999694824219,0.44299999237060544,0.020308176055550575,RightFoot,OpenPlay,Goal
694513,EPL,Brighton,Coventry,0,85,Ibrahim Osman,0.865999984741211,0.6959999847412109,0.06564544886350632,RightFoot,OpenPlay,MissedShots
694514,EPL,Brighton,Coventry,0,88,Maxim De Cuyper,0.75,0.46900001525878904,0.029219595715403557,LeftFoot,OpenPlay,MissedShots
694515,EPL,Brighton,Coventry,0,90,Yasin Ayari,0.745999984741211,0.5209999847412109,0.03589382395148277,RightFoot,OpenPlay,MissedShots
694517,EPL,Brighton,Coventry,0,93,Yasin Ayari,0.8090000152587891,0.545,0.07158660143613815,RightFoot,OpenPlay,Goal
694675,EPL,Manchester United,Manchester City,1,6,Lisandro Martínez,0.805,0.664000015258789,0.024897199124097824,LeftFoot,SetPiece,SavedShot
694676,EPL,Manchester United,Manchester City,1,10,Matheus Cunha,0.7569999694824219,0.27799999237060546,0.033568739891052246,RightFoot,OpenPlay,MissedShots
694677,EPL,Manchester United,Manchester City,1,20,Marcus Rashford,0.8619999694824219,0.6419999694824219,0.07172597944736481,RightFoot,OpenPlay,BlockedShot
694679,EPL,Manchester United,Manchester City,1,41,Harry Maguire,0.755,0.25299999237060544,0.01204543374478817,RightFoot,OpenPlay,MissedShots
694680,EPL,Manchester United,Manchester City,1,44,Marcus Rashford,0.7219999694824218,0.5559999847412109,0.04606293514370918,RightFoot,DirectFreekick,ShotOnPost
694681,EPL,Manchester United,Manchester City,1,46,Diogo Dalot,0.7680000305175781,0.4829999923706055,0.020177239552140236,RightFoot,FromCorner,MissedShots
694682,EPL,Manchester United,Manchester City,1,50,Kobbie Mainoo,0.7659999847412109,0.5790000152587891,0.02268391102552414,RightFoot,OpenPlay,ShotOnPost
694683,EPL,Manchester United,Manchester City,1,51,Marcus Rashford,0.9409999847412109,0.6830000305175781,0.0973280668258667,LeftFoot,OpenPlay,BlockedShot
694684,EPL,Manchester United,Manchester City,1,54,Bryan Mbeumo,0.8130000305175781,0.2720000076293945,0.024167703464627266,LeftFoot,OpenPlay,MissedShots
694685,EPL,Manchester United,Manchester City,1,55,Matheus Cunha,0.850999984741211,0.3129999923706055,0.04503127560019493,RightFoot,OpenPlay,MissedShots
694688,EPL,Manchester United,Manchester City,1,69,Bruno Fernandes,0.784000015258789,0.26899999618530274,0.01904783770442009,RightFoot,OpenPlay,SavedShot
694689,EPL,Manchester United,Manchester City,1,70,Benjamin Sesko,0.7430000305175781,0.5540000152587891,0.038653116673231125,RightFoot,OpenPlay,BlockedShot
694690,EPL,Manchester United,Manchester City,1,72,Bryan Mbeumo,0.9109999847412109,0.44,0.03936776891350746,Head,OpenPlay,MissedShots
694693,EPL,Manchester United,Manchester City,1,85,Matheus Cunha,0.7659999847412109,0.5540000152587891,0.028872916474938393,RightFoot,OpenPlay,BlockedShot
694694,EPL,Manchester United,Manchester City,1,85,Harry Maguire,0.9180000305175782,0.5370000076293945,0.03639351204037666,Head,FromCorner,MissedShots
694695,EPL,Manchester United,Manchester City,1,94,Bryan Mbeumo,0.8809999847412109,0.425,0.38338276743888855,RightFoot,OpenPlay,SavedShot
694674,EPL,Manchester City,Manchester United,0,2,Enzo Fernández,0.7930000305175782,0.5670000076293945,0.04192648082971573,LeftFoot,OpenPlay,BlockedShot
694678,EPL,Manchester City,Manchester United,0,26,Mathis Cherki,0.7980000305175782,0.52,0.017668453976511955,LeftFoot,FromCorner,BlockedShot
694686,EPL,Manchester City,Manchester United,0,59,Erling Haaland,0.975,0.4329999923706055,0.5806290507316589,LeftFoot,OpenPlay,Goal
694687,EPL,Manchester City,Manchester United,0,68,Enzo Fernández,0.8119999694824219,0.519000015258789,0.10276947915554047,RightFoot,OpenPlay,SavedShot
694691,EPL,Manchester City,Manchester United,0,75,Erling Haaland,0.91,0.5209999847412109,0.3822433650493622,LeftFoot,SetPiece,MissedShots
694692,EPL,Manchester City,Manchester United,0,82,Josko Gvardiol,0.7419999694824219,0.5790000152587891,0.015497304499149323,RightFoot,FromCorner,BlockedShot
695016,EPL,Leeds,Newcastle United,1,10,Ethan Ampadu,0.79,0.539000015258789,0.030708329752087593,RightFoot,OpenPlay,BlockedShot
695017,EPL,Leeds,Newcastle United,1,13,Jayden Bogle,0.9519999694824218,0.4540000152587891,0.12918546795845032,LeftFoot,OpenPlay,SavedShot
695018,EPL,Leeds,Newcastle United,1,24,Jayden Bogle,0.8469999694824218,0.27600000381469725,0.021114017814397812,RightFoot,FromCorner,SavedShot
695019,EPL,Leeds,Newcastle United,1,26,Nico Elvedi,0.9519999694824218,0.325,0.06441646814346313,RightFoot,OpenPlay,MissedShots
695020,EPL,Leeds,Newcastle United,1,27,Noah Okafor,0.7809999847412109,0.7569999694824219,0.03813903033733368,RightFoot,OpenPlay,BlockedShot
695021,EPL,Leeds,Newcastle United,1,31,Ao Tanaka,0.8130000305175781,0.500999984741211,0.060482900589704514,RightFoot,OpenPlay,BlockedShot
695023,EPL,Leeds,Newcastle United,1,33,Dominic Calvert-Lewin,0.919000015258789,0.48400001525878905,0.06861258298158646,Head,OpenPlay,BlockedShot
695024,EPL,Leeds,Newcastle United,1,33,Jayden Bogle,0.924000015258789,0.49200000762939455,0.08016899973154068,Head,OpenPlay,Goal
695025,EPL,Leeds,Newcastle United,1,37,Dominic Calvert-Lewin,0.960999984741211,0.5420000076293945,0.7352690100669861,RightFoot,OpenPlay,SavedShot
695026,EPL,Leeds,Newcastle United,1,37,Dominic Calvert-Lewin,0.8590000152587891,0.5170000076293946,0.029001515358686447,Head,OpenPlay,MissedShots
695028,EPL,Leeds,Newcastle United,1,45,Dominic Calvert-Lewin,0.9119999694824219,0.590999984741211,0.4843495786190033,RightFoot,OpenPlay,Goal
695030,EPL,Leeds,Newcastle United,1,54,Anton Stach,0.9,0.37599998474121094,0.41770607233047485,LeftFoot,OpenPlay,MissedShots
695031,EPL,Leeds,Newcastle United,1,58,Noah Okafor,0.8469999694824218,0.66,0.05295500531792641,LeftFoot,OpenPlay,Goal
695036,EPL,Leeds,Newcastle United,1,84,Daniel James,0.7909999847412109,0.620999984741211,0.04158976674079895,RightFoot,OpenPlay,BlockedShot
695038,EPL,Leeds,Newcastle United,1,93,Daniel James,0.8119999694824219,0.6090000152587891,0.03650560602545738,LeftFoot,OpenPlay,MissedShots
695022,EPL,Newcastle United,Leeds,0,31,Lewis Miley,0.14699999809265138,0.46599998474121096,0,LeftFoot,OpenPlay,OwnGoal
695027,EPL,Newcastle United,Leeds,0,40,Harvey Barnes,0.9119999694824219,0.5890000152587891,0.5448276400566101,LeftFoot,OpenPlay,SavedShot
695029,EPL,Newcastle United,Leeds,0,53,Lewis Hall,0.79,0.7230000305175781,0.012635965831577778,LeftFoot,OpenPlay,SavedShot
695032,EPL,Newcastle United,Leeds,0,64,Harvey Barnes,0.7559999847412109,0.6790000152587891,0.015130631625652313,RightFoot,OpenPlay,SavedShot
695033,EPL,Newcastle United,Leeds,0,71,Yoane Wissa,0.91,0.5120000076293946,0.05326884984970093,Head,OpenPlay,MissedShots
695034,EPL,Newcastle United,Leeds,0,71,Joe Willock,0.9830000305175781,0.6029999923706054,0.06612703949213028,LeftFoot,OpenPlay,ShotOnPost
695035,EPL,Newcastle United,Leeds,0,76,Joe Willock,0.785,0.7290000152587891,0.019335178658366203,RightFoot,OpenPlay,SavedShot
695037,EPL,Newcastle United,Leeds,0,89,Bazoumana Touré,0.91,0.5429999923706055,0.08536180853843689,LeftFoot,OpenPlay,Goal
695603,EPL,Brentford,Chelsea,1,4,Thiago,0.860999984741211,0.47299999237060547,0.06757126748561859,RightFoot,OpenPlay,MissedShots
695606,EPL,Brentford,Chelsea,1,22,Keane Lewis-Potter,0.8530000305175781,0.3579999923706055,0.053946640342473984,RightFoot,OpenPlay,BlockedShot
695608,EPL,Brentford,Chelsea,1,36,Yehor Yarmolyuk,0.759000015258789,0.47900001525878905,0.024220749735832214,RightFoot,OpenPlay,SavedShot
695609,EPL,Brentford,Chelsea,1,38,Mikkel Damsgaard,0.7609999847412109,0.6270000076293946,0.021155698224902153,RightFoot,OpenPlay,MissedShots
695611,EPL,Brentford,Chelsea,1,42,Kevin Schade,0.8580000305175781,0.45,0.07087831199169159,LeftFoot,OpenPlay,BlockedShot
695612,EPL,Brentford,Chelsea,1,42,Vitaly Janelt,0.7219999694824218,0.545,0.011909629218280315,LeftFoot,OpenPlay,BlockedShot
695613,EPL,Brentford,Chelsea,1,42,Keane Lewis-Potter,0.8580000305175781,0.69,0.04020055755972862,RightFoot,OpenPlay,SavedShot
695615,EPL,Brentford,Chelsea,1,58,Thiago,0.7569999694824219,0.4909999847412109,0.02238944172859192,RightFoot,OpenPlay,MissedShots
695617,EPL,Brentford,Chelsea,1,60,Jaidon Anthony,0.9880000305175781,0.5259999847412109,0.832377552986145,Head,FromCorner,Goal
695618,EPL,Brentford,Chelsea,1,63,Kevin Schade,0.8430000305175781,0.5209999847412109,0.10438083112239838,RightFoot,OpenPlay,BlockedShot
695624,EPL,Brentford,Chelsea,1,82,Kevin Schade,0.8580000305175781,0.5920000076293945,0.3358362317085266,RightFoot,OpenPlay,SavedShot
695625,EPL,Brentford,Chelsea,1,82,Thiago,0.8880000305175781,0.4620000076293945,0.5215551853179932,RightFoot,OpenPlay,Goal
695627,EPL,Brentford,Chelsea,1,93,Fabio Carvalho,0.975999984741211,0.41700000762939454,0.5489259362220764,RightFoot,OpenPlay,Goal
695604,EPL,Chelsea,Brentford,0,9,Pedro Neto,0.86,0.37099998474121093,0.07615739852190018,LeftFoot,OpenPlay,SavedShot
695605,EPL,Chelsea,Brentford,0,9,Morgan Rogers,0.8580000305175781,0.544000015258789,0.07131139934062958,LeftFoot,OpenPlay,MissedShots
695607,EPL,Chelsea,Brentford,0,29,Morgan Rogers,0.815,0.295,0.07471343874931335,RightFoot,DirectFreekick,SavedShot
695610,EPL,Chelsea,Brentford,0,40,Morgan Rogers,0.8769999694824219,0.6790000152587891,0.056782010942697525,LeftFoot,OpenPlay,BlockedShot
695614,EPL,Chelsea,Brentford,0,51,Morgan Rogers,0.7080000305175781,0.625999984741211,0.01227676309645176,RightFoot,OpenPlay,BlockedShot
695616,EPL,Chelsea,Brentford,0,58,Pep Chavarría,0.8719999694824219,0.7469999694824219,0.029501985758543015,LeftFoot,OpenPlay,MissedShots
695619,EPL,Chelsea,Brentford,0,65,Pedro Neto,0.8030000305175782,0.47,0.05047351494431496,LeftFoot,OpenPlay,BlockedShot
695620,EPL,Chelsea,Brentford,0,67,Cole Palmer,0.845999984741211,0.5170000076293946,0.05379445478320122,LeftFoot,OpenPlay,BlockedShot
695621,EPL,Chelsea,Brentford,0,75,Valentín Barco,0.84,0.49700000762939456,0.05497467890381813,LeftFoot,FromCorner,BlockedShot
695622,EPL,Chelsea,Brentford,0,77,Cole Palmer,0.8919999694824219,0.5590000152587891,0.09079276770353317,LeftFoot,OpenPlay,BlockedShot
695623,EPL,Chelsea,Brentford,0,79,Geovany Quenda,0.7709999847412109,0.509000015258789,0.03159583359956741,RightFoot,FromCorner,BlockedShot
695626,EPL,Chelsea,Brentford,0,92,Maxence Lacroix,0.9180000305175782,0.44099998474121094,0.2881680727005005,Head,SetPiece,MissedShots
695661,EPL,Tottenham,Aston Villa,1,10,Sávio,0.889000015258789,0.46599998474121096,0.10445120930671692,LeftFoot,OpenPlay,SavedShot
695662,EPL,Tottenham,Aston Villa,1,10,Sávio,0.9180000305175782,0.435,0.12913598120212555,RightFoot,OpenPlay,SavedShot
695663,EPL,Tottenham,Aston Villa,1,10,Pedro Porro,0.7219999694824218,0.37599998474121094,0.013367936946451664,RightFoot,FromCorner,MissedShots
695665,EPL,Tottenham,Aston Villa,1,20,Archie Gray,0.955,0.3370000076293945,0.26147425174713135,RightFoot,OpenPlay,SavedShot
695666,EPL,Tottenham,Aston Villa,1,20,Sávio,0.8030000305175782,0.3609999847412109,0.022570958361029625,LeftFoot,FromCorner,SavedShot
695667,EPL,Tottenham,Aston Villa,1,23,Mateus Fernandes,0.7619999694824219,0.31,0.020287513732910156,RightFoot,OpenPlay,MissedShots
695671,EPL,Tottenham,Aston Villa,1,32,Sandro Tonali,0.7219999694824218,0.6179999923706054,0.013529169373214245,RightFoot,OpenPlay,BlockedShot
695672,EPL,Tottenham,Aston Villa,1,33,Dominic Solanke,0.960999984741211,0.580999984741211,0.04900259152054787,Head,FromCorner,BlockedShot
695673,EPL,Tottenham,Aston Villa,1,33,Sandro Tonali,0.965,0.66,0.05705655366182327,RightFoot,FromCorner,BlockedShot
695677,EPL,Tottenham,Aston Villa,1,49,Mateus Fernandes,0.8530000305175781,0.6680000305175782,0.03425134718418121,LeftFoot,OpenPlay,MissedShots
695683,EPL,Tottenham,Aston Villa,1,65,Dominic Solanke,0.914000015258789,0.5609999847412109,0.02186047099530697,Head,FromCorner,MissedShots
695685,EPL,Tottenham,Aston Villa,1,69,Sandro Tonali,0.7619999694824219,0.6120000076293945,0.02488102950155735,RightFoot,FromCorner,MissedShots
695686,EPL,Tottenham,Aston Villa,1,74,Omar Marmoush,0.8159999847412109,0.6559999847412109,0.04100046306848526,RightFoot,OpenPlay,BlockedShot
695687,EPL,Tottenham,Aston Villa,1,75,Mohammed Kudus,0.7969999694824219,0.43200000762939456,0.026830822229385376,LeftFoot,FromCorner,MissedShots
695689,EPL,Tottenham,Aston Villa,1,80,James Maddison,0.8730000305175781,0.49200000762939455,0.03084542788565159,Head,OpenPlay,MissedShots
695690,EPL,Tottenham,Aston Villa,1,85,Conor Gallagher,0.9590000152587891,0.4129999923706055,0.3784862160682678,RightFoot,OpenPlay,Goal
695692,EPL,Tottenham,Aston Villa,1,92,James Maddison,0.9390000152587891,0.835,0.05921987071633339,RightFoot,DirectFreekick,SavedShot
695693,EPL,Tottenham,Aston Villa,1,92,Mohammed Kudus,0.9159999847412109,0.3320000076293945,0.05322973057627678,RightFoot,SetPiece,MissedShots
695694,EPL,Tottenham,Aston Villa,1,94,Micky van de Ven,0.895,0.5270000076293946,0.04320061579346657,Head,FromCorner,MissedShots
695695,EPL,Tottenham,Aston Villa,1,97,Jan Paul van Hecke,0.9319999694824219,0.4490000152587891,0.3565290868282318,Head,SetPiece,Goal
695664,EPL,Aston Villa,Tottenham,0,14,Johan Manzambi,0.8419999694824218,0.29100000381469726,0.03352085500955582,LeftFoot,OpenPlay,SavedShot
695668,EPL,Aston Villa,Tottenham,0,26,Emiliano Buendía,0.8859999847412109,0.6359999847412109,0.07387425005435944,RightFoot,OpenPlay,SavedShot
695669,EPL,Aston Villa,Tottenham,0,27,Nicolas Jackson,0.8159999847412109,0.539000015258789,0.05814366787672043,RightFoot,OpenPlay,MissedShots
695670,EPL,Aston Villa,Tottenham,0,30,Johan Manzambi,0.7290000152587891,0.4809999847412109,0.024870309978723526,RightFoot,OpenPlay,MissedShots
695674,EPL,Aston Villa,Tottenham,0,40,Matteo Ruggeri,0.8030000305175782,0.705999984741211,0.024554578587412834,LeftFoot,OpenPlay,MissedShots
695675,EPL,Aston Villa,Tottenham,0,48,Boubacar Kamara,0.8780000305175781,0.37,0.07655446976423264,RightFoot,OpenPlay,MissedShots
695676,EPL,Aston Villa,Tottenham,0,48,Johan Manzambi,0.9640000152587891,0.525,0.7033279538154602,LeftFoot,OpenPlay,Goal
695678,EPL,Aston Villa,Tottenham,0,52,Johan Manzambi,0.8390000152587891,0.49200000762939455,0.09854073822498322,RightFoot,OpenPlay,BlockedShot
695679,EPL,Aston Villa,Tottenham,0,52,Nicolas Jackson,0.8909999847412109,0.37799999237060544,0.07089414447546005,LeftFoot,OpenPlay,MissedShots
695680,EPL,Aston Villa,Tottenham,0,52,Nicolas Jackson,0.8630000305175781,0.67,0.3174024522304535,RightFoot,OpenPlay,SavedShot
695681,EPL,Aston Villa,Tottenham,0,55,Nicolas Jackson,0.725,0.6509999847412109,0.026407653465867043,RightFoot,OpenPlay,MissedShots
695682,EPL,Aston Villa,Tottenham,0,57,Nicolas Jackson,0.764000015258789,0.6070000076293945,0.049621276557445526,RightFoot,OpenPlay,BlockedShot
695684,EPL,Aston Villa,Tottenham,0,66,Nicolas Jackson,0.845999984741211,0.4109999847412109,0.11559703201055527,RightFoot,OpenPlay,Goal
695688,EPL,Aston Villa,Tottenham,0,78,Emiliano Buendía,0.7380000305175781,0.48700000762939455,0.02037634700536728,RightFoot,OpenPlay,Goal
695691,EPL,Aston Villa,Tottenham,0,87,Emiliano Buendía,0.9119999694824219,0.6419999694824219,0.06935924291610718,LeftFoot,OpenPlay,BlockedShot
695906,EPL,Newcastle United,Hull,1,2,Joe Willock,0.84,0.6480000305175782,0.051108699291944504,RightFoot,OpenPlay,BlockedShot
695907,EPL,Newcastle United,Hull,1,2,Joe Willock,0.9069999694824219,0.615,0.10983467847108841,LeftFoot,OpenPlay,Goal
695908,EPL,Newcastle United,Hull,1,5,Jacob Murphy,0.779000015258789,0.2610000038146973,0.023456374183297157,LeftFoot,OpenPlay,MissedShots
695909,EPL,Newcastle United,Hull,1,6,Lewis Hall,0.894000015258789,0.69,0.0958942100405693,LeftFoot,OpenPlay,Goal
695912,EPL,Newcastle United,Hull,1,29,Jacob Murphy,0.7930000305175782,0.19,0.014691478572785854,RightFoot,OpenPlay,MissedShots
695913,EPL,Newcastle United,Hull,1,32,Lewis Hall,0.970999984741211,0.6029999923706054,0.12469059973955154,RightFoot,OpenPlay,MissedShots
695914,EPL,Newcastle United,Hull,1,46,Yoane Wissa,0.885,0.5,0.7611688375473022,RightFoot,Penalty,SavedShot
695917,EPL,Newcastle United,Hull,1,51,Sven Botman,0.909000015258789,0.4420000076293945,0.034860339015722275,Head,SetPiece,SavedShot
695919,EPL,Newcastle United,Hull,1,54,Matias Fernandez-Pardo,0.860999984741211,0.27100000381469724,0.05241232365369797,RightFoot,OpenPlay,BlockedShot
695922,EPL,Newcastle United,Hull,1,63,Harvey Barnes,0.845999984741211,0.7419999694824219,0.04395420104265213,RightFoot,OpenPlay,MissedShots
695931,EPL,Newcastle United,Hull,1,83,Harvey Barnes,0.9109999847412109,0.715,0.0446467325091362,LeftFoot,SetPiece,SavedShot
695934,EPL,Newcastle United,Hull,1,89,Yoane Wissa,0.7119999694824218,0.5159999847412109,0.01849367655813694,RightFoot,OpenPlay,MissedShots
695910,EPL,Hull,Newcastle United,0,15,Mohamed Belloumi,0.945,0.32799999237060545,0.28358206152915955,LeftFoot,OpenPlay,SavedShot
695911,EPL,Hull,Newcastle United,0,22,Sorba Thomas,0.9209999847412109,0.48200000762939454,0.08537214249372482,RightFoot,OpenPlay,BlockedShot
695915,EPL,Hull,Newcastle United,0,47,Sorba Thomas,0.7859999847412109,0.61,0.020091239362955093,LeftFoot,OpenPlay,MissedShots
695916,EPL,Hull,Newcastle United,0,45,John Egan,0.5020000076293946,0.49900001525878906,0.005327400751411915,RightFoot,OpenPlay,SavedShot
695918,EPL,Hull,Newcastle United,0,52,Mohamed Belloumi,0.87,0.28899999618530275,0.04490264132618904,LeftFoot,OpenPlay,MissedShots
695920,EPL,Hull,Newcastle United,0,58,Mohamed Belloumi,0.7730000305175782,0.46900001525878904,0.035237062722444534,LeftFoot,OpenPlay,MissedShots
695921,EPL,Hull,Newcastle United,0,62,Oliver McBurnie,0.8640000152587891,0.36,0.060034215450286865,LeftFoot,OpenPlay,BlockedShot
695923,EPL,Hull,Newcastle United,0,66,Mohamed Ali-Cho,0.874000015258789,0.3729999923706055,0.08657335489988327,LeftFoot,OpenPlay,Goal
695924,EPL,Hull,Newcastle United,0,71,Regan Slater,0.8440000152587891,0.48700000762939455,0.07719243317842484,RightFoot,OpenPlay,BlockedShot
695925,EPL,Hull,Newcastle United,0,72,Mohamed Belloumi,0.745,0.49,0.02109435759484768,LeftFoot,OpenPlay,SavedShot
695926,EPL,Hull,Newcastle United,0,78,Lucas Herrington,0.894000015258789,0.4179999923706055,0.01489282213151455,Head,SetPiece,BlockedShot
695927,EPL,Hull,Newcastle United,0,79,Mohamed Belloumi,0.7730000305175782,0.35700000762939454,0.039661310613155365,LeftFoot,OpenPlay,BlockedShot
695928,EPL,Hull,Newcastle United,0,80,Semi Ajayi,0.8769999694824219,0.37799999237060544,0.011457978747785091,Head,FromCorner,MissedShots
695929,EPL,Hull,Newcastle United,0,80,Oliver McBurnie,0.9230000305175782,0.45,0.11996345221996307,RightFoot,OpenPlay,BlockedShot
695930,EPL,Hull,Newcastle United,0,81,Tim Iroegbunam,0.9159999847412109,0.5740000152587891,0.083583764731884,RightFoot,OpenPlay,MissedShots
695932,EPL,Hull,Newcastle United,0,83,Joe Gelhardt,0.8690000152587891,0.3060000038146973,0.03587579354643822,LeftFoot,OpenPlay,BlockedShot
695933,EPL,Hull,Newcastle United,0,84,Oliver McBurnie,0.9180000305175782,0.5109999847412109,0.053308531641960144,Head,OpenPlay,BlockedShot
695935,EPL,Hull,Newcastle United,0,89,Lucas Gourna Douath,0.7609999847412109,0.4379999923706055,0.011333160102367401,RightFoot,OpenPlay,BlockedShot
695936,EPL,Hull,Newcastle United,0,90,Joe Gelhardt,0.7759999847412109,0.385,0.02094908244907856,LeftFoot,FromCorner,BlockedShot
695937,EPL,Hull,Newcastle United,0,90,Joe Gelhardt,0.8209999847412109,0.37599998474121094,0.029748642817139626,LeftFoot,FromCorner,MissedShots
695938,EPL,Hull,Newcastle United,0,94,Tim Iroegbunam,0.8030000305175782,0.2989999961853027,0.020076420158147812,RightFoot,OpenPlay,BlockedShot
695939,EPL,Brighton,Arsenal,1,2,Ferdi Kadioglu,0.76,0.39799999237060546,0.02029227465391159,LeftFoot,OpenPlay,MissedShots
695940,EPL,Brighton,Arsenal,1,6,Charalampos Kostoulas,0.8430000305175781,0.27600000381469725,0.03133438527584076,RightFoot,OpenPlay,SavedShot
695941,EPL,Brighton,Arsenal,1,7,Yasin Ayari,0.9109999847412109,0.42900001525878906,0.09612538665533066,RightFoot,FromCorner,BlockedShot
695943,EPL,Brighton,Arsenal,1,30,Pascal Groß,0.794000015258789,0.30700000762939456,0.025068163871765137,RightFoot,OpenPlay,Goal
695944,EPL,Brighton,Arsenal,1,34,Charalampos Kostoulas,0.745999984741211,0.42700000762939455,0.025455445051193237,RightFoot,OpenPlay,MissedShots
695945,EPL,Brighton,Arsenal,1,39,Yasin Ayari,0.950999984741211,0.3129999923706055,0.3079378008842468,RightFoot,OpenPlay,MissedShots
695946,EPL,Brighton,Arsenal,1,44,Olivier Boscagli,0.725,0.535,0.014431899413466454,LeftFoot,FromCorner,BlockedShot
695949,EPL,Brighton,Arsenal,1,44,Charalampos Kostoulas,0.7559999847412109,0.41900001525878905,0.04861065745353699,RightFoot,OpenPlay,Goal
695950,EPL,Brighton,Arsenal,1,50,Charalampos Kostoulas,0.8059999847412109,0.33799999237060546,0.0877232775092125,RightFoot,OpenPlay,MissedShots
695952,EPL,Brighton,Arsenal,1,56,Chema Andres,0.9719999694824218,0.46700000762939453,0.5314098000526428,Head,FromCorner,Goal
695953,EPL,Brighton,Arsenal,1,67,Pascal Struijk,0.96,0.45299999237060545,0.0785112977027893,Head,FromCorner,MissedShots
695957,EPL,Brighton,Arsenal,1,75,Chema Andres,0.455,0.17299999237060548,0.010059038177132607,RightFoot,OpenPlay,MissedShots
695959,EPL,Brighton,Arsenal,1,78,Pascal Groß,0.919000015258789,0.6730000305175782,0.07168528437614441,RightFoot,OpenPlay,BlockedShot
695960,EPL,Brighton,Arsenal,1,79,Maxim De Cuyper,0.7959999847412109,0.39799999237060546,0.023966122418642044,LeftFoot,FromCorner,MissedShots
695961,EPL,Brighton,Arsenal,1,79,Georginio Rutter,0.9080000305175782,0.6379999923706055,0.06691907346248627,RightFoot,FromCorner,MissedShots
695962,EPL,Brighton,Arsenal,1,89,Matt O&#039;Riley,0.9180000305175782,0.4909999847412109,0.5785816311836243,LeftFoot,OpenPlay,SavedShot
695963,EPL,Brighton,Arsenal,1,89,Malick Yalcouyé,0.9569999694824218,0.3139999961853027,0.22820144891738892,RightFoot,OpenPlay,ShotOnPost
695942,EPL,Arsenal,Brighton,0,19,Riccardo Calafiori,0.8769999694824219,0.595,0.017656316980719566,Head,OpenPlay,BlockedShot
695947,EPL,Arsenal,Brighton,0,44,Martin Odegaard,0.85,0.33299999237060546,0.07202339917421341,LeftFoot,OpenPlay,BlockedShot
695948,EPL,Arsenal,Brighton,0,44,Bukayo Saka,0.9209999847412109,0.5470000076293945,0.6289855241775513,RightFoot,OpenPlay,SavedShot
695951,EPL,Arsenal,Brighton,0,54,Ezri Konsa Ngoyo,0.9459999847412109,0.495,0.07758472859859467,Head,FromCorner,BlockedShot
695954,EPL,Arsenal,Brighton,0,71,Riccardo Calafiori,0.924000015258789,0.6040000152587891,0.01513762678951025,Head,FromCorner,MissedShots
695955,EPL,Arsenal,Brighton,0,74,Bukayo Saka,0.9459999847412109,0.28600000381469726,0.036134351044893265,LeftFoot,OpenPlay,BlockedShot
695956,EPL,Arsenal,Brighton,0,75,Kai Havertz,0.9540000152587891,0.5170000076293946,0.08125142008066177,Head,FromCorner,MissedShots
695958,EPL,Arsenal,Brighton,0,77,Kai Havertz,0.8680000305175781,0.47400001525878904,0.2692977488040924,RightFoot,OpenPlay,SavedShot
695964,EPL,Arsenal,Brighton,0,92,Martín Zubimendi,0.955,0.4259999847412109,0.0485323965549469,Head,FromCorner,BlockedShot
695965,EPL,Arsenal,Brighton,0,92,Declan Rice,0.7,0.38099998474121094,0.007598702795803547,LeftFoot,OpenPlay,MissedShots
695966,EPL,Arsenal,Brighton,0,94,Martín Zubimendi,0.884000015258789,0.4420000076293945,0.03089350461959839,Head,OpenPlay,MissedShots
695993,EPL,Everton,Ipswich,1,1,Kiernan Dewsbury-Hall,0.7930000305175782,0.6179999923706054,0.03130697086453438,LeftFoot,OpenPlay,MissedShots
695994,EPL,Everton,Ipswich,1,4,Brennan Johnson,0.885,0.4490000152587891,0.3846111297607422,RightFoot,OpenPlay,MissedShots
695996,EPL,Everton,Ipswich,1,10,James Tarkowski,0.7340000152587891,0.47200000762939454,0.015648046508431435,RightFoot,OpenPlay,MissedShots
695997,EPL,Everton,Ipswich,1,10,Thierno Barry,0.9009999847412109,0.5059999847412109,0.3461049497127533,OtherBodyPart,OpenPlay,Goal
696001,EPL,Everton,Ipswich,1,30,Kiernan Dewsbury-Hall,0.7680000305175781,0.49900001525878906,0.041318926960229874,LeftFoot,OpenPlay,BlockedShot
696002,EPL,Everton,Ipswich,1,31,Vitalii Mykolenko,0.9540000152587891,0.6769999694824219,0.08575087785720825,LeftFoot,OpenPlay,BlockedShot
696003,EPL,Everton,Ipswich,1,32,Kiernan Dewsbury-Hall,0.8430000305175781,0.6419999694824219,0.05759311094880104,LeftFoot,OpenPlay,BlockedShot
696004,EPL,Everton,Ipswich,1,32,James Garner,0.8109999847412109,0.524000015258789,0.051029760390520096,RightFoot,OpenPlay,BlockedShot
696005,EPL,Everton,Ipswich,1,32,Thierno Barry,0.9109999847412109,0.544000015258789,0.285643994808197,Head,OpenPlay,MissedShots
696008,EPL,Everton,Ipswich,1,43,James Garner,0.7819999694824219,0.35400001525878905,0.03331044688820839,RightFoot,OpenPlay,BlockedShot
696012,EPL,Everton,Ipswich,1,63,Thierno Barry,0.9080000305175782,0.5129999923706055,0.2982735335826874,Head,OpenPlay,MissedShots
696013,EPL,Everton,Ipswich,1,65,Brennan Johnson,0.86,0.4420000076293945,0.11413321644067764,RightFoot,OpenPlay,MissedShots
696014,EPL,Everton,Ipswich,1,68,Kiernan Dewsbury-Hall,0.840999984741211,0.665,0.06056852638721466,LeftFoot,OpenPlay,BlockedShot
696015,EPL,Everton,Ipswich,1,70,Kiernan Dewsbury-Hall,0.9180000305175782,0.32099998474121094,0.04501374065876007,LeftFoot,FromCorner,MissedShots
696016,EPL,Everton,Ipswich,1,72,Harrison Armstrong,0.745999984741211,0.610999984741211,0.022856350988149643,RightFoot,OpenPlay,MissedShots
696017,EPL,Everton,Ipswich,1,75,Tyler Dibling,0.8419999694824218,0.33799999237060546,0.060922592878341675,LeftFoot,OpenPlay,SavedShot
696018,EPL,Everton,Ipswich,1,75,Kiernan Dewsbury-Hall,0.9530000305175781,0.5729999923706055,0.3731476664543152,Head,OpenPlay,MissedShots
696019,EPL,Everton,Ipswich,1,76,Tyler Dibling,0.9590000152587891,0.3340000152587891,0.09106361865997314,RightFoot,OpenPlay,MissedShots
696020,EPL,Everton,Ipswich,1,81,Tyler Dibling,0.9640000152587891,0.3509999847412109,0.09774820506572723,RightFoot,OpenPlay,BlockedShot
696023,EPL,Everton,Ipswich,1,85,Harrison Armstrong,0.8130000305175781,0.505,0.0732172355055809,RightFoot,OpenPlay,MissedShots
696024,EPL,Everton,Ipswich,1,88,Tyrique George,0.7719999694824219,0.6329999923706054,0.02194451168179512,RightFoot,OpenPlay,BlockedShot
695995,EPL,Ipswich,Everton,0,8,Emersonn,0.9359999847412109,0.305,0.06313977390527725,RightFoot,OpenPlay,SavedShot
695998,EPL,Ipswich,Everton,0,17,Julio Enciso,0.8669999694824219,0.4809999847412109,0.10590800642967224,RightFoot,OpenPlay,BlockedShot
695999,EPL,Ipswich,Everton,0,18,Abdul Fatawu,0.8980000305175782,0.21299999237060546,0.018316514790058136,LeftFoot,FromCorner,SavedShot
696000,EPL,Ipswich,Everton,0,25,Abdul Fatawu,0.4229999923706055,0.27399999618530274,0.00943888071924448,LeftFoot,OpenPlay,MissedShots
696006,EPL,Ipswich,Everton,0,34,Emersonn,0.9269999694824219,0.43,0.039098139852285385,Head,OpenPlay,MissedShots
696007,EPL,Ipswich,Everton,0,37,Leif Davis,0.9619999694824218,0.5620000076293945,0.5070245265960693,LeftFoot,OpenPlay,MissedShots
696009,EPL,Ipswich,Everton,0,45,Julio Enciso,0.9069999694824219,0.639000015258789,0.10374492406845093,LeftFoot,OpenPlay,SavedShot
696010,EPL,Ipswich,Everton,0,48,Guemissongui Ouattara,0.7040000152587891,0.34299999237060547,0.011039846576750278,RightFoot,OpenPlay,SavedShot
696011,EPL,Ipswich,Everton,0,62,Julio Enciso,0.7619999694824219,0.505,0.02734575979411602,RightFoot,OpenPlay,MissedShots
696021,EPL,Ipswich,Everton,0,84,Jaden Philogene-Bidace,0.7869999694824219,0.7030000305175781,0.01888122223317623,RightFoot,OpenPlay,BlockedShot
696022,EPL,Ipswich,Everton,0,85,Chuba Akpom,0.874000015258789,0.445,0.07161205261945724,RightFoot,OpenPlay,BlockedShot
696025,EPL,Ipswich,Everton,0,93,Zian Flemming,0.8780000305175781,0.63,0.05635302886366844,RightFoot,OpenPlay,MissedShots
696026,EPL,Ipswich,Everton,0,96,Issa Diop,0.86,0.4159999847412109,0.06988715380430222,LeftFoot,SetPiece,BlockedShot
696133,EPL,Nottingham Forest,Coventry,1,0,James McAtee,0.725,0.5879999923706055,0.007526865694671869,LeftFoot,OpenPlay,SavedShot
696135,EPL,Nottingham Forest,Coventry,1,12,Dan Ndoye,0.8719999694824219,0.5879999923706055,0.057772617787122726,RightFoot,OpenPlay,MissedShots
696136,EPL,Nottingham Forest,Coventry,1,12,James McAtee,0.8230000305175781,0.4109999847412109,0.039053454995155334,LeftFoot,OpenPlay,BlockedShot
696139,EPL,Nottingham Forest,Coventry,1,17,Dan Ndoye,0.799000015258789,0.5129999923706055,0.048606012016534805,RightFoot,OpenPlay,MissedShots
696140,EPL,Nottingham Forest,Coventry,1,19,Neco Williams,0.774000015258789,0.6990000152587891,0.018978452309966087,RightFoot,OpenPlay,SavedShot
696143,EPL,Nottingham Forest,Coventry,1,28,Neco Williams,0.8069999694824219,0.7330000305175781,0.019243737682700157,RightFoot,SetPiece,BlockedShot
696145,EPL,Nottingham Forest,Coventry,1,34,Dan Ndoye,0.904000015258789,0.615,0.07008511573076248,LeftFoot,OpenPlay,BlockedShot
696146,EPL,Nottingham Forest,Coventry,1,34,Liam Delap,0.9059999847412109,0.5979999923706054,0.09326004236936569,LeftFoot,OpenPlay,BlockedShot
696147,EPL,Nottingham Forest,Coventry,1,34,Daniel Muñoz,0.8909999847412109,0.52,0.04512869194149971,Head,OpenPlay,MissedShots
696148,EPL,Nottingham Forest,Coventry,1,34,Jair,0.779000015258789,0.5559999847412109,0.02412777952849865,RightFoot,OpenPlay,MissedShots
696149,EPL,Nottingham Forest,Coventry,1,34,Liam Delap,0.7969999694824219,0.710999984741211,0.021282436326146126,RightFoot,OpenPlay,MissedShots
696150,EPL,Nottingham Forest,Coventry,1,36,James McAtee,0.71,0.29700000762939455,0.012652511708438396,LeftFoot,OpenPlay,BlockedShot
696151,EPL,Nottingham Forest,Coventry,1,37,Murillo,0.9519999694824218,0.415,0.07903998345136642,Head,FromCorner,MissedShots
696152,EPL,Nottingham Forest,Coventry,1,45,Xaver Schlager,0.7719999694824219,0.515,0.027432983741164207,LeftFoot,SetPiece,BlockedShot
696153,EPL,Nottingham Forest,Coventry,1,45,James McAtee,0.88,0.4929999923706055,0.11873364448547363,LeftFoot,OpenPlay,BlockedShot
696154,EPL,Nottingham Forest,Coventry,1,46,Daniel Muñoz,0.8730000305175781,0.3270000076293945,0.04213608428835869,RightFoot,OpenPlay,BlockedShot
696158,EPL,Nottingham Forest,Coventry,1,60,Ousmane Diomande,0.909000015258789,0.47700000762939454,0.028901318088173866,Head,FromCorner,MissedShots
696159,EPL,Nottingham Forest,Coventry,1,68,Neco Williams,0.915,0.6790000152587891,0.043985817581415176,RightFoot,SetPiece,BlockedShot
696160,EPL,Nottingham Forest,Coventry,1,71,Liam Delap,0.825999984741211,0.720999984741211,0.024035070091485977,RightFoot,OpenPlay,MissedShots
696161,EPL,Nottingham Forest,Coventry,1,75,Igor Jesus,0.9519999694824218,0.3820000076293945,0.3693535029888153,RightFoot,OpenPlay,BlockedShot
696162,EPL,Nottingham Forest,Coventry,1,76,Liam Delap,0.9109999847412109,0.6580000305175782,0.0631478875875473,LeftFoot,OpenPlay,MissedShots
696163,EPL,Nottingham Forest,Coventry,1,78,Igor Jesus,0.895,0.4590000152587891,0.02857474610209465,Head,OpenPlay,BlockedShot
696165,EPL,Nottingham Forest,Coventry,1,84,Xaver Schlager,0.8009999847412109,0.544000015258789,0.03970397636294365,LeftFoot,OpenPlay,BlockedShot
696166,EPL,Nottingham Forest,Coventry,1,95,Murillo,0.7190000152587891,0.6909999847412109,0.010637900792062283,LeftFoot,OpenPlay,BlockedShot
696134,EPL,Coventry,Nottingham Forest,0,2,Jack Rudoni,0.8169999694824219,0.585999984741211,0.08608213812112808,LeftFoot,OpenPlay,MissedShots
696137,EPL,Coventry,Nottingham Forest,0,14,Matt Grimes,0.7769999694824219,0.7030000305175781,0.014898051507771015,LeftFoot,OpenPlay,MissedShots
696138,EPL,Coventry,Nottingham Forest,0,15,Brandon Thomas-Asante,0.805,0.514000015258789,0.053132858127355576,LeftFoot,OpenPlay,SavedShot
696141,EPL,Coventry,Nottingham Forest,0,24,Jay Dasilva,0.8130000305175781,0.5529999923706055,0.017452793195843697,LeftFoot,SetPiece,MissedShots
696142,EPL,Coventry,Nottingham Forest,0,27,Brandon Thomas-Asante,0.8680000305175781,0.475,0.02839769423007965,Head,OpenPlay,MissedShots
696144,EPL,Coventry,Nottingham Forest,0,33,Ephron Mason-Clark,0.7190000152587891,0.38099998474121094,0.01071864739060402,LeftFoot,OpenPlay,BlockedShot
696155,EPL,Coventry,Nottingham Forest,0,52,Loum Tchaouna,0.8869999694824219,0.3120000076293945,0.08125089108943939,LeftFoot,OpenPlay,SavedShot
696156,EPL,Coventry,Nottingham Forest,0,54,Jay Dasilva,0.9,0.6780000305175782,0.2845446765422821,LeftFoot,OpenPlay,Goal
696157,EPL,Coventry,Nottingham Forest,0,57,Bobby Thomas,0.9109999847412109,0.5470000076293945,0.043097227811813354,Head,SetPiece,MissedShots
696164,EPL,Coventry,Nottingham Forest,0,79,Brandon Thomas-Asante,0.9059999847412109,0.57,0.07417499274015427,Head,SetPiece,MissedShots
696466,EPL,Manchester City,Sunderland,1,8,Enzo Fernández,0.874000015258789,0.19600000381469726,0.059981752187013626,RightFoot,DirectFreekick,Goal
696469,EPL,Manchester City,Sunderland,1,19,Elliot Anderson,0.745999984741211,0.48,0.01658305898308754,RightFoot,FromCorner,MissedShots
696470,EPL,Manchester City,Sunderland,1,27,Erling Haaland,0.970999984741211,0.6179999923706054,0.06104461848735809,LeftFoot,OpenPlay,MissedShots
696471,EPL,Manchester City,Sunderland,1,28,Mathis Cherki,0.8680000305175781,0.47,0.11146766692399979,RightFoot,OpenPlay,Goal
696473,EPL,Manchester City,Sunderland,1,42,Marc Guehi,0.879000015258789,0.555,0.06485740840435028,RightFoot,FromCorner,BlockedShot
696474,EPL,Manchester City,Sunderland,1,42,Antoine Semenyo,0.8719999694824219,0.585,0.0651954710483551,RightFoot,FromCorner,Goal
696475,EPL,Manchester City,Sunderland,1,44,Erling Haaland,0.8719999694824219,0.41900001525878905,0.4904240071773529,RightFoot,OpenPlay,MissedShots
696479,EPL,Manchester City,Sunderland,1,56,Antoine Semenyo,0.88,0.6619999694824219,0.07065898925065994,LeftFoot,OpenPlay,Goal
696482,EPL,Manchester City,Sunderland,1,62,Iliman Ndiaye,0.789000015258789,0.27299999237060546,0.025905707851052284,LeftFoot,OpenPlay,BlockedShot
696483,EPL,Manchester City,Sunderland,1,63,Rúben Dias,0.9569999694824218,0.519000015258789,0.08522211760282516,Head,FromCorner,MissedShots
696484,EPL,Manchester City,Sunderland,1,65,Mathis Cherki,0.8819999694824219,0.615999984741211,0.08940740674734116,LeftFoot,OpenPlay,MissedShots
696488,EPL,Manchester City,Sunderland,1,72,Iliman Ndiaye,0.82,0.43200000762939456,0.07548267394304276,LeftFoot,OpenPlay,BlockedShot
696489,EPL,Manchester City,Sunderland,1,77,Jéremy Doku,0.8640000152587891,0.534000015258789,0.11682571470737457,RightFoot,OpenPlay,BlockedShot
696491,EPL,Manchester City,Sunderland,1,80,Erling Haaland,0.9669999694824218,0.46799999237060547,0.7498021125793457,RightFoot,OpenPlay,Goal
696492,EPL,Manchester City,Sunderland,1,85,Nico O&#039;Reilly,0.9119999694824219,0.52,0.5500059723854065,LeftFoot,OpenPlay,SavedShot
696493,EPL,Manchester City,Sunderland,1,86,Erling Haaland,0.86,0.33599998474121096,0.03569614142179489,LeftFoot,FromCorner,BlockedShot
696464,EPL,Sunderland,Manchester City,0,5,Nilson Angulo,0.8719999694824219,0.5459999847412109,0.28900566697120667,RightFoot,OpenPlay,MissedShots
696465,EPL,Sunderland,Manchester City,0,6,Nordi Mukiele,0.899000015258789,0.3079999923706055,0.045882806181907654,RightFoot,OpenPlay,BlockedShot
696467,EPL,Sunderland,Manchester City,0,10,Dayann Methalie,0.7340000152587891,0.634000015258789,0.014556873589754105,LeftFoot,OpenPlay,BlockedShot
696468,EPL,Sunderland,Manchester City,0,11,Brian Brobbey,0.919000015258789,0.5429999923706055,0.4696849286556244,RightFoot,OpenPlay,Goal
696472,EPL,Sunderland,Manchester City,0,32,Brian Brobbey,0.9330000305175781,0.5259999847412109,0.5167770981788635,RightFoot,OpenPlay,Goal
696476,EPL,Sunderland,Manchester City,0,49,Brian Brobbey,0.7869999694824219,0.33299999237060546,0.028742166236042976,RightFoot,OpenPlay,SavedShot
696477,EPL,Sunderland,Manchester City,0,50,Kevin Danso,0.914000015258789,0.4620000076293945,0.05250917747616768,Head,FromCorner,SavedShot
696478,EPL,Sunderland,Manchester City,0,47,Noah Sadiki,0.7480000305175781,0.5590000152587891,0.021671313792467117,LeftFoot,OpenPlay,MissedShots
696480,EPL,Sunderland,Manchester City,0,58,Nilson Angulo,0.950999984741211,0.575999984741211,0.2922482490539551,LeftFoot,OpenPlay,BlockedShot
696481,EPL,Sunderland,Manchester City,0,58,Brian Brobbey,0.985999984741211,0.47200000762939454,0.9300902485847473,RightFoot,OpenPlay,Goal
696485,EPL,Sunderland,Manchester City,0,69,Dan Ballard,0.8590000152587891,0.40299999237060546,0.007655119523406029,Head,SetPiece,MissedShots
696486,EPL,Sunderland,Manchester City,0,69,Malick Fofana,0.8859999847412109,0.545,0.0759863331913948,LeftFoot,OpenPlay,BlockedShot
696487,EPL,Sunderland,Manchester City,0,69,Brian Brobbey,0.9180000305175782,0.47900001525878905,0.09190047532320023,LeftFoot,OpenPlay,MissedShots
696490,EPL,Sunderland,Manchester City,0,80,Malick Fofana,0.8580000305175781,0.72,0.03609807416796684,RightFoot,OpenPlay,SavedShot
696494,EPL,Sunderland,Manchester City,0,89,Dan Ballard,0.915,0.5129999923706055,0.08884560316801071,LeftFoot,SetPiece,BlockedShot
696495,EPL,Sunderland,Manchester City,0,90,Trai Hume,0.9369999694824219,0.5640000152587891,0.09731219708919525,Head,FromCorner,MissedShots
696496,EPL,Sunderland,Manchester City,0,93,Malick Fofana,0.915,0.4929999923706055,0.3194567561149597,Head,OpenPlay,SavedShot
696439,EPL,Leeds,Crystal Palace,1,3,Anton Stach,0.6909999847412109,0.43,0.03398730605840683,RightFoot,DirectFreekick,BlockedShot
696440,EPL,Leeds,Crystal Palace,1,5,James Justin,0.8569999694824219,0.4909999847412109,0.038637496531009674,RightFoot,OpenPlay,BlockedShot
696442,EPL,Leeds,Crystal Palace,1,7,Tarik Muharemovic,0.93,0.46299999237060546,0.10789446532726288,Head,FromCorner,MissedShots
696444,EPL,Leeds,Crystal Palace,1,21,Tarik Muharemovic,0.9159999847412109,0.55,0.05506308376789093,Head,OpenPlay,BlockedShot
696445,EPL,Leeds,Crystal Palace,1,21,Ao Tanaka,0.9130000305175782,0.42900001525878906,0.11857835203409195,LeftFoot,OpenPlay,MissedShots
696448,EPL,Leeds,Crystal Palace,1,28,Jayden Bogle,0.894000015258789,0.3609999847412109,0.0400099940598011,RightFoot,OpenPlay,BlockedShot
696450,EPL,Leeds,Crystal Palace,1,32,Jayden Bogle,0.745999984741211,0.3770000076293945,0.015046125277876854,LeftFoot,FromCorner,BlockedShot
696451,EPL,Leeds,Crystal Palace,1,33,Ao Tanaka,0.710999984741211,0.5,0.012181360274553299,RightFoot,OpenPlay,MissedShots
696452,EPL,Leeds,Crystal Palace,1,41,Nico Elvedi,0.909000015258789,0.575,0.09312579035758972,RightFoot,FromCorner,SavedShot
696457,EPL,Leeds,Crystal Palace,1,55,Dominic Calvert-Lewin,0.9180000305175782,0.5020000076293946,0.3904944658279419,RightFoot,OpenPlay,SavedShot
696458,EPL,Leeds,Crystal Palace,1,56,Tarik Muharemovic,0.9330000305175781,0.4809999847412109,0.07244803011417389,Head,OpenPlay,MissedShots
696460,EPL,Leeds,Crystal Palace,1,74,Noah Okafor,0.789000015258789,0.5729999923706055,0.03486022353172302,RightFoot,OpenPlay,MissedShots
696463,EPL,Leeds,Crystal Palace,1,86,Tarik Muharemovic,0.8630000305175781,0.4829999923706055,0.07972584664821625,LeftFoot,OpenPlay,BlockedShot
696441,EPL,Crystal Palace,Leeds,0,5,Quinten Timber,0.78,0.2520000076293945,0.01868525892496109,RightFoot,OpenPlay,MissedShots
696443,EPL,Crystal Palace,Leeds,0,20,Adam Wharton,0.7709999847412109,0.605,0.016936169937253,LeftFoot,SetPiece,SavedShot
696446,EPL,Crystal Palace,Leeds,0,23,Daichi Kamada,0.865,0.6619999694824219,0.0593423955142498,LeftFoot,OpenPlay,SavedShot
696447,EPL,Crystal Palace,Leeds,0,26,Adam Wharton,0.8090000152587891,0.529000015258789,0.03461463376879692,LeftFoot,FromCorner,BlockedShot
696449,EPL,Crystal Palace,Leeds,0,31,Quinten Timber,0.87,0.5279999923706055,0.09319352358579636,RightFoot,OpenPlay,BlockedShot
696453,EPL,Crystal Palace,Leeds,0,48,Yeremi Pino,0.795,0.43200000762939456,0.10914599150419235,RightFoot,DirectFreekick,SavedShot
696454,EPL,Crystal Palace,Leeds,0,48,Jefferson Lerma,0.9259999847412109,0.5170000076293946,0.3585331439971924,LeftFoot,FromCorner,MissedShots
696455,EPL,Crystal Palace,Leeds,0,49,Daichi Kamada,0.8090000152587891,0.664000015258789,0.03437633812427521,LeftFoot,OpenPlay,MissedShots
696456,EPL,Crystal Palace,Leeds,0,54,Jørgen Strand Larsen,0.7719999694824219,0.5159999847412109,0.03067122772336006,RightFoot,OpenPlay,SavedShot
696459,EPL,Crystal Palace,Leeds,0,70,Yeremi Pino,0.7269999694824218,0.5679999923706055,0.01930415630340576,RightFoot,OpenPlay,MissedShots
696461,EPL,Crystal Palace,Leeds,0,79,Adam Wharton,0.7959999847412109,0.5459999847412109,0.03464318811893463,LeftFoot,OpenPlay,BlockedShot
696462,EPL,Crystal Palace,Leeds,0,84,Daichi Kamada,0.9530000305175781,0.40200000762939453,0.31960031390190125,Head,OpenPlay,MissedShots
696419,EPL,Bournemouth,Liverpool,1,17,Evanilson,0.9430000305175781,0.5820000076293945,0.11396560072898865,LeftFoot,OpenPlay,SavedShot
696420,EPL,Bournemouth,Liverpool,1,18,Ryan Christie,0.9590000152587891,0.6819999694824219,0.009901129640638828,Head,FromCorner,MissedShots
696426,EPL,Bournemouth,Liverpool,1,35,Ryan Christie,0.88,0.34900001525878904,0.0643971711397171,RightFoot,OpenPlay,BlockedShot
696428,EPL,Bournemouth,Liverpool,1,52,Ryan Christie,0.9590000152587891,0.46700000762939453,0.5929850339889526,LeftFoot,OpenPlay,MissedShots
696429,EPL,Bournemouth,Liverpool,1,54,Ryan Christie,0.83,0.715,0.02924240194261074,LeftFoot,OpenPlay,MissedShots
696433,EPL,Bournemouth,Liverpool,1,67,Evanilson,0.84,0.66,0.045138053596019745,RightFoot,OpenPlay,SavedShot
696435,EPL,Bournemouth,Liverpool,1,84,Adrien Truffert,0.6919999694824219,0.7269999694824218,0.011302359402179718,LeftFoot,OpenPlay,MissedShots
696436,EPL,Bournemouth,Liverpool,1,86,Alex Scott,0.8090000152587891,0.6,0.026065418496727943,RightFoot,OpenPlay,BlockedShot
696437,EPL,Bournemouth,Liverpool,1,89,Alex Scott,0.73,0.4929999923706055,0.051709264516830444,RightFoot,DirectFreekick,MissedShots
696418,EPL,Liverpool,Bournemouth,0,9,Dominik Szoboszlai,0.7619999694824219,0.5220000076293946,0.07489357143640518,RightFoot,DirectFreekick,MissedShots
696421,EPL,Liverpool,Bournemouth,0,25,Cody Gakpo,0.8119999694824219,0.55,0.08645455539226532,RightFoot,OpenPlay,BlockedShot
696422,EPL,Liverpool,Bournemouth,0,32,Bradley Barcola,0.85,0.6659999847412109,0.04792192205786705,RightFoot,OpenPlay,SavedShot
696423,EPL,Liverpool,Bournemouth,0,33,Florian Wirtz,0.8630000305175781,0.45099998474121095,0.10625185072422028,LeftFoot,OpenPlay,BlockedShot
696424,EPL,Liverpool,Bournemouth,0,33,Cody Gakpo,0.845,0.33,0.033507149666547775,RightFoot,OpenPlay,BlockedShot
696425,EPL,Liverpool,Bournemouth,0,34,Dominik Szoboszlai,0.7269999694824218,0.46799999237060547,0.0495574064552784,RightFoot,DirectFreekick,MissedShots
696427,EPL,Liverpool,Bournemouth,0,40,Alexander Isak,0.7630000305175781,0.5159999847412109,0.02858102135360241,RightFoot,OpenPlay,MissedShots
696430,EPL,Liverpool,Bournemouth,0,56,Florian Wirtz,0.9219999694824219,0.48700000762939455,0.12194094806909561,RightFoot,OpenPlay,BlockedShot
696431,EPL,Liverpool,Bournemouth,0,56,Alexander Isak,0.9230000305175782,0.5129999923706055,0.5136431455612183,RightFoot,OpenPlay,Goal
696432,EPL,Liverpool,Bournemouth,0,60,Milos Kerkez,0.7909999847412109,0.6070000076293945,0.04179980978369713,LeftFoot,OpenPlay,BlockedShot
696434,EPL,Liverpool,Bournemouth,0,69,Alexander Isak,0.865,0.4809999847412109,0.1394287496805191,RightFoot,OpenPlay,BlockedShot
696438,EPL,Liverpool,Bournemouth,0,91,Lewis Koumas,0.865,0.465,0.1133698970079422,RightFoot,OpenPlay,SavedShot
696651,EPL,Fulham,Manchester United,1,3,Gonzalo García,0.8690000152587891,0.6609999847412109,0.0678095668554306,RightFoot,OpenPlay,MissedShots
696656,EPL,Fulham,Manchester United,1,17,Gonzalo García,0.899000015258789,0.5379999923706055,0.39330005645751953,RightFoot,OpenPlay,MissedShots
696657,EPL,Fulham,Manchester United,1,19,Joshua King,0.8680000305175781,0.3320000076293945,0.05456821992993355,RightFoot,OpenPlay,MissedShots
696662,EPL,Fulham,Manchester United,1,27,Joshua King,0.9259999847412109,0.40700000762939453,0.3019323945045471,RightFoot,OpenPlay,SavedShot
696663,EPL,Fulham,Manchester United,1,28,Gonzalo García,0.884000015258789,0.42700000762939455,0.07627803832292557,LeftFoot,OpenPlay,MissedShots
696664,EPL,Fulham,Manchester United,1,28,Sander Berge,0.8030000305175782,0.44400001525878907,0.04409705102443695,RightFoot,OpenPlay,SavedShot
696665,EPL,Fulham,Manchester United,1,29,Oscar Bobb,0.8540000152587891,0.5059999847412109,0.10448571294546127,RightFoot,OpenPlay,MissedShots
696669,EPL,Fulham,Manchester United,1,31,Joshua King,0.9119999694824219,0.33599998474121096,0.11418601125478745,RightFoot,OpenPlay,SavedShot
696674,EPL,Fulham,Manchester United,1,41,Alex Iwobi,0.919000015258789,0.590999984741211,0.3845498561859131,RightFoot,OpenPlay,SavedShot
696677,EPL,Fulham,Manchester United,1,60,Alex Iwobi,0.870999984741211,0.68,0.0570848323404789,LeftFoot,OpenPlay,BlockedShot
696678,EPL,Fulham,Manchester United,1,62,Calvin Bassey,0.8780000305175781,0.6580000305175782,0.06233738362789154,LeftFoot,OpenPlay,SavedShot
696686,EPL,Fulham,Manchester United,1,75,Kevin,0.8530000305175781,0.26799999237060546,0.05656008422374725,RightFoot,OpenPlay,SavedShot
696652,EPL,Manchester United,Fulham,0,8,Bruno Fernandes,0.94,0.43,0.1259886473417282,Head,OpenPlay,BlockedShot
696653,EPL,Manchester United,Fulham,0,9,Lisandro Martínez,0.8540000152587891,0.7380000305175781,0.020305626094341278,LeftFoot,FromCorner,BlockedShot
696654,EPL,Manchester United,Fulham,0,9,Lisandro Martínez,0.7930000305175782,0.5940000152587891,0.0160926915705204,LeftFoot,FromCorner,SavedShot
696655,EPL,Manchester United,Fulham,0,10,Bryan Mbeumo,0.8680000305175781,0.4520000076293945,0.029137779027223587,Head,FromCorner,MissedShots
696658,EPL,Manchester United,Fulham,0,20,Marcus Rashford,0.9359999847412109,0.5820000076293945,0.05089925602078438,Head,OpenPlay,MissedShots
696659,EPL,Manchester United,Fulham,0,23,Diogo Dalot,0.7659999847412109,0.4829999923706055,0.02620214782655239,LeftFoot,OpenPlay,MissedShots
696660,EPL,Manchester United,Fulham,0,24,Bruno Fernandes,0.9340000152587891,0.43599998474121093,0.502165675163269,RightFoot,OpenPlay,ShotOnPost
696661,EPL,Manchester United,Fulham,0,25,Bryan Mbeumo,0.8369999694824218,0.35200000762939454,0.05827271193265915,LeftFoot,OpenPlay,BlockedShot
696666,EPL,Manchester United,Fulham,0,30,Matheus Cunha,0.7519999694824219,0.6790000152587891,0.015295375138521194,RightFoot,OpenPlay,BlockedShot
696667,EPL,Manchester United,Fulham,0,30,Luke Shaw,0.7340000152587891,0.5840000152587891,0.014712372794747353,LeftFoot,FromCorner,BlockedShot
696668,EPL,Manchester United,Fulham,0,30,Kobbie Mainoo,0.8340000152587891,0.500999984741211,0.05860922858119011,RightFoot,FromCorner,BlockedShot
696670,EPL,Manchester United,Fulham,0,33,Bruno Fernandes,0.8119999694824219,0.3340000152587891,0.029445163905620575,LeftFoot,OpenPlay,BlockedShot
696671,EPL,Manchester United,Fulham,0,33,Youri Tielemans,0.8440000152587891,0.539000015258789,0.08878325670957565,LeftFoot,OpenPlay,MissedShots
696672,EPL,Manchester United,Fulham,0,35,Marcus Rashford,0.7580000305175781,0.5690000152587891,0.024667086079716682,RightFoot,OpenPlay,BlockedShot
696673,EPL,Manchester United,Fulham,0,38,Marcus Rashford,0.904000015258789,0.6959999847412109,0.05983065813779831,RightFoot,OpenPlay,SavedShot
696675,EPL,Manchester United,Fulham,0,43,Bryan Mbeumo,0.919000015258789,0.40700000762939453,0.12629549205303192,LeftFoot,OpenPlay,MissedShots
696676,EPL,Manchester United,Fulham,0,43,Marcus Rashford,0.9209999847412109,0.5359999847412109,0.47449991106987,RightFoot,OpenPlay,MissedShots
696679,EPL,Manchester United,Fulham,0,62,Lisandro Martínez,0.07300000190734864,0.49200000762939455,0,RightFoot,OpenPlay,OwnGoal
696680,EPL,Manchester United,Fulham,0,66,Bryan Mbeumo,0.7759999847412109,0.3629999923706055,0.029467681422829628,LeftFoot,FromCorner,SavedShot
696681,EPL,Manchester United,Fulham,0,67,Harry Maguire,0.975,0.38299999237060545,0.023176884278655052,Head,FromCorner,BlockedShot
696682,EPL,Manchester United,Fulham,0,69,Diogo Dalot,0.875,0.534000015258789,0.04484180361032486,Head,SetPiece,MissedShots
696683,EPL,Manchester United,Fulham,0,71,Marcus Rashford,0.8640000152587891,0.5820000076293945,0.06085291504859924,RightFoot,OpenPlay,SavedShot
696684,EPL,Manchester United,Fulham,0,73,Matheus Cunha,0.7319999694824219,0.6120000076293945,0.016441117972135544,RightFoot,OpenPlay,SavedShot
696685,EPL,Manchester United,Fulham,0,74,Marcus Rashford,0.745999984741211,0.6890000152587891,0.01361534371972084,RightFoot,FromCorner,BlockedShot
696687,EPL,Manchester United,Fulham,0,77,Bryan Mbeumo,0.8219999694824218,0.37,0.06738801300525665,LeftFoot,OpenPlay,BlockedShot
696688,EPL,Manchester United,Fulham,0,80,Lisandro Martínez,0.8180000305175781,0.5279999923706055,0.039777971804142,LeftFoot,FromCorner,MissedShots
696689,EPL,Manchester United,Fulham,0,88,Matheus Cunha,0.7519999694824219,0.7080000305175781,0.015702996402978897,RightFoot,OpenPlay,Goal
696690,EPL,Manchester United,Fulham,0,90,Mason Mount,0.86,0.39799999237060546,0.04348843917250633,RightFoot,OpenPlay,BlockedShot
696691,EPL,Manchester United,Fulham,0,92,Lisandro Martínez,0.924000015258789,0.3340000152587891,0.04550798609852791,RightFoot,FromCorner,BlockedShot
696692,EPL,Manchester United,Fulham,0,93,Patrick Dorgu,0.960999984741211,0.5629999923706055,0.06385853886604309,Head,FromCorner,MissedShots
688265,La_liga,Alaves,Getafe,1,10,Nahuel Tenaglia,0.9080000305175782,0.43,0.029014641419053078,Head,SetPiece,BlockedShot
688266,La_liga,Alaves,Getafe,1,19,Antonio Martínez,0.8519999694824218,0.5459999847412109,0.07876139879226685,LeftFoot,OpenPlay,MissedShots
688267,La_liga,Alaves,Getafe,1,31,Antonio Martínez,0.8619999694824219,0.46,0.05149449408054352,RightFoot,OpenPlay,MissedShots
688269,La_liga,Alaves,Getafe,1,48,Abderrahmane Rebbach,0.749000015258789,0.6730000305175782,0.021156027913093567,RightFoot,OpenPlay,SavedShot
688270,La_liga,Alaves,Getafe,1,48,Ángel Pérez,0.905,0.315,0.05240593105554581,RightFoot,OpenPlay,SavedShot
688271,La_liga,Alaves,Getafe,1,48,Antonio Martínez,0.8619999694824219,0.445,0.04409429058432579,RightFoot,FromCorner,MissedShots
688273,La_liga,Alaves,Getafe,1,56,Denis Suárez,0.91,0.445,0.5840860605239868,LeftFoot,OpenPlay,SavedShot
688274,La_liga,Alaves,Getafe,1,57,Antonio Blanco,0.8240000152587891,0.36,0.031757861375808716,RightFoot,FromCorner,MissedShots
688275,La_liga,Alaves,Getafe,1,69,Antonio Blanco,0.8580000305175781,0.3559999847412109,0.04419182986021042,RightFoot,FromCorner,MissedShots
688276,La_liga,Alaves,Getafe,1,70,Mariano,0.8919999694824219,0.505,0.044587086886167526,Head,OpenPlay,SavedShot
688277,La_liga,Alaves,Getafe,1,72,Nahuel Tenaglia,0.9269999694824219,0.47200000762939454,0.41926953196525574,Head,OpenPlay,Goal
688278,La_liga,Alaves,Getafe,1,77,Mariano,0.775,0.395,0.08497314155101776,RightFoot,DirectFreekick,BlockedShot
688280,La_liga,Alaves,Getafe,1,79,Antonio Blanco,0.75,0.34599998474121096,0.02234938181936741,RightFoot,OpenPlay,MissedShots
688282,La_liga,Alaves,Getafe,1,84,Mikel Rodríguez,0.855,0.43099998474121093,0.5205484628677368,RightFoot,OpenPlay,MissedShots
688285,La_liga,Alaves,Getafe,1,90,Mariano,0.7919999694824219,0.6170000076293946,0.08393781632184982,RightFoot,OpenPlay,Goal
688286,La_liga,Alaves,Getafe,1,93,Mikel Rodríguez,0.885,0.5690000152587891,0.13397692143917084,LeftFoot,OpenPlay,Goal
688287,La_liga,Alaves,Getafe,1,97,Nahuel Tenaglia,0.7519999694824219,0.5620000076293945,0.018189439550042152,RightFoot,FromCorner,BlockedShot
688288,La_liga,Alaves,Getafe,1,98,Carles Aleñá,0.7380000305175781,0.34200000762939453,0.02212216891348362,LeftFoot,OpenPlay,SavedShot
688268,La_liga,Getafe,Alaves,0,44,Martín Satriano,0.7919999694824219,0.509000015258789,0.04376436024904251,RightFoot,OpenPlay,SavedShot
688272,La_liga,Getafe,Alaves,0,51,Ramón Terrats,0.9890000152587891,0.32299999237060545,0.047630030661821365,RightFoot,SetPiece,MissedShots
688279,La_liga,Getafe,Alaves,0,78,Ramón Terrats,0.8009999847412109,0.3509999847412109,0.029391944408416748,LeftFoot,OpenPlay,SavedShot
688281,La_liga,Getafe,Alaves,0,81,Enes Ünal,0.92,0.5129999923706055,0.06240348890423775,Head,SetPiece,MissedShots
688283,La_liga,Getafe,Alaves,0,86,Orel Mangala,0.8440000152587891,0.5170000076293946,0.061635348945856094,RightFoot,SetPiece,BlockedShot
688284,La_liga,Getafe,Alaves,0,88,Alberto Risco,0.7230000305175781,0.5320000076293945,0.014879445545375347,LeftFoot,FromCorner,BlockedShot
688291,La_liga,Sevilla,Rayo Vallecano,1,14,Nico Guillén,0.79,0.4229999923706055,0.03408406302332878,LeftFoot,OpenPlay,BlockedShot
688292,La_liga,Sevilla,Rayo Vallecano,1,35,Kike Salas,0.7380000305175781,0.6129999923706054,0.014199871569871902,LeftFoot,OpenPlay,MissedShots
688293,La_liga,Sevilla,Rayo Vallecano,1,35,Isaac Romero,0.8580000305175781,0.5109999847412109,0.02130589634180069,Head,OpenPlay,MissedShots
688294,La_liga,Sevilla,Rayo Vallecano,1,50,Isaac Romero,0.9290000152587891,0.5170000076293946,0.06581024825572968,Head,OpenPlay,MissedShots
688295,La_liga,Sevilla,Rayo Vallecano,1,47,Oso,0.8440000152587891,0.6809999847412109,0.038565412163734436,LeftFoot,OpenPlay,BlockedShot
688296,La_liga,Sevilla,Rayo Vallecano,1,49,Jon Guridi,0.8590000152587891,0.3129999923706055,0.0473029650747776,LeftFoot,OpenPlay,SavedShot
688297,La_liga,Sevilla,Rayo Vallecano,1,51,Jon Guridi,0.885,0.5,0.7432776093482971,LeftFoot,Penalty,Goal
688298,La_liga,Sevilla,Rayo Vallecano,1,62,Robbie Ure,0.8769999694824219,0.53,0.08119522035121918,LeftFoot,OpenPlay,MissedShots
688299,La_liga,Sevilla,Rayo Vallecano,1,64,Peque,0.8190000152587891,0.624000015258789,0.08925943076610565,LeftFoot,OpenPlay,SavedShot
688300,La_liga,Sevilla,Rayo Vallecano,1,66,Miguel Sierra,0.7930000305175782,0.6070000076293945,0.033585138618946075,LeftFoot,OpenPlay,BlockedShot
688301,La_liga,Sevilla,Rayo Vallecano,1,68,Oso,0.8580000305175781,0.4640000152587891,0.016031432896852493,Head,OpenPlay,MissedShots
688302,La_liga,Sevilla,Rayo Vallecano,1,71,Ruben Vargas,0.905,0.45,0.09081681072711945,Head,OpenPlay,MissedShots
688307,La_liga,Sevilla,Rayo Vallecano,1,96,Peque,0.885,0.5,0.7432776093482971,RightFoot,Penalty,Goal
688289,La_liga,Rayo Vallecano,Sevilla,0,3,Álvaro García,0.99,0.5079999923706054,0.799052357673645,LeftFoot,OpenPlay,Goal
688290,La_liga,Rayo Vallecano,Sevilla,0,6,Randy Nteka,0.9169999694824219,0.53,0.5444434285163879,RightFoot,OpenPlay,MissedShots
688303,La_liga,Rayo Vallecano,Sevilla,0,83,Florian Lejeune,0.8830000305175781,0.44599998474121094,0.05747420713305473,Head,SetPiece,MissedShots
688304,La_liga,Rayo Vallecano,Sevilla,0,85,Florian Lejeune,0.67,0.325,0.0285202469676733,RightFoot,DirectFreekick,SavedShot
688305,La_liga,Rayo Vallecano,Sevilla,0,85,Andrei Ratiu,0.8969999694824219,0.41400001525878904,0.048963483422994614,LeftFoot,FromCorner,MissedShots
688306,La_liga,Rayo Vallecano,Sevilla,0,85,Alemão,0.955999984741211,0.5309999847412109,0.45606353878974915,Head,FromCorner,SavedShot
688308,La_liga,Racing Santander,Villarreal,1,1,Gustavo Puerta,0.775,0.49700000762939456,0.03596536070108414,RightFoot,OpenPlay,BlockedShot
688310,La_liga,Racing Santander,Villarreal,1,5,Gustavo Puerta,0.7809999847412109,0.47400001525878904,0.03862912952899933,LeftFoot,OpenPlay,BlockedShot
688311,La_liga,Racing Santander,Villarreal,1,5,Sergio Canales,0.8109999847412109,0.6359999847412109,0.041796647012233734,LeftFoot,OpenPlay,BlockedShot
688314,La_liga,Racing Santander,Villarreal,1,13,Andrés Martín,0.8130000305175781,0.49700000762939456,0.020979080349206924,LeftFoot,OpenPlay,BlockedShot
688315,La_liga,Racing Santander,Villarreal,1,17,Andrés Martín,0.8009999847412109,0.49400001525878906,0.046484146267175674,LeftFoot,OpenPlay,MissedShots
688316,La_liga,Racing Santander,Villarreal,1,20,Andrés Martín,0.885,0.5,0.7432776093482971,LeftFoot,Penalty,Goal
688317,La_liga,Racing Santander,Villarreal,1,32,Álvaro Mantilla,0.9769999694824218,0.36,0.08340074121952057,RightFoot,OpenPlay,BlockedShot
688318,La_liga,Racing Santander,Villarreal,1,32,Asier Villalibre,0.960999984741211,0.46799999237060547,0.09274251759052277,Head,FromCorner,MissedShots
688319,La_liga,Racing Santander,Villarreal,1,33,Andrés Martín,0.8219999694824218,0.34200000762939453,0.04480386897921562,LeftFoot,OpenPlay,BlockedShot
688320,La_liga,Racing Santander,Villarreal,1,33,Sergio Martínez,0.7719999694824219,0.519000015258789,0.03265717998147011,RightFoot,OpenPlay,Goal
688324,La_liga,Racing Santander,Villarreal,1,50,Andrés Martín,0.8580000305175781,0.4109999847412109,0.11060695350170135,LeftFoot,OpenPlay,MissedShots
688325,La_liga,Racing Santander,Villarreal,1,50,Álvaro Mantilla,0.98,0.4129999923706055,0.34438925981521606,Head,OpenPlay,MissedShots
688326,La_liga,Racing Santander,Villarreal,1,51,Sergio Canales,0.8669999694824219,0.6320000076293946,0.06716988980770111,RightFoot,OpenPlay,BlockedShot
688327,La_liga,Racing Santander,Villarreal,1,52,Andrés Martín,0.909000015258789,0.49900001525878906,0.13544249534606934,RightFoot,OpenPlay,MissedShots
688329,La_liga,Racing Santander,Villarreal,1,57,Sergio Canales,0.860999984741211,0.28,0.038966305553913116,LeftFoot,FromCorner,SavedShot
688335,La_liga,Racing Santander,Villarreal,1,81,Manu Hernando,0.8959999847412109,0.610999984741211,0.03659357503056526,Head,FromCorner,MissedShots
688336,La_liga,Racing Santander,Villarreal,1,90,Maguette Gueye,0.7880000305175782,0.37599998474121094,0.05232451111078262,RightFoot,OpenPlay,BlockedShot
688309,La_liga,Villarreal,Racing Santander,0,4,Georges Mikautadze,0.775,0.48700000762939455,0.03662041202187538,RightFoot,OpenPlay,SavedShot
688312,La_liga,Villarreal,Racing Santander,0,7,Georges Mikautadze,0.835999984741211,0.5279999923706055,0.06444051861763,LeftFoot,OpenPlay,SavedShot
688313,La_liga,Villarreal,Racing Santander,0,8,Georges Mikautadze,0.8530000305175781,0.835999984741211,0.052308812737464905,RightFoot,DirectFreekick,MissedShots
688321,La_liga,Villarreal,Racing Santander,0,44,Pape Alassane Gueye,0.7809999847412109,0.664000015258789,0.020924754440784454,LeftFoot,OpenPlay,Goal
688322,La_liga,Villarreal,Racing Santander,0,45,Nicolas Pepe,0.855999984741211,0.305,0.042876772582530975,LeftFoot,OpenPlay,Goal
688323,La_liga,Villarreal,Racing Santander,0,48,Ayoze Pérez,0.8519999694824218,0.505,0.09308308362960815,RightFoot,OpenPlay,BlockedShot
688328,La_liga,Villarreal,Racing Santander,0,53,Ayoze Pérez,0.87,0.40299999237060546,0.08204846829175949,RightFoot,OpenPlay,SavedShot
688330,La_liga,Villarreal,Racing Santander,0,59,Santiago Mouriño,0.9430000305175781,0.33299999237060546,0.22844195365905762,RightFoot,OpenPlay,SavedShot
688331,La_liga,Villarreal,Racing Santander,0,64,Tajon Buchanan,0.9519999694824218,0.65,0.035078100860118866,LeftFoot,OpenPlay,MissedShots
688332,La_liga,Villarreal,Racing Santander,0,67,Nicolas Pepe,0.7959999847412109,0.29100000381469726,0.018196698278188705,LeftFoot,OpenPlay,SavedShot
688333,La_liga,Villarreal,Racing Santander,0,67,Carlos Romero,0.7819999694824219,0.6969999694824218,0.0238148495554924,LeftFoot,OpenPlay,MissedShots
688334,La_liga,Villarreal,Racing Santander,0,77,Georges Mikautadze,0.874000015258789,0.6070000076293945,0.07096455246210098,RightFoot,OpenPlay,BlockedShot
688337,La_liga,Espanyol,Levante,1,2,Tyrhys Dolan,0.889000015258789,0.7030000305175781,0.04730881378054619,RightFoot,OpenPlay,BlockedShot
688338,La_liga,Espanyol,Levante,1,2,Edu Expósito,0.7880000305175782,0.57,0.03268126770853996,RightFoot,OpenPlay,BlockedShot
688339,La_liga,Espanyol,Levante,1,4,Roberto Fernández,0.9590000152587891,0.52,0.5998193621635437,RightFoot,SetPiece,Goal
688341,La_liga,Espanyol,Levante,1,24,Javi Hernández,0.87,0.6669999694824219,0.09034107625484467,RightFoot,OpenPlay,SavedShot
688343,La_liga,Espanyol,Levante,1,33,Tyrhys Dolan,0.7519999694824219,0.69,0.023934870958328247,RightFoot,OpenPlay,BlockedShot
688344,La_liga,Espanyol,Levante,1,36,Cala,0.8580000305175781,0.3509999847412109,0.06581640243530273,LeftFoot,OpenPlay,SavedShot
688345,La_liga,Espanyol,Levante,1,36,Edu Expósito,0.7719999694824219,0.41900001525878905,0.03157972916960716,RightFoot,OpenPlay,BlockedShot
688346,La_liga,Espanyol,Levante,1,39,Roberto Fernández,0.919000015258789,0.524000015258789,0.5257412195205688,RightFoot,OpenPlay,Goal
688347,La_liga,Espanyol,Levante,1,42,Javi Hernández,0.8280000305175781,0.5329999923706055,0.11356183141469955,LeftFoot,OpenPlay,MissedShots
688348,La_liga,Espanyol,Levante,1,46,Edu Expósito,0.725999984741211,0.7659999847412109,0.014228460378944874,RightFoot,OpenPlay,MissedShots
688349,La_liga,Espanyol,Levante,1,48,Tyrhys Dolan,0.86,0.7419999694824219,0.045083921402692795,RightFoot,OpenPlay,MissedShots
688350,La_liga,Espanyol,Levante,1,56,Cala,0.8119999694824219,0.5320000076293945,0.07381566613912582,LeftFoot,OpenPlay,SavedShot
688352,La_liga,Espanyol,Levante,1,79,Tyrhys Dolan,0.85,0.5720000076293945,0.12142959982156754,LeftFoot,OpenPlay,Goal
688353,La_liga,Espanyol,Levante,1,87,Pol Lozano,0.7730000305175782,0.5570000076293945,0.028475292026996613,RightFoot,OpenPlay,MissedShots
688354,La_liga,Espanyol,Levante,1,88,Marcos Fernández,0.8819999694824219,0.655,0.0764123722910881,LeftFoot,OpenPlay,MissedShots
688355,La_liga,Espanyol,Levante,1,89,Jofre Carreras,0.8669999694824219,0.5970000076293945,0.12174871563911438,RightFoot,OpenPlay,MissedShots
688340,La_liga,Levante,Espanyol,0,18,Aissa Mandi,0.9780000305175781,0.58,0.046253666281700134,Head,OpenPlay,MissedShots
688342,La_liga,Levante,Espanyol,0,25,Iván Romero,0.754000015258789,0.5020000076293946,0.023771438747644424,RightFoot,OpenPlay,MissedShots
688351,La_liga,Levante,Espanyol,0,58,Etta Eyong,0.914000015258789,0.5629999923706055,0.054441552609205246,Head,OpenPlay,MissedShots
688356,La_liga,Levante,Espanyol,0,92,Adrián De la Fuente,0.755,0.5840000152587891,0.07179534435272217,RightFoot,DirectFreekick,BlockedShot
688387,La_liga,Deportivo La Coruna,Elche,1,15,Bil Nsongo,0.7080000305175781,0.29700000762939455,0.011316551826894283,RightFoot,OpenPlay,SavedShot
688388,La_liga,Deportivo La Coruna,Elche,1,16,Bright Ede,0.9009999847412109,0.465,0.027941856533288956,Head,FromCorner,MissedShots
688389,La_liga,Deportivo La Coruna,Elche,1,20,Pierre-Emerick Aubameyang,0.89,0.6090000152587891,0.07495695352554321,LeftFoot,OpenPlay,Goal
688392,La_liga,Deportivo La Coruna,Elche,1,48,Jonathan Asp Jensen,0.9059999847412109,0.6869999694824219,0.03046124242246151,RightFoot,OpenPlay,MissedShots
688397,La_liga,Deportivo La Coruna,Elche,1,65,Mario Soriano,0.9030000305175782,0.34,0.09480257332324982,RightFoot,OpenPlay,BlockedShot
688398,La_liga,Deportivo La Coruna,Elche,1,65,Pierre-Emerick Aubameyang,0.870999984741211,0.7630000305175781,0.035978496074676514,RightFoot,FromCorner,SavedShot
688401,La_liga,Deportivo La Coruna,Elche,1,80,Zakaria Eddahchouri,0.7340000152587891,0.445,0.022037580609321594,RightFoot,OpenPlay,MissedShots
688402,La_liga,Deportivo La Coruna,Elche,1,94,Luismi Cruz,0.95,0.3659999847412109,0.042374394834041595,RightFoot,OpenPlay,MissedShots
688384,La_liga,Elche,Deportivo La Coruna,0,5,Ali Houary,0.8019999694824219,0.4420000076293945,0.046050336211919785,RightFoot,OpenPlay,MissedShots
688385,La_liga,Elche,Deportivo La Coruna,0,9,David Affengruber,0.924000015258789,0.505,0.11839018017053604,Head,FromCorner,MissedShots
688386,La_liga,Elche,Deportivo La Coruna,0,9,Ali Houary,0.9680000305175781,0.46799999237060547,0.619195818901062,RightFoot,FromCorner,SavedShot
688390,La_liga,Elche,Deportivo La Coruna,0,41,Ali Houary,0.85,0.5070000076293946,0.08250676095485687,RightFoot,OpenPlay,BlockedShot
688391,La_liga,Elche,Deportivo La Coruna,0,46,Federico Redondo,0.8980000305175782,0.47099998474121096,0.0909273698925972,Head,SetPiece,BlockedShot
688393,La_liga,Elche,Deportivo La Coruna,0,51,Gonzalo Villar,0.79,0.27299999237060546,0.021093824878335,RightFoot,OpenPlay,SavedShot
688394,La_liga,Elche,Deportivo La Coruna,0,56,David Affengruber,0.7269999694824218,0.34200000762939453,0.016278421506285667,RightFoot,OpenPlay,BlockedShot
688395,La_liga,Elche,Deportivo La Coruna,0,57,Fernando Niño,0.8930000305175781,0.5790000152587891,0.4060900807380676,LeftFoot,OpenPlay,SavedShot
688396,La_liga,Elche,Deportivo La Coruna,0,57,Gonzalo Villar,0.86,0.524000015258789,0.07321590930223465,RightFoot,OpenPlay,SavedShot
688399,La_liga,Elche,Deportivo La Coruna,0,75,Marc Aguado,0.9180000305175782,0.5570000076293945,0.08927888423204422,Head,FromCorner,Goal
688400,La_liga,Elche,Deportivo La Coruna,0,77,Lucas Cepeda,0.785,0.4,0.05361112952232361,LeftFoot,OpenPlay,SavedShot
688423,La_liga,Atletico Madrid,Malaga,1,6,Carlos Martín,0.895,0.25799999237060545,0.057471390813589096,RightFoot,OpenPlay,MissedShots
688425,La_liga,Atletico Madrid,Malaga,1,24,Rodrigo Mendoza,0.870999984741211,0.34799999237060547,0.054003357887268066,RightFoot,SetPiece,BlockedShot
688426,La_liga,Atletico Madrid,Malaga,1,27,David Hancko,0.89,0.7340000152587891,0.03068062663078308,LeftFoot,FromCorner,BlockedShot
688428,La_liga,Atletico Madrid,Malaga,1,34,Rodrigo Mendoza,0.7619999694824219,0.3320000076293945,0.02141381800174713,RightFoot,OpenPlay,SavedShot
688430,La_liga,Atletico Madrid,Malaga,1,46,Ademola Lookman,0.7380000305175781,0.48200000762939454,0.015660734847187996,RightFoot,OpenPlay,SavedShot
688431,La_liga,Atletico Madrid,Malaga,1,55,Carlos Martín,0.8190000152587891,0.495,0.06357056647539139,LeftFoot,OpenPlay,MissedShots
688432,La_liga,Atletico Madrid,Malaga,1,56,Rodrigo Mendoza,0.8730000305175781,0.3970000076293945,0.0872877836227417,RightFoot,OpenPlay,SavedShot
688433,La_liga,Atletico Madrid,Malaga,1,58,Lee Kang-In,0.710999984741211,0.5279999923706055,0.01472652330994606,LeftFoot,OpenPlay,MissedShots
688434,La_liga,Atletico Madrid,Malaga,1,63,Lee Kang-In,0.774000015258789,0.3679999923706055,0.024418359622359276,LeftFoot,OpenPlay,BlockedShot
688435,La_liga,Atletico Madrid,Malaga,1,64,David Hancko,0.8869999694824219,0.5479999923706055,0.04456557333469391,Head,FromCorner,MissedShots
688436,La_liga,Atletico Madrid,Malaga,1,69,Lee Kang-In,0.815,0.3870000076293945,0.03666282817721367,LeftFoot,OpenPlay,Goal
688437,La_liga,Atletico Madrid,Malaga,1,73,Ademola Lookman,0.9030000305175782,0.6320000076293946,0.3316400647163391,LeftFoot,OpenPlay,SavedShot
688438,La_liga,Atletico Madrid,Malaga,1,74,David Hancko,0.8980000305175782,0.47400001525878904,0.06477311998605728,Head,FromCorner,ShotOnPost
688439,La_liga,Atletico Madrid,Malaga,1,74,Dani Martinez,0.914000015258789,0.46700000762939453,0.4704098701477051,RightFoot,FromCorner,BlockedShot
688441,La_liga,Atletico Madrid,Malaga,1,84,Álex Baena,0.7469999694824219,0.6459999847412109,0.05709163099527359,RightFoot,DirectFreekick,Goal
688424,La_liga,Malaga,Atletico Madrid,0,12,David Larrubia,0.8490000152587891,0.34599998474121096,0.057189036160707474,RightFoot,OpenPlay,MissedShots
688427,La_liga,Malaga,Atletico Madrid,0,32,Rafita,0.8619999694824219,0.715999984741211,0.03569454327225685,RightFoot,OpenPlay,BlockedShot
688429,La_liga,Malaga,Atletico Madrid,0,45,Chupe,0.895,0.415,0.09023428708314896,RightFoot,OpenPlay,BlockedShot
688440,La_liga,Malaga,Atletico Madrid,0,78,Rafa Rodríguez,0.875,0.24600000381469728,0.02766605280339718,RightFoot,OpenPlay,MissedShots
688442,La_liga,Malaga,Atletico Madrid,0,92,David Larrubia,0.8059999847412109,0.30100000381469727,0.018791701644659042,LeftFoot,OpenPlay,SavedShot
688443,La_liga,Rayo Vallecano,Alaves,1,3,Sergio Camello,0.8209999847412109,0.5659999847412109,0.05978524684906006,RightFoot,OpenPlay,MissedShots
688444,La_liga,Rayo Vallecano,Alaves,1,6,Unai López,0.805,0.6890000152587891,0.025257134810090065,RightFoot,OpenPlay,SavedShot
688445,La_liga,Rayo Vallecano,Alaves,1,11,Isi Palazón,0.8430000305175781,0.3579999923706055,0.04719129949808121,LeftFoot,FromCorner,MissedShots
688448,La_liga,Rayo Vallecano,Alaves,1,22,Andrei Ratiu,0.9169999694824219,0.55,0.22132542729377747,Head,SetPiece,MissedShots
688451,La_liga,Rayo Vallecano,Alaves,1,31,Sergio Camello,0.8030000305175782,0.624000015258789,0.03700917214155197,RightFoot,OpenPlay,SavedShot
688454,La_liga,Rayo Vallecano,Alaves,1,47,Sergio Camello,0.875999984741211,0.4470000076293945,0.1120576560497284,RightFoot,OpenPlay,Goal
688458,La_liga,Rayo Vallecano,Alaves,1,68,Randy Nteka,0.9080000305175782,0.4540000152587891,0.026517298072576523,Head,FromCorner,BlockedShot
688460,La_liga,Rayo Vallecano,Alaves,1,82,Álvaro García,0.8440000152587891,0.6709999847412109,0.037285540252923965,RightFoot,FromCorner,MissedShots
688446,La_liga,Alaves,Rayo Vallecano,0,12,Lucas Boyé,0.6780000305175782,0.519000015258789,0.03530249372124672,RightFoot,DirectFreekick,MissedShots
688447,La_liga,Alaves,Rayo Vallecano,0,19,Antonio Martínez,0.8919999694824219,0.4620000076293945,0.08779276907444,Head,OpenPlay,MissedShots
688449,La_liga,Alaves,Rayo Vallecano,0,25,Antonio Martínez,0.96,0.44400001525878907,0.5979130864143372,RightFoot,OpenPlay,MissedShots
688450,La_liga,Alaves,Rayo Vallecano,0,29,Abderrahmane Rebbach,0.8809999847412109,0.7869999694824219,0.02237464301288128,RightFoot,OpenPlay,MissedShots
688452,La_liga,Alaves,Rayo Vallecano,0,31,Pablo Ibáñez,0.4929999923706055,0.47,0.006842589471489191,RightFoot,OpenPlay,SavedShot
688453,La_liga,Alaves,Rayo Vallecano,0,43,Antonio Martínez,0.9169999694824219,0.45,0.501887857913971,RightFoot,OpenPlay,ShotOnPost
688455,La_liga,Alaves,Rayo Vallecano,0,50,Ángel Pérez,0.889000015258789,0.3189999961853027,0.0506880097091198,RightFoot,OpenPlay,MissedShots
688456,La_liga,Alaves,Rayo Vallecano,0,60,Lucas Boyé,0.805,0.6830000305175781,0.08567459881305695,RightFoot,DirectFreekick,BlockedShot
688457,La_liga,Alaves,Rayo Vallecano,0,62,Nahuel Tenaglia,0.9369999694824219,0.6070000076293945,0.016976162791252136,Head,FromCorner,BlockedShot
688459,La_liga,Alaves,Rayo Vallecano,0,73,Pablo Ibáñez,0.7630000305175781,0.4809999847412109,0.028339657932519913,RightFoot,OpenPlay,MissedShots
688461,La_liga,Alaves,Rayo Vallecano,0,83,Mariano,0.79,0.6220000076293946,0.21836642920970917,RightFoot,OpenPlay,Goal
688462,La_liga,Alaves,Rayo Vallecano,0,87,Antonio Martínez,0.9059999847412109,0.47200000762939454,0.4611451029777527,LeftFoot,OpenPlay,MissedShots
688463,La_liga,Alaves,Rayo Vallecano,0,89,Pablo Ibáñez,0.835999984741211,0.485,0.025246011093258858,LeftFoot,FromCorner,BlockedShot
688464,La_liga,Alaves,Rayo Vallecano,0,93,Nicolás Valentini,0.9080000305175782,0.5729999923706055,0.018492117524147034,Head,FromCorner,MissedShots
688465,La_liga,Alaves,Rayo Vallecano,0,95,Mariano,0.8340000152587891,0.500999984741211,0.06370812654495239,RightFoot,OpenPlay,SavedShot
688467,La_liga,Real Betis,Real Sociedad,1,22,Antony,0.8109999847412109,0.4809999847412109,0.13465271890163422,LeftFoot,OpenPlay,SavedShot
688468,La_liga,Real Betis,Real Sociedad,1,24,Marc Roca,0.725999984741211,0.49900001525878906,0.01901792548596859,LeftFoot,OpenPlay,MissedShots
688470,La_liga,Real Betis,Real Sociedad,1,43,Facundo Bernal,0.8009999847412109,0.47099998474121096,0.04988508298993111,RightFoot,OpenPlay,MissedShots
688471,La_liga,Real Betis,Real Sociedad,1,46,Juan Camilo Hernández,0.764000015258789,0.28200000762939453,0.01806108094751835,RightFoot,OpenPlay,MissedShots
688472,La_liga,Real Betis,Real Sociedad,1,50,Pablo Fornals,0.860999984741211,0.40099998474121096,0.059592604637145996,RightFoot,SetPiece,MissedShots
688476,La_liga,Real Betis,Real Sociedad,1,54,Antony,0.754000015258789,0.28200000762939453,0.020200418308377266,LeftFoot,OpenPlay,BlockedShot
688477,La_liga,Real Betis,Real Sociedad,1,56,Marc Bartra,0.6909999847412109,0.3970000076293945,0.011747041717171669,RightFoot,OpenPlay,MissedShots
688478,La_liga,Real Betis,Real Sociedad,1,62,Rodrigo Riquelme,0.9130000305175782,0.6190000152587891,0.11786053329706192,LeftFoot,OpenPlay,Goal
688479,La_liga,Real Betis,Real Sociedad,1,64,Antony,0.84,0.47,0.1280706524848938,LeftFoot,OpenPlay,BlockedShot
688480,La_liga,Real Betis,Real Sociedad,1,66,Isco,0.9169999694824219,0.529000015258789,0.5583512187004089,LeftFoot,OpenPlay,SavedShot
688481,La_liga,Real Betis,Real Sociedad,1,66,Marc Roca,0.93,0.41700000762939454,0.07437174767255783,Head,FromCorner,BlockedShot
688484,La_liga,Real Betis,Real Sociedad,1,74,Pablo Fornals,0.8230000305175781,0.6179999923706054,0.08840259164571762,LeftFoot,OpenPlay,MissedShots
688486,La_liga,Real Betis,Real Sociedad,1,78,Juan Camilo Hernández,0.8769999694824219,0.33599998474121096,0.09014037251472473,RightFoot,OpenPlay,SavedShot
688487,La_liga,Real Betis,Real Sociedad,1,78,Isco,0.77,0.37400001525878906,0.030731216073036194,RightFoot,OpenPlay,SavedShot
688489,La_liga,Real Betis,Real Sociedad,1,84,Nelson Deossa,0.8040000152587891,0.3039999961853027,0.04838551580905914,LeftFoot,OpenPlay,SavedShot
688490,La_liga,Real Betis,Real Sociedad,1,86,Antony,0.845,0.28,0.04396058991551399,LeftFoot,OpenPlay,MissedShots
688491,La_liga,Real Betis,Real Sociedad,1,90,Pablo García,0.889000015258789,0.69,0.10605284571647644,LeftFoot,OpenPlay,BlockedShot
688492,La_liga,Real Betis,Real Sociedad,1,92,Antony,0.860999984741211,0.40299999237060546,0.0962216779589653,LeftFoot,OpenPlay,SavedShot
688466,La_liga,Real Sociedad,Real Betis,0,3,Ander Barrenetxea,0.7190000152587891,0.4879999923706055,0.016569042578339577,RightFoot,OpenPlay,BlockedShot
688469,La_liga,Real Sociedad,Real Betis,0,29,Orri Óskarsson,0.8530000305175781,0.2989999961853027,0.2125987410545349,RightFoot,OpenPlay,MissedShots
688473,La_liga,Real Sociedad,Real Betis,0,50,Takefusa Kubo,0.9130000305175782,0.34900001525878904,0.10206057131290436,LeftFoot,OpenPlay,BlockedShot
688474,La_liga,Real Sociedad,Real Betis,0,50,Jon Aramburu,0.7680000305175781,0.28600000381469726,0.013027872890233994,RightFoot,OpenPlay,SavedShot
688475,La_liga,Real Sociedad,Real Betis,0,53,Orri Óskarsson,0.9080000305175782,0.629000015258789,0.09996889531612396,RightFoot,OpenPlay,BlockedShot
688482,La_liga,Real Sociedad,Real Betis,0,67,Luka Sucic,0.8480000305175781,0.4859999847412109,0.12281421571969986,LeftFoot,OpenPlay,ShotOnPost
688483,La_liga,Real Sociedad,Real Betis,0,67,Sergio Gómez,0.81,0.6919999694824219,0.05744830146431923,LeftFoot,OpenPlay,MissedShots
688485,La_liga,Real Sociedad,Real Betis,0,76,Luka Sucic,0.7419999694824219,0.3079999923706055,0.017867662012577057,LeftFoot,OpenPlay,SavedShot
688488,La_liga,Real Sociedad,Real Betis,0,82,Orri Óskarsson,0.9269999694824219,0.539000015258789,0.49900439381599426,RightFoot,OpenPlay,SavedShot
688684,La_liga,Athletic Club,Sevilla,1,3,Beñat Gerenabarrena,0.7759999847412109,0.519000015258789,0.03235821798443794,RightFoot,OpenPlay,SavedShot
688685,La_liga,Athletic Club,Sevilla,1,10,Iñaki Williams,0.8019999694824219,0.355,0.03130562976002693,LeftFoot,OpenPlay,SavedShot
688688,La_liga,Athletic Club,Sevilla,1,18,Jesús Areso,0.8969999694824219,0.55,0.07692940533161163,RightFoot,OpenPlay,MissedShots
688690,La_liga,Athletic Club,Sevilla,1,22,Oihan Sancet,0.825999984741211,0.44400001525878907,0.06117435172200203,RightFoot,OpenPlay,MissedShots
688691,La_liga,Athletic Club,Sevilla,1,25,Gorka Guruzeta,0.8669999694824219,0.67,0.04320148378610611,RightFoot,SetPiece,MissedShots
688694,La_liga,Athletic Club,Sevilla,1,32,Peio Canales,0.8140000152587891,0.4829999923706055,0.048622969537973404,RightFoot,OpenPlay,BlockedShot
688695,La_liga,Athletic Club,Sevilla,1,41,Iñaki Williams,0.8469999694824218,0.5020000076293946,0.0815790668129921,RightFoot,OpenPlay,SavedShot
688696,La_liga,Athletic Club,Sevilla,1,43,Gorka Guruzeta,0.785,0.31799999237060544,0.01985315792262554,RightFoot,OpenPlay,MissedShots
688698,La_liga,Athletic Club,Sevilla,1,51,Alex Berenguer,0.9569999694824218,0.710999984741211,0.049241721630096436,LeftFoot,OpenPlay,SavedShot
688699,La_liga,Athletic Club,Sevilla,1,53,Yeray Álvarez,0.905,0.5409999847412109,0.06719265133142471,RightFoot,FromCorner,MissedShots
688700,La_liga,Athletic Club,Sevilla,1,55,Alex Berenguer,0.855999984741211,0.6459999847412109,0.06070374324917793,RightFoot,OpenPlay,BlockedShot
688701,La_liga,Athletic Club,Sevilla,1,55,Oihan Sancet,0.870999984741211,0.48,0.025765573605895042,Head,OpenPlay,BlockedShot
688703,La_liga,Athletic Club,Sevilla,1,64,Peio Canales,0.8090000152587891,0.57,0.04466763883829117,RightFoot,OpenPlay,SavedShot
688704,La_liga,Athletic Club,Sevilla,1,68,Oihan Sancet,0.91,0.43,0.11850667744874954,RightFoot,OpenPlay,BlockedShot
688705,La_liga,Athletic Club,Sevilla,1,69,Yeray Álvarez,0.9069999694824219,0.51,0.08811366558074951,Head,FromCorner,MissedShots
688706,La_liga,Athletic Club,Sevilla,1,69,Aitor Paredes,0.945,0.5579999923706055,0.5328558087348938,RightFoot,FromCorner,Goal
688707,La_liga,Athletic Club,Sevilla,1,87,Nico Williams,0.91,0.6129999923706054,0.09846831858158112,RightFoot,OpenPlay,MissedShots
688708,La_liga,Athletic Club,Sevilla,1,91,Peio Canales,0.7290000152587891,0.7930000305175782,0.03136821836233139,RightFoot,DirectFreekick,SavedShot
688686,La_liga,Sevilla,Athletic Club,0,13,Oso,0.7659999847412109,0.37,0.07206864655017853,LeftFoot,DirectFreekick,MissedShots
688687,La_liga,Sevilla,Athletic Club,0,14,Oso,0.860999984741211,0.625999984741211,0.34407898783683777,LeftFoot,OpenPlay,Goal
688689,La_liga,Sevilla,Athletic Club,0,20,Juan Iglesias,0.7619999694824219,0.33799999237060546,0.0269768126308918,LeftFoot,OpenPlay,SavedShot
688692,La_liga,Sevilla,Athletic Club,0,27,Miguel Sierra,0.865999984741211,0.2589999961853027,0.03962099552154541,LeftFoot,OpenPlay,MissedShots
688693,La_liga,Sevilla,Athletic Club,0,29,Peque,0.8009999847412109,0.615,0.04658664017915726,RightFoot,OpenPlay,BlockedShot
688697,La_liga,Sevilla,Athletic Club,0,50,Chidera Ejuke,0.8909999847412109,0.3089999961853027,0.30206403136253357,RightFoot,OpenPlay,Goal
688702,La_liga,Sevilla,Athletic Club,0,56,Isaac Romero,0.875,0.539000015258789,0.13539914786815643,LeftFoot,OpenPlay,Goal
688915,La_liga,Valencia,Celta Vigo,1,5,Pepelu,0.73,0.654000015258789,0.047601714730262756,RightFoot,DirectFreekick,BlockedShot
688916,La_liga,Valencia,Celta Vigo,1,5,Filip Ugrinic,0.7280000305175781,0.44,0.013120627030730247,LeftFoot,SetPiece,BlockedShot
688920,La_liga,Valencia,Celta Vigo,1,25,Arnaut Danjuma Groeneveld,0.9069999694824219,0.620999984741211,0.04812953621149063,RightFoot,OpenPlay,MissedShots
688921,La_liga,Valencia,Celta Vigo,1,40,Javier Guerra,0.86,0.500999984741211,0.0761103555560112,RightFoot,OpenPlay,MissedShots
688923,La_liga,Valencia,Celta Vigo,1,44,Filip Ugrinic,0.875,0.33599998474121096,0.0766068622469902,RightFoot,OpenPlay,SavedShot
688924,La_liga,Valencia,Celta Vigo,1,47,Arnaut Danjuma Groeneveld,0.7669999694824219,0.5370000076293945,0.027904847636818886,RightFoot,OpenPlay,MissedShots
688927,La_liga,Valencia,Celta Vigo,1,70,Arnaut Danjuma Groeneveld,0.8690000152587891,0.5779999923706055,0.11987165361642838,LeftFoot,OpenPlay,MissedShots
688929,La_liga,Valencia,Celta Vigo,1,94,Guido Rodríguez,0.7140000152587891,0.5370000076293945,0.011860281229019165,RightFoot,OpenPlay,SavedShot
688917,La_liga,Celta Vigo,Valencia,0,12,Marcos Alonso,0.9540000152587891,0.55,0.13977870345115662,Head,SetPiece,MissedShots
688918,La_liga,Celta Vigo,Valencia,0,22,Aleix Febas,0.7419999694824219,0.6930000305175781,0.01633840799331665,RightFoot,OpenPlay,SavedShot
688919,La_liga,Celta Vigo,Valencia,0,24,Jones El Abdellaoui,0.889000015258789,0.3039999961853027,0.24934294819831848,RightFoot,OpenPlay,MissedShots
688922,La_liga,Celta Vigo,Valencia,0,41,Javier Rodríguez,0.8080000305175781,0.2620000076293945,0.023060515522956848,RightFoot,OpenPlay,SavedShot
688925,La_liga,Celta Vigo,Valencia,0,53,Sergio Carreira,0.7440000152587891,0.38299999237060545,0.01465817540884018,RightFoot,OpenPlay,BlockedShot
688926,La_liga,Celta Vigo,Valencia,0,65,Pablo Durán,0.8030000305175782,0.37599998474121094,0.03159107267856598,RightFoot,OpenPlay,SavedShot
688928,La_liga,Celta Vigo,Valencia,0,88,Marcos Alonso,0.845999984741211,0.624000015258789,0.06253896653652191,LeftFoot,OpenPlay,MissedShots
689122,La_liga,Espanyol,Real Madrid,1,25,Edu Expósito,0.7390000152587891,0.49,0.020843559876084328,RightFoot,OpenPlay,BlockedShot
689123,La_liga,Espanyol,Real Madrid,1,25,Clemens Riedel,0.7730000305175782,0.3390000152587891,0.02010730654001236,RightFoot,OpenPlay,SavedShot
689124,La_liga,Espanyol,Real Madrid,1,25,Edu Expósito,0.7480000305175781,0.4179999923706055,0.017492786049842834,RightFoot,OpenPlay,MissedShots
689125,La_liga,Espanyol,Real Madrid,1,25,Roberto Fernández,0.8819999694824219,0.4590000152587891,0.08824699372053146,RightFoot,OpenPlay,MissedShots
689126,La_liga,Espanyol,Real Madrid,1,29,Cala,0.9169999694824219,0.5259999847412109,0.48700693249702454,LeftFoot,OpenPlay,Goal
689132,La_liga,Espanyol,Real Madrid,1,46,Roberto Fernández,0.9540000152587891,0.5259999847412109,0.564153254032135,Head,OpenPlay,MissedShots
689133,La_liga,Espanyol,Real Madrid,1,46,Edu Expósito,0.8390000152587891,0.7240000152587891,0.027879830449819565,LeftFoot,OpenPlay,SavedShot
689134,La_liga,Espanyol,Real Madrid,1,48,Cala,0.8719999694824219,0.3990000152587891,0.07006179541349411,RightFoot,OpenPlay,MissedShots
689119,La_liga,Real Madrid,Espanyol,0,8,Jude Bellingham,0.9,0.5079999923706054,0.10315018892288208,Head,SetPiece,Goal
689120,La_liga,Real Madrid,Espanyol,0,14,Kylian Mbappe-Lottin,0.7880000305175782,0.715999984741211,0.029152391478419304,RightFoot,OpenPlay,SavedShot
689121,La_liga,Real Madrid,Espanyol,0,19,Denzel Dumfries,0.9719999694824218,0.3370000076293945,0.07166314870119095,RightFoot,OpenPlay,SavedShot
689127,La_liga,Real Madrid,Espanyol,0,32,Kylian Mbappe-Lottin,0.9309999847412109,0.6930000305175781,0.15998435020446777,RightFoot,OpenPlay,SavedShot
689128,La_liga,Real Madrid,Espanyol,0,32,Denzel Dumfries,0.8619999694824219,0.41200000762939454,0.0779542624950409,LeftFoot,OpenPlay,MissedShots
689129,La_liga,Real Madrid,Espanyol,0,37,Kylian Mbappe-Lottin,0.874000015258789,0.30700000762939456,0.0631631463766098,RightFoot,OpenPlay,SavedShot
689130,La_liga,Real Madrid,Espanyol,0,41,Kylian Mbappe-Lottin,0.9330000305175781,0.455,0.09709163010120392,RightFoot,OpenPlay,MissedShots
689131,La_liga,Real Madrid,Espanyol,0,43,Kylian Mbappe-Lottin,0.750999984741211,0.535,0.0349060595035553,RightFoot,FromCorner,BlockedShot
689135,La_liga,Real Madrid,Espanyol,0,52,Denzel Dumfries,0.8269999694824218,0.37,0.05113459751009941,RightFoot,OpenPlay,BlockedShot
689136,La_liga,Real Madrid,Espanyol,0,52,Jude Bellingham,0.924000015258789,0.5420000076293945,0.107003353536129,Head,FromCorner,SavedShot
689137,La_liga,Real Madrid,Espanyol,0,52,Kylian Mbappe-Lottin,0.9780000305175781,0.4929999923706055,0.7339521050453186,Head,FromCorner,MissedShots
689138,La_liga,Real Madrid,Espanyol,0,57,Dean Huijsen,0.915,0.519000015258789,0.05869290605187416,Head,SetPiece,BlockedShot
689139,La_liga,Real Madrid,Espanyol,0,58,Ibrahima Konaté,0.89,0.5259999847412109,0.020966894924640656,Head,FromCorner,SavedShot
689140,La_liga,Real Madrid,Espanyol,0,59,Kylian Mbappe-Lottin,0.8019999694824219,0.8009999847412109,0.047846995294094086,RightFoot,DirectFreekick,MissedShots
689141,La_liga,Real Madrid,Espanyol,0,69,Kylian Mbappe-Lottin,0.84,0.5929999923706055,0.0870562493801117,RightFoot,OpenPlay,BlockedShot
689142,La_liga,Real Madrid,Espanyol,0,69,Vinícius Júnior,0.9430000305175781,0.6790000152587891,0.06340997666120529,LeftFoot,OpenPlay,MissedShots
689143,La_liga,Real Madrid,Espanyol,0,72,Denzel Dumfries,0.9159999847412109,0.28899999618530275,0.04088665172457695,RightFoot,OpenPlay,BlockedShot
689144,La_liga,Real Madrid,Espanyol,0,77,Federico Valverde,0.8080000305175781,0.5159999847412109,0.05035921186208725,RightFoot,OpenPlay,ShotOnPost
689145,La_liga,Real Madrid,Espanyol,0,77,Kylian Mbappe-Lottin,0.8530000305175781,0.585999984741211,0.11285101622343063,RightFoot,OpenPlay,BlockedShot
689146,La_liga,Real Madrid,Espanyol,0,81,Kylian Mbappe-Lottin,0.82,0.5170000076293946,0.07850466668605804,RightFoot,OpenPlay,MissedShots
689147,La_liga,Real Madrid,Espanyol,0,89,Carlos Espí,0.9519999694824218,0.46599998474121096,0.550027072429657,RightFoot,OpenPlay,Goal
689300,La_liga,Atletico Madrid,Villarreal,1,0,Lee Kang-In,0.8380000305175781,0.17100000381469727,0.01588854007422924,LeftFoot,OpenPlay,MissedShots
689301,La_liga,Atletico Madrid,Villarreal,1,1,Álex Grimaldo,0.7369999694824219,0.73,0.016027238219976425,LeftFoot,OpenPlay,SavedShot
689302,La_liga,Atletico Madrid,Villarreal,1,3,Koke,0.904000015258789,0.654000015258789,0.05571596324443817,LeftFoot,FromCorner,BlockedShot
689305,La_liga,Atletico Madrid,Villarreal,1,8,Rodrigo Mendoza,0.855999984741211,0.6220000076293946,0.07276931405067444,RightFoot,OpenPlay,BlockedShot
689307,La_liga,Atletico Madrid,Villarreal,1,15,Giuliano Simeone,0.835999984741211,0.33799999237060546,0.038985781371593475,LeftFoot,OpenPlay,BlockedShot
689308,La_liga,Atletico Madrid,Villarreal,1,22,Rodrigo Mendoza,0.8240000152587891,0.6329999923706054,0.04842236638069153,RightFoot,OpenPlay,SavedShot
689309,La_liga,Atletico Madrid,Villarreal,1,32,Ademola Lookman,0.8240000152587891,0.685,0.03137831389904022,RightFoot,OpenPlay,BlockedShot
689310,La_liga,Atletico Madrid,Villarreal,1,34,Lee Kang-In,0.8680000305175781,0.7140000152587891,0.03381548449397087,LeftFoot,OpenPlay,MissedShots
689313,La_liga,Atletico Madrid,Villarreal,1,38,Morten Hjulmand,0.7680000305175781,0.40599998474121096,0.022648511454463005,RightFoot,OpenPlay,MissedShots
689314,La_liga,Atletico Madrid,Villarreal,1,41,Lee Kang-In,0.7230000305175781,0.75,0.02933056466281414,LeftFoot,OpenPlay,MissedShots
689315,La_liga,Atletico Madrid,Villarreal,1,45,Lee Kang-In,0.7569999694824219,0.639000015258789,0.019843032583594322,RightFoot,OpenPlay,BlockedShot
689317,La_liga,Atletico Madrid,Villarreal,1,48,Lee Kang-In,0.8059999847412109,0.47099998474121096,0.05122024938464165,RightFoot,OpenPlay,BlockedShot
689319,La_liga,Atletico Madrid,Villarreal,1,52,Giuliano Simeone,0.9480000305175781,0.32099998474121094,0.05878300592303276,RightFoot,OpenPlay,MissedShots
689320,La_liga,Atletico Madrid,Villarreal,1,53,Lee Kang-In,0.784000015258789,0.38799999237060545,0.029443321749567986,LeftFoot,OpenPlay,BlockedShot
689323,La_liga,Atletico Madrid,Villarreal,1,58,Marc Pubill,0.7919999694824219,0.36,0.03195501118898392,LeftFoot,OpenPlay,Goal
689326,La_liga,Atletico Madrid,Villarreal,1,79,Marcos Llorente,0.7669999694824219,0.2610000038146973,0.01795925199985504,RightFoot,OpenPlay,BlockedShot
689327,La_liga,Atletico Madrid,Villarreal,1,80,Giuliano Simeone,0.7809999847412109,0.37599998474121094,0.026513459160923958,RightFoot,OpenPlay,BlockedShot
689328,La_liga,Atletico Madrid,Villarreal,1,84,Giuliano Simeone,0.8880000305175781,0.32,0.09148445725440979,RightFoot,OpenPlay,Goal
689330,La_liga,Atletico Madrid,Villarreal,1,90,Julián Álvarez,0.7919999694824219,0.5020000076293946,0.04722895100712776,RightFoot,OpenPlay,BlockedShot
689303,La_liga,Villarreal,Atletico Madrid,0,4,Georges Mikautadze,0.9,0.5329999923706055,0.44555938243865967,RightFoot,OpenPlay,BlockedShot
689304,La_liga,Villarreal,Atletico Madrid,0,5,Georges Mikautadze,0.8780000305175781,0.425,0.126958429813385,RightFoot,OpenPlay,MissedShots
689306,La_liga,Villarreal,Atletico Madrid,0,10,Nicolas Pepe,0.7569999694824219,0.3870000076293945,0.02189522609114647,LeftFoot,OpenPlay,BlockedShot
689311,La_liga,Villarreal,Atletico Madrid,0,35,Georges Mikautadze,0.93,0.509000015258789,0.5716917514801025,LeftFoot,OpenPlay,MissedShots
689312,La_liga,Villarreal,Atletico Madrid,0,36,Georges Mikautadze,0.8930000305175781,0.6919999694824219,0.0498787946999073,LeftFoot,OpenPlay,SavedShot
689316,La_liga,Villarreal,Atletico Madrid,0,48,Ayoze Pérez,0.9169999694824219,0.3890000152587891,0.29526758193969727,RightFoot,OpenPlay,SavedShot
689318,La_liga,Villarreal,Atletico Madrid,0,50,Nicolas Pepe,0.909000015258789,0.33599998474121096,0.0562400296330452,LeftFoot,OpenPlay,SavedShot
689321,La_liga,Villarreal,Atletico Madrid,0,56,Pape Alassane Gueye,0.7469999694824219,0.5659999847412109,0.016897784546017647,RightFoot,OpenPlay,BlockedShot
689322,La_liga,Villarreal,Atletico Madrid,0,56,Pape Alassane Gueye,0.784000015258789,0.54,0.027631161734461784,LeftFoot,OpenPlay,MissedShots
689324,La_liga,Villarreal,Atletico Madrid,0,65,Gerard Moreno,0.885,0.5,0.7432776093482971,LeftFoot,Penalty,Goal
689325,La_liga,Villarreal,Atletico Madrid,0,77,Georges Mikautadze,0.885,0.5,0.7432776093482971,RightFoot,Penalty,Goal
689329,La_liga,Villarreal,Atletico Madrid,0,88,Tajon Buchanan,0.9069999694824219,0.595999984741211,0.4167003631591797,RightFoot,OpenPlay,SavedShot
689331,La_liga,Villarreal,Atletico Madrid,0,97,Tajon Buchanan,0.8430000305175781,0.7390000152587891,0.02702215686440468,RightFoot,OpenPlay,BlockedShot
689521,La_liga,Getafe,Racing Santander,1,9,Andrés García,0.85,0.27399999618530274,0.028751298785209656,LeftFoot,OpenPlay,MissedShots
689522,La_liga,Getafe,Racing Santander,1,9,Enes Ünal,0.8340000152587891,0.315,0.040109697729349136,RightFoot,OpenPlay,BlockedShot
689523,La_liga,Getafe,Racing Santander,1,12,Andrés García,0.784000015258789,0.3060000038146973,0.01734921894967556,RightFoot,FromCorner,MissedShots
689524,La_liga,Getafe,Racing Santander,1,13,Orel Mangala,0.7480000305175781,0.515,0.01187882013618946,RightFoot,OpenPlay,MissedShots
689527,La_liga,Getafe,Racing Santander,1,26,Martín Satriano,0.8080000305175781,0.6359999847412109,0.03280997276306152,RightFoot,OpenPlay,MissedShots
689528,La_liga,Getafe,Racing Santander,1,29,Ramón Terrats,0.6969999694824218,0.4279999923706055,0.01825866475701332,LeftFoot,OpenPlay,MissedShots
689529,La_liga,Getafe,Racing Santander,1,52,Martín Satriano,0.899000015258789,0.485,0.029690900817513466,Head,FromCorner,BlockedShot
689530,La_liga,Getafe,Racing Santander,1,52,Ramón Terrats,0.7230000305175781,0.3240000152587891,0.014931036159396172,LeftFoot,FromCorner,MissedShots
689532,La_liga,Getafe,Racing Santander,1,60,Ramón Terrats,0.875,0.49599998474121093,0.06137297675013542,Head,OpenPlay,MissedShots
689533,La_liga,Getafe,Racing Santander,1,61,Enes Ünal,0.8180000305175781,0.53,0.0570683479309082,RightFoot,OpenPlay,MissedShots
689534,La_liga,Getafe,Racing Santander,1,66,Ramón Terrats,0.8030000305175782,0.4879999923706055,0.024074606597423553,RightFoot,FromCorner,MissedShots
689538,La_liga,Getafe,Racing Santander,1,80,Enes Ünal,0.9619999694824218,0.514000015258789,0.6467561721801758,RightFoot,OpenPlay,Goal
689525,La_liga,Racing Santander,Getafe,0,14,Sergio Canales,0.945,0.7119999694824218,0.039789579808712006,LeftFoot,OpenPlay,SavedShot
689526,La_liga,Racing Santander,Getafe,0,26,Manu Hernando,0.9580000305175781,0.325,0.05654991790652275,RightFoot,SetPiece,MissedShots
689531,La_liga,Racing Santander,Getafe,0,58,Andrés Martín,0.8430000305175781,0.40299999237060546,0.2229079306125641,RightFoot,OpenPlay,SavedShot
689535,La_liga,Racing Santander,Getafe,0,67,Andrés Martín,0.8430000305175781,0.35400001525878905,0.07819011807441711,RightFoot,OpenPlay,MissedShots
689536,La_liga,Racing Santander,Getafe,0,70,Iñigo Vicente,0.8209999847412109,0.705,0.02718392200767994,RightFoot,OpenPlay,MissedShots
689537,La_liga,Racing Santander,Getafe,0,76,Andrés Martín,0.885,0.5,0.7432776093482971,LeftFoot,Penalty,SavedShot
689604,La_liga,Elche,Barcelona,1,17,David Affengruber,0.9309999847412109,0.4540000152587891,0.33596092462539673,Head,FromCorner,MissedShots
689605,La_liga,Elche,Barcelona,1,34,Ali Houary,0.91,0.5070000076293946,0.3670234680175781,LeftFoot,OpenPlay,MissedShots
689610,La_liga,Elche,Barcelona,1,65,Lucas Cepeda,0.8869999694824219,0.7,0.05105135962367058,LeftFoot,OpenPlay,MissedShots
689612,La_liga,Elche,Barcelona,1,68,Facundo Buonanotte,0.7619999694824219,0.5170000076293946,0.028086252510547638,LeftFoot,OpenPlay,ShotOnPost
689613,La_liga,Elche,Barcelona,1,69,Facundo Buonanotte,0.91,0.39,0.3189496695995331,LeftFoot,OpenPlay,SavedShot
689616,La_liga,Elche,Barcelona,1,73,Martim Neto,0.7419999694824219,0.6840000152587891,0.013940645381808281,RightFoot,OpenPlay,MissedShots
689619,La_liga,Elche,Barcelona,1,85,Ezequiel Ponce,0.8859999847412109,0.28,0.06144307926297188,RightFoot,OpenPlay,SavedShot
689602,La_liga,Barcelona,Elche,0,5,Lamine Yamal,0.9319999694824219,0.33299999237060546,0.27794623374938965,LeftFoot,OpenPlay,MissedShots
689603,La_liga,Barcelona,Elche,0,13,Raphinha,0.885,0.5,0.7432776093482971,LeftFoot,Penalty,Goal
689606,La_liga,Barcelona,Elche,0,47,Karim Adeyemi,0.8859999847412109,0.54,0.4599474370479584,RightFoot,OpenPlay,Goal
689607,La_liga,Barcelona,Elche,0,50,Marc Bernal,0.9269999694824219,0.47900001525878905,0.4484483599662781,RightFoot,SetPiece,MissedShots
689608,La_liga,Barcelona,Elche,0,46,Raphinha,0.8590000152587891,0.4520000076293945,0.45141035318374634,LeftFoot,OpenPlay,SavedShot
689609,La_liga,Barcelona,Elche,0,52,Lamine Yamal,0.8069999694824219,0.5109999847412109,0.07225654274225235,LeftFoot,OpenPlay,MissedShots
689611,La_liga,Barcelona,Elche,0,66,Raphinha,0.919000015258789,0.4490000152587891,0.49094992876052856,LeftFoot,OpenPlay,Goal
689614,La_liga,Barcelona,Elche,0,69,Dani Olmo,0.850999984741211,0.465,0.1304960399866104,LeftFoot,OpenPlay,MissedShots
689615,La_liga,Barcelona,Elche,0,70,Fermín López,0.9159999847412109,0.425,0.4968884587287903,RightFoot,OpenPlay,Goal
689617,La_liga,Barcelona,Elche,0,78,Fermín López,0.9,0.5690000152587891,0.49481824040412903,LeftFoot,OpenPlay,Goal
689618,La_liga,Barcelona,Elche,0,84,Anthony Gordon,0.9159999847412109,0.6880000305175781,0.18538154661655426,RightFoot,OpenPlay,SavedShot
689698,La_liga,Osasuna,Levante,1,1,Jorge Herrando,0.9259999847412109,0.5209999847412109,0.058781590312719345,Head,FromCorner,SavedShot
689701,La_liga,Osasuna,Levante,1,25,Ante Budimir,0.8590000152587891,0.4520000076293945,0.012071671895682812,Head,OpenPlay,SavedShot
689702,La_liga,Osasuna,Levante,1,32,Rubén García,0.754000015258789,0.4620000076293945,0.02516046352684498,LeftFoot,OpenPlay,SavedShot
689706,La_liga,Osasuna,Levante,1,35,Rubén García,0.725,0.44799999237060545,0.054585300385951996,LeftFoot,DirectFreekick,MissedShots
689707,La_liga,Osasuna,Levante,1,38,Rubén García,0.754000015258789,0.53,0.024119483307003975,RightFoot,OpenPlay,SavedShot
689708,La_liga,Osasuna,Levante,1,40,Ante Budimir,0.9340000152587891,0.54,0.06205558404326439,Head,FromCorner,MissedShots
689709,La_liga,Osasuna,Levante,1,40,Jorge Herrando,0.9309999847412109,0.514000015258789,0.07207885384559631,Head,FromCorner,SavedShot
689710,La_liga,Osasuna,Levante,1,43,Jon Moncayola,0.895,0.7130000305175781,0.030840856954455376,RightFoot,OpenPlay,SavedShot
689712,La_liga,Osasuna,Levante,1,53,Ante Budimir,0.9169999694824219,0.405,0.17601224780082703,Head,OpenPlay,SavedShot
689713,La_liga,Osasuna,Levante,1,57,Aimar Oroz,0.7909999847412109,0.629000015258789,0.029893949627876282,RightFoot,OpenPlay,BlockedShot
689714,La_liga,Osasuna,Levante,1,57,Ante Budimir,0.95,0.6719999694824219,0.33006325364112854,LeftFoot,OpenPlay,ShotOnPost
689719,La_liga,Osasuna,Levante,1,77,Raul García,0.7530000305175781,0.40299999237060546,0.016873212531208992,RightFoot,OpenPlay,MissedShots
689699,La_liga,Levante,Osasuna,0,3,Roger Brugué,0.8530000305175781,0.32299999237060545,0.042395561933517456,LeftFoot,OpenPlay,BlockedShot
689700,La_liga,Levante,Osasuna,0,15,Thiago Fernández,0.7909999847412109,0.500999984741211,0.03957999870181084,RightFoot,OpenPlay,BlockedShot
689703,La_liga,Levante,Osasuna,0,32,Roger Brugué,0.914000015258789,0.46799999237060547,0.3754124939441681,RightFoot,OpenPlay,ShotOnPost
689704,La_liga,Levante,Osasuna,0,32,Jon Ander Olasagasti,0.730999984741211,0.63,0.012571644969284534,LeftFoot,OpenPlay,MissedShots
689705,La_liga,Levante,Osasuna,0,32,Iván Romero,0.9019999694824219,0.4640000152587891,0.45169708132743835,RightFoot,OpenPlay,MissedShots
689711,La_liga,Levante,Osasuna,0,52,Manuel Sánchez,0.7709999847412109,0.7240000152587891,0.014767159707844257,LeftFoot,FromCorner,MissedShots
689715,La_liga,Levante,Osasuna,0,60,Roger Brugué,0.9569999694824218,0.4229999923706055,0.1106601431965828,Head,FromCorner,MissedShots
689716,La_liga,Levante,Osasuna,0,63,Adrián De la Fuente,0.9019999694824219,0.605,0.08846057951450348,RightFoot,SetPiece,BlockedShot
689717,La_liga,Levante,Osasuna,0,72,Jon Ander Olasagasti,0.7909999847412109,0.3579999923706055,0.02707548439502716,LeftFoot,OpenPlay,SavedShot
689718,La_liga,Levante,Osasuna,0,76,Iván Romero,0.72,0.47900001525878905,0.018053270876407623,RightFoot,OpenPlay,MissedShots
689720,La_liga,Levante,Osasuna,0,89,Hugo Sotelo,0.7880000305175782,0.38299999237060545,0.09435437619686127,RightFoot,DirectFreekick,BlockedShot
689779,La_liga,Malaga,Deportivo La Coruna,1,5,Juan Cruz,0.715,0.47400001525878904,0.0206629429012537,LeftFoot,OpenPlay,MissedShots
689781,La_liga,Malaga,Deportivo La Coruna,1,26,Chupe,0.8919999694824219,0.5659999847412109,0.07401981949806213,RightFoot,SetPiece,BlockedShot
689782,La_liga,Malaga,Deportivo La Coruna,1,29,Carlos Puga,0.6959999847412109,0.4570000076293945,0.012768451124429703,RightFoot,FromCorner,MissedShots
689783,La_liga,Malaga,Deportivo La Coruna,1,29,Joaquín Muñoz,0.755,0.5529999923706055,0.01888386346399784,RightFoot,FromCorner,BlockedShot
689784,La_liga,Malaga,Deportivo La Coruna,1,33,Chupe,0.885,0.5,0.7432776093482971,RightFoot,Penalty,Goal
689787,La_liga,Malaga,Deportivo La Coruna,1,59,Carlos Dotor,0.7819999694824219,0.3870000076293945,0.02744978852570057,LeftFoot,OpenPlay,SavedShot
689788,La_liga,Malaga,Deportivo La Coruna,1,63,Izan Merino,0.77,0.519000015258789,0.0303817056119442,RightFoot,OpenPlay,MissedShots
689792,La_liga,Malaga,Deportivo La Coruna,1,75,Chupe,0.9080000305175782,0.4829999923706055,0.2571568489074707,Head,OpenPlay,ShotOnPost
689793,La_liga,Malaga,Deportivo La Coruna,1,79,Haitam Abaida,0.7180000305175781,0.6519999694824219,0.04288763180375099,LeftFoot,DirectFreekick,MissedShots
689794,La_liga,Malaga,Deportivo La Coruna,1,80,Rafa Rodríguez,0.8530000305175781,0.315,0.04266868531703949,RightFoot,OpenPlay,BlockedShot
689795,La_liga,Malaga,Deportivo La Coruna,1,80,Rafa Rodríguez,0.83,0.28,0.025441981852054596,RightFoot,OpenPlay,MissedShots
689796,La_liga,Malaga,Deportivo La Coruna,1,86,Chupe,0.7809999847412109,0.43200000762939456,0.032943423837423325,RightFoot,OpenPlay,MissedShots
689797,La_liga,Malaga,Deportivo La Coruna,1,91,David Larrubia,0.8480000305175781,0.285,0.0290345661342144,LeftFoot,OpenPlay,MissedShots
689780,La_liga,Deportivo La Coruna,Malaga,0,20,Pierre-Emerick Aubameyang,0.9890000152587891,0.5279999923706055,0.9778193831443787,RightFoot,OpenPlay,Goal
689785,La_liga,Deportivo La Coruna,Malaga,0,44,Pierre-Emerick Aubameyang,0.9119999694824219,0.24700000762939453,0.03651656582951546,RightFoot,OpenPlay,MissedShots
689786,La_liga,Deportivo La Coruna,Malaga,0,46,Jonathan Asp Jensen,0.765,0.52,0.027138175442814827,RightFoot,OpenPlay,SavedShot
689789,La_liga,Deportivo La Coruna,Malaga,0,67,Mario Soriano,0.7609999847412109,0.3029999923706055,0.021747374907135963,RightFoot,FromCorner,BlockedShot
689790,La_liga,Deportivo La Coruna,Malaga,0,68,Pierre-Emerick Aubameyang,0.9619999694824218,0.6909999847412109,0.05303669348359108,RightFoot,OpenPlay,SavedShot
689791,La_liga,Deportivo La Coruna,Malaga,0,69,Luismi Cruz,0.995,0.005,0.013443323783576488,LeftFoot,FromCorner,SavedShot
689798,La_liga,Valencia,Real Betis,1,2,Ryunosuke Sato,0.8290000152587891,0.38099998474121094,0.057142823934555054,RightFoot,OpenPlay,MissedShots
689800,La_liga,Valencia,Real Betis,1,11,Arnaut Danjuma Groeneveld,0.9390000152587891,0.6730000305175782,0.05678979307413101,LeftFoot,OpenPlay,SavedShot
689801,La_liga,Valencia,Real Betis,1,11,Ryunosuke Sato,0.8769999694824219,0.6129999923706054,0.07803645730018616,RightFoot,OpenPlay,SavedShot
689803,La_liga,Valencia,Real Betis,1,20,Arnaut Danjuma Groeneveld,0.78,0.515,0.033675603568553925,RightFoot,OpenPlay,BlockedShot
689804,La_liga,Valencia,Real Betis,1,20,Mouctar Diakhaby,0.9069999694824219,0.545,0.07465040683746338,Head,FromCorner,MissedShots
689811,La_liga,Valencia,Real Betis,1,45,Ryunosuke Sato,0.925,0.639000015258789,0.0730590671300888,LeftFoot,OpenPlay,BlockedShot
689812,La_liga,Valencia,Real Betis,1,45,Ryunosuke Sato,0.955999984741211,0.6669999694824219,0.06981875002384186,LeftFoot,OpenPlay,BlockedShot
689814,La_liga,Valencia,Real Betis,1,54,Luis Rioja,0.759000015258789,0.28399999618530275,0.01790163479745388,LeftFoot,OpenPlay,MissedShots
689816,La_liga,Valencia,Real Betis,1,62,César Tárrega,0.9019999694824219,0.5640000152587891,0.05670086666941643,Head,FromCorner,BlockedShot
689817,La_liga,Valencia,Real Betis,1,62,Mouctar Diakhaby,0.874000015258789,0.505,0.09927083551883698,RightFoot,FromCorner,BlockedShot
689823,La_liga,Valencia,Real Betis,1,84,Umar Sadiq,0.874000015258789,0.5579999923706055,0.42297184467315674,RightFoot,OpenPlay,SavedShot
689824,La_liga,Valencia,Real Betis,1,88,César Tárrega,0.9519999694824218,0.4329999923706055,0.11980175971984863,Head,FromCorner,BlockedShot
689825,La_liga,Valencia,Real Betis,1,91,Filip Ugrinic,0.8130000305175781,0.42400001525878905,0.04495249316096306,RightFoot,OpenPlay,MissedShots
689826,La_liga,Valencia,Real Betis,1,92,Jesús Vázquez,0.899000015258789,0.6580000305175782,0.056555092334747314,LeftFoot,OpenPlay,MissedShots
689827,La_liga,Valencia,Real Betis,1,93,Luis Rioja,0.7519999694824219,0.5920000076293945,0.013959407806396484,LeftFoot,FromCorner,BlockedShot
689828,La_liga,Valencia,Real Betis,1,94,Jesús Vázquez,0.750999984741211,0.5070000076293946,0.020235788077116013,RightFoot,OpenPlay,BlockedShot
689799,La_liga,Real Betis,Valencia,0,5,Ángel Ortiz,0.72,0.2539999961853027,0.007735178340226412,RightFoot,OpenPlay,BlockedShot
689802,La_liga,Real Betis,Valencia,0,19,Antony,0.45599998474121095,0.45599998474121095,0.011463567614555359,LeftFoot,OpenPlay,MissedShots
689805,La_liga,Real Betis,Valencia,0,23,Nelson Deossa,0.805,0.20700000762939452,0.02004256658256054,LeftFoot,OpenPlay,BlockedShot
689806,La_liga,Real Betis,Valencia,0,26,Pablo Fornals,0.889000015258789,0.605,0.0651642456650734,LeftFoot,OpenPlay,BlockedShot
689807,La_liga,Real Betis,Valencia,0,35,Pablo Fornals,0.8540000152587891,0.524000015258789,0.09777401387691498,LeftFoot,OpenPlay,MissedShots
689808,La_liga,Real Betis,Valencia,0,45,Pablo Fornals,0.6919999694824219,0.590999984741211,0.020659033209085464,RightFoot,FromCorner,MissedShots
689809,La_liga,Real Betis,Valencia,0,48,Antony,0.815,0.3170000076293945,0.030698001384735107,LeftFoot,OpenPlay,BlockedShot
689810,La_liga,Real Betis,Valencia,0,49,Nelson Deossa,0.7130000305175781,0.505,0.015126178041100502,LeftFoot,SetPiece,MissedShots
689813,La_liga,Real Betis,Valencia,0,45,Antony,0.845,0.27100000381469724,0.02524936944246292,LeftFoot,OpenPlay,BlockedShot
689815,La_liga,Real Betis,Valencia,0,60,Isco,0.5679999923706055,0.595999984741211,0.007955582812428474,RightFoot,OpenPlay,SavedShot
689818,La_liga,Real Betis,Valencia,0,68,Nelson Deossa,0.7219999694824218,0.5540000152587891,0.015547298826277256,LeftFoot,OpenPlay,MissedShots
689819,La_liga,Real Betis,Valencia,0,69,Nelson Deossa,0.8640000152587891,0.7030000305175781,0.046180300414562225,LeftFoot,OpenPlay,MissedShots
689820,La_liga,Real Betis,Valencia,0,71,Troy Parrott,0.905,0.30700000762939456,0.2760361433029175,RightFoot,OpenPlay,MissedShots
689821,La_liga,Real Betis,Valencia,0,76,Antony,0.774000015258789,0.3870000076293945,0.026551606133580208,LeftFoot,OpenPlay,SavedShot
689822,La_liga,Real Betis,Valencia,0,82,Pablo García,0.85,0.5029999923706054,0.2983115017414093,LeftFoot,OpenPlay,Goal
689859,La_liga,Real Madrid,Real Sociedad,1,2,Vinícius Júnior,0.8169999694824219,0.47200000762939454,0.05793105438351631,LeftFoot,OpenPlay,MissedShots
689860,La_liga,Real Madrid,Real Sociedad,1,6,Kylian Mbappe-Lottin,0.955,0.6630000305175782,0.08627209812402725,LeftFoot,OpenPlay,SavedShot
689863,La_liga,Real Madrid,Real Sociedad,1,20,Vinícius Júnior,0.9,0.6959999847412109,0.20191071927547455,RightFoot,OpenPlay,SavedShot
689865,La_liga,Real Madrid,Real Sociedad,1,37,Kylian Mbappe-Lottin,0.8780000305175781,0.7169999694824218,0.03804997727274895,RightFoot,OpenPlay,SavedShot
689866,La_liga,Real Madrid,Real Sociedad,1,37,Dean Huijsen,0.6430000305175781,0.6329999923706054,0.009430916979908943,RightFoot,OpenPlay,MissedShots
689867,La_liga,Real Madrid,Real Sociedad,1,39,Kylian Mbappe-Lottin,0.8969999694824219,0.549000015258789,0.11298941820859909,LeftFoot,OpenPlay,Goal
689868,La_liga,Real Madrid,Real Sociedad,1,43,Kylian Mbappe-Lottin,0.7619999694824219,0.5979999923706054,0.06713837385177612,RightFoot,OpenPlay,SavedShot
689871,La_liga,Real Madrid,Real Sociedad,1,45,Denzel Dumfries,0.78,0.4779999923706055,0.03425918519496918,RightFoot,OpenPlay,BlockedShot
689872,La_liga,Real Madrid,Real Sociedad,1,46,Kylian Mbappe-Lottin,0.9,0.5740000152587891,0.3841719627380371,LeftFoot,OpenPlay,SavedShot
689873,La_liga,Real Madrid,Real Sociedad,1,46,Vinícius Júnior,0.8580000305175781,0.7,0.03913317993283272,RightFoot,OpenPlay,BlockedShot
689874,La_liga,Real Madrid,Real Sociedad,1,46,Arda Güler,0.855999984741211,0.6940000152587891,0.03358931466937065,LeftFoot,OpenPlay,BlockedShot
689875,La_liga,Real Madrid,Real Sociedad,1,46,Dean Huijsen,0.894000015258789,0.5409999847412109,0.0185544416308403,Head,FromCorner,MissedShots
689876,La_liga,Real Madrid,Real Sociedad,1,48,Arda Güler,0.78,0.285,0.023967700079083443,LeftFoot,FromCorner,SavedShot
689877,La_liga,Real Madrid,Real Sociedad,1,50,Kylian Mbappe-Lottin,0.8830000305175781,0.34799999237060547,0.054117441177368164,RightFoot,OpenPlay,BlockedShot
689878,La_liga,Real Madrid,Real Sociedad,1,59,Kylian Mbappe-Lottin,0.9230000305175782,0.580999984741211,0.47920554876327515,RightFoot,OpenPlay,Goal
689879,La_liga,Real Madrid,Real Sociedad,1,66,Jude Bellingham,0.8680000305175781,0.54,0.10682301968336105,LeftFoot,OpenPlay,BlockedShot
689880,La_liga,Real Madrid,Real Sociedad,1,67,Vinícius Júnior,0.98,0.514000015258789,0.9530845284461975,RightFoot,OpenPlay,Goal
689882,La_liga,Real Madrid,Real Sociedad,1,71,Federico Valverde,0.7340000152587891,0.590999984741211,0.023322196677327156,RightFoot,FromCorner,BlockedShot
689887,La_liga,Real Madrid,Real Sociedad,1,79,Kylian Mbappe-Lottin,0.9519999694824218,0.615,0.4925994575023651,LeftFoot,OpenPlay,Goal
689888,La_liga,Real Madrid,Real Sociedad,1,82,Federico Valverde,0.9359999847412109,0.325,0.08995358645915985,RightFoot,OpenPlay,SavedShot
689861,La_liga,Real Sociedad,Real Madrid,0,6,Jon Aramburu,0.72,0.28899999618530275,0.00889489147812128,RightFoot,OpenPlay,MissedShots
689862,La_liga,Real Sociedad,Real Madrid,0,10,Mikel Oyarzabal,0.909000015258789,0.61,0.10019247233867645,LeftFoot,OpenPlay,SavedShot
689864,La_liga,Real Sociedad,Real Madrid,0,34,Sergio Gómez,0.9280000305175782,0.720999984741211,0.041847433894872665,LeftFoot,OpenPlay,MissedShots
689869,La_liga,Real Sociedad,Real Madrid,0,43,Job Ochieng,0.875,0.6419999694824219,0.04911113530397415,RightFoot,OpenPlay,BlockedShot
689870,La_liga,Real Sociedad,Real Madrid,0,43,Luka Sucic,0.875,0.40299999237060546,0.07094388455152512,LeftFoot,OpenPlay,Goal
689881,La_liga,Real Sociedad,Real Madrid,0,69,Sergio Gómez,0.855,0.754000015258789,0.02509123645722866,LeftFoot,OpenPlay,MissedShots
689883,La_liga,Real Sociedad,Real Madrid,0,74,Orri Óskarsson,0.9009999847412109,0.6190000152587891,0.08476071059703827,LeftFoot,OpenPlay,BlockedShot
689884,La_liga,Real Sociedad,Real Madrid,0,74,Beñat Turrientes,0.7680000305175781,0.6459999847412109,0.026691941544413567,RightFoot,FromCorner,SavedShot
689885,La_liga,Real Sociedad,Real Madrid,0,76,Gonçalo Guedes,0.9080000305175782,0.6940000152587891,0.04673811420798302,LeftFoot,OpenPlay,BlockedShot
689886,La_liga,Real Sociedad,Real Madrid,0,77,Luka Sucic,0.7580000305175781,0.39299999237060546,0.012209207750856876,RightFoot,FromCorner,MissedShots
689889,La_liga,Celta Vigo,Osasuna,1,13,Iago Aspas,0.7719999694824219,0.5359999847412109,0.03693898767232895,LeftFoot,OpenPlay,Goal
689900,La_liga,Celta Vigo,Osasuna,1,78,Jones El Abdellaoui,0.7269999694824218,0.514000015258789,0.01487691979855299,RightFoot,OpenPlay,SavedShot
689903,La_liga,Celta Vigo,Osasuna,1,91,Carl Starfelt,0.8640000152587891,0.504000015258789,0.036291033029556274,Head,OpenPlay,MissedShots
689904,La_liga,Celta Vigo,Osasuna,1,94,Sergio Carreira,0.7680000305175781,0.3729999923706055,0.018624257296323776,RightFoot,FromCorner,BlockedShot
689890,La_liga,Osasuna,Celta Vigo,0,20,Raul García,0.46599998474121096,0.34,0.00926829781383276,RightFoot,OpenPlay,SavedShot
689891,La_liga,Osasuna,Celta Vigo,0,24,Abel Bretones,0.745,0.6370000076293946,0.014908569864928722,LeftFoot,OpenPlay,MissedShots
689892,La_liga,Osasuna,Celta Vigo,0,41,Raul García,0.765,0.38799999237060545,0.021413682028651237,RightFoot,OpenPlay,SavedShot
689893,La_liga,Osasuna,Celta Vigo,0,43,Kike Barja,0.799000015258789,0.5570000076293945,0.04290711134672165,RightFoot,OpenPlay,MissedShots
689894,La_liga,Osasuna,Celta Vigo,0,51,Lucas Torró,0.9259999847412109,0.5570000076293945,0.058311693370342255,Head,SetPiece,MissedShots
689895,La_liga,Osasuna,Celta Vigo,0,53,Raul García,0.9230000305175782,0.465,0.11855625361204147,Head,OpenPlay,MissedShots
689896,La_liga,Osasuna,Celta Vigo,0,53,Kike Barja,0.9309999847412109,0.5359999847412109,0.5467433333396912,RightFoot,OpenPlay,Goal
689897,La_liga,Osasuna,Celta Vigo,0,59,Rubén García,0.9459999847412109,0.4759999847412109,0.10577736049890518,LeftFoot,OpenPlay,MissedShots
689898,La_liga,Osasuna,Celta Vigo,0,61,Ante Budimir,0.909000015258789,0.45299999237060545,0.07011894136667252,RightFoot,FromCorner,BlockedShot
689899,La_liga,Osasuna,Celta Vigo,0,63,Ante Budimir,0.885,0.5,0.7432776093482971,LeftFoot,Penalty,Goal
689901,La_liga,Osasuna,Celta Vigo,0,86,Iker Muñoz,0.735,0.5509999847412109,0.02215198427438736,RightFoot,OpenPlay,BlockedShot
689902,La_liga,Osasuna,Celta Vigo,0,87,Ante Budimir,0.8830000305175781,0.69,0.05422886461019516,LeftFoot,OpenPlay,BlockedShot
689905,La_liga,Osasuna,Celta Vigo,0,97,Ante Budimir,0.955999984741211,0.515,0.15368273854255676,LeftFoot,OpenPlay,BlockedShot
689906,La_liga,Barcelona,Athletic Club,1,8,Eric Garcia,0.9069999694824219,0.6430000305175781,0.02342108264565468,Head,FromCorner,MissedShots
689907,La_liga,Barcelona,Athletic Club,1,10,Lamine Yamal,0.8530000305175781,0.33299999237060546,0.05072532221674919,LeftFoot,OpenPlay,MissedShots
689908,La_liga,Barcelona,Athletic Club,1,18,Lamine Yamal,0.8419999694824218,0.33,0.03846109285950661,LeftFoot,OpenPlay,SavedShot
689909,La_liga,Barcelona,Athletic Club,1,23,Raphinha,0.8869999694824219,0.4570000076293945,0.19031845033168793,Head,OpenPlay,ShotOnPost
689910,La_liga,Barcelona,Athletic Club,1,23,Lamine Yamal,0.8490000152587891,0.3840000152587891,0.054994501173496246,LeftFoot,OpenPlay,BlockedShot
689911,La_liga,Barcelona,Athletic Club,1,35,Raphinha,0.7069999694824218,0.3189999961853027,0.036519862711429596,LeftFoot,DirectFreekick,BlockedShot
689912,La_liga,Barcelona,Athletic Club,1,36,Raphinha,0.97,0.38299999237060545,0.5897595882415771,LeftFoot,OpenPlay,Goal
689914,La_liga,Barcelona,Athletic Club,1,40,Lamine Yamal,0.89,0.41200000762939454,0.3771696388721466,LeftFoot,OpenPlay,SavedShot
689915,La_liga,Barcelona,Athletic Club,1,41,Gerard Martín,0.9059999847412109,0.5590000152587891,0.08745565265417099,LeftFoot,FromCorner,MissedShots
689916,La_liga,Barcelona,Athletic Club,1,45,Anthony Gordon,0.899000015258789,0.615999984741211,0.3663690686225891,LeftFoot,OpenPlay,MissedShots
689917,La_liga,Barcelona,Athletic Club,1,52,Lamine Yamal,0.845999984741211,0.345,0.06489577144384384,LeftFoot,OpenPlay,BlockedShot
689918,La_liga,Barcelona,Athletic Club,1,54,Fermín López,0.950999984741211,0.33099998474121095,0.09035813063383102,RightFoot,OpenPlay,SavedShot
689919,La_liga,Barcelona,Athletic Club,1,58,Xavi Espart,0.7980000305175782,0.63,0.041720736771821976,RightFoot,OpenPlay,SavedShot
689920,La_liga,Barcelona,Athletic Club,1,61,Fermín López,0.8719999694824219,0.64,0.02559816837310791,RightFoot,SetPiece,SavedShot
689921,La_liga,Barcelona,Athletic Club,1,61,Pau Cubarsí,0.915,0.5020000076293946,0.120822012424469,LeftFoot,SetPiece,MissedShots
689922,La_liga,Barcelona,Athletic Club,1,67,Dani Olmo,0.889000015258789,0.3370000076293945,0.015340300276875496,Head,FromCorner,SavedShot
689923,La_liga,Barcelona,Athletic Club,1,71,Anthony Gordon,0.850999984741211,0.3729999923706055,0.12778064608573914,RightFoot,OpenPlay,BlockedShot
689926,La_liga,Barcelona,Athletic Club,1,78,Lamine Yamal,0.8119999694824219,0.4859999847412109,0.04701562970876694,LeftFoot,SetPiece,BlockedShot
689927,La_liga,Barcelona,Athletic Club,1,78,Eric Garcia,0.9330000305175781,0.42,0.04707181453704834,Head,SetPiece,MissedShots
689928,La_liga,Barcelona,Athletic Club,1,81,Fermín López,0.9840000152587891,0.519000015258789,0.91566401720047,RightFoot,OpenPlay,Goal
689930,La_liga,Barcelona,Athletic Club,1,87,Karim Adeyemi,0.9719999694824218,0.5459999847412109,0.5804449915885925,LeftFoot,OpenPlay,SavedShot
689931,La_liga,Barcelona,Athletic Club,1,91,Lamine Yamal,0.7669999694824219,0.4329999923706055,0.03825128450989723,LeftFoot,OpenPlay,SavedShot
689913,La_liga,Athletic Club,Barcelona,0,39,Nico Williams,0.82,0.775,0.022903263568878174,RightFoot,FromCorner,MissedShots
689924,La_liga,Athletic Club,Barcelona,0,73,Oihan Sancet,0.919000015258789,0.48400001525878905,0.05691163241863251,Head,OpenPlay,MissedShots
689925,La_liga,Athletic Club,Barcelona,0,74,Oihan Sancet,0.805,0.55,0.07770559191703796,RightFoot,OpenPlay,ShotOnPost
689929,La_liga,Athletic Club,Barcelona,0,82,Alex Berenguer,0.865999984741211,0.7380000305175781,0.02948152832686901,RightFoot,OpenPlay,MissedShots
689932,La_liga,Athletic Club,Barcelona,0,93,Yeray Álvarez,0.874000015258789,0.5729999923706055,0.03496013581752777,Head,FromCorner,MissedShots
689988,La_liga,Racing Santander,Elche,1,6,Sergio Canales,0.9269999694824219,0.634000015258789,0.09676335752010345,LeftFoot,OpenPlay,MissedShots
689989,La_liga,Racing Santander,Elche,1,6,Jorge Salinas,0.9340000152587891,0.47,0.123243547976017,Head,FromCorner,SavedShot
689991,La_liga,Racing Santander,Elche,1,14,Yassir Zabiri,0.8190000152587891,0.5120000076293946,0.32090798020362854,LeftFoot,OpenPlay,Goal
689992,La_liga,Racing Santander,Elche,1,20,Yassir Zabiri,0.8480000305175781,0.48,0.3851379156112671,LeftFoot,OpenPlay,Goal
689993,La_liga,Racing Santander,Elche,1,24,Sergio Canales,0.8030000305175782,0.6329999923706054,0.08005532622337341,LeftFoot,OpenPlay,BlockedShot
689994,La_liga,Racing Santander,Elche,1,29,Sergio Canales,0.8469999694824218,0.685,0.05824614316225052,LeftFoot,OpenPlay,MissedShots
689996,La_liga,Racing Santander,Elche,1,35,Yassir Zabiri,0.905,0.48400001525878905,0.4163542687892914,LeftFoot,OpenPlay,Goal
689997,La_liga,Racing Santander,Elche,1,40,Yassir Zabiri,0.8159999847412109,0.47900001525878905,0.08699636161327362,LeftFoot,OpenPlay,BlockedShot
690003,La_liga,Racing Santander,Elche,1,49,Iván Martín,0.8209999847412109,0.385,0.06872661411762238,LeftFoot,OpenPlay,MissedShots
690004,La_liga,Racing Santander,Elche,1,53,Sergio Canales,0.9059999847412109,0.385,0.32746294140815735,RightFoot,OpenPlay,SavedShot
690005,La_liga,Racing Santander,Elche,1,54,Sergio Canales,0.8619999694824219,0.600999984741211,0.11672063171863556,LeftFoot,OpenPlay,MissedShots
690009,La_liga,Racing Santander,Elche,1,63,Yassir Zabiri,0.8490000152587891,0.5170000076293946,0.10083887726068497,LeftFoot,OpenPlay,BlockedShot
690010,La_liga,Racing Santander,Elche,1,72,Asier Villalibre,0.8769999694824219,0.42900001525878906,0.38080310821533203,LeftFoot,OpenPlay,SavedShot
689990,La_liga,Elche,Racing Santander,0,10,Gonzalo Villar,0.845999984741211,0.34400001525878904,0.0490003265440464,RightFoot,OpenPlay,SavedShot
689995,La_liga,Elche,Racing Santander,0,32,Facundo Buonanotte,0.750999984741211,0.3039999961853027,0.05069263279438019,LeftFoot,DirectFreekick,BlockedShot
689998,La_liga,Elche,Racing Santander,0,43,Ali Houary,0.7269999694824218,0.42,0.009552335366606712,RightFoot,SetPiece,SavedShot
689999,La_liga,Elche,Racing Santander,0,45,David Affengruber,0.9,0.325,0.02697356604039669,Head,SetPiece,MissedShots
690000,La_liga,Elche,Racing Santander,0,46,Facundo Buonanotte,0.725,0.6669999694824219,0.016051417216658592,LeftFoot,OpenPlay,MissedShots
690001,La_liga,Elche,Racing Santander,0,47,Facundo Buonanotte,0.8880000305175781,0.08800000190734864,0.03948771953582764,LeftFoot,DirectFreekick,SavedShot
690002,La_liga,Elche,Racing Santander,0,48,Victor Chust,0.9290000152587891,0.4829999923706055,0.12246496975421906,Head,FromCorner,MissedShots
690006,La_liga,Elche,Racing Santander,0,57,Ezequiel Ponce,0.8590000152587891,0.48400001525878905,0.019650669768452644,Head,OpenPlay,BlockedShot
690007,La_liga,Elche,Racing Santander,0,58,Fernando Niño,0.9159999847412109,0.5320000076293945,0.1291731745004654,Head,OpenPlay,MissedShots
690008,La_liga,Elche,Racing Santander,0,60,Fernando Niño,0.96,0.615999984741211,0.28691044449806213,LeftFoot,OpenPlay,SavedShot
690011,La_liga,Elche,Racing Santander,0,77,Buba Sangaré,0.7809999847412109,0.37,0.026869235560297966,RightFoot,OpenPlay,Goal
690012,La_liga,Elche,Racing Santander,0,78,Fernando Niño,0.9269999694824219,0.525,0.07996402680873871,Head,OpenPlay,Goal
690013,La_liga,Elche,Racing Santander,0,86,Gonzalo Villar,0.8219999694824218,0.49900001525878906,0.022857632488012314,LeftFoot,FromCorner,BlockedShot
690014,La_liga,Elche,Racing Santander,0,87,Tete Morente,0.73,0.4829999923706055,0.01568000391125679,RightFoot,FromCorner,MissedShots
690015,La_liga,Elche,Racing Santander,0,92,Lucas Cepeda,0.8859999847412109,0.34200000762939453,0.023897647857666016,LeftFoot,FromCorner,BlockedShot
690016,La_liga,Elche,Racing Santander,0,92,David Affengruber,0.9580000305175781,0.5740000152587891,0.05815626308321953,Head,FromCorner,BlockedShot
690017,La_liga,Elche,Racing Santander,0,93,Lucas Cepeda,0.8130000305175781,0.525,0.0406804196536541,LeftFoot,FromCorner,BlockedShot
690018,La_liga,Elche,Racing Santander,0,95,Lucas Cepeda,0.7280000305175781,0.47400001525878904,0.05744278058409691,LeftFoot,DirectFreekick,SavedShot
690102,La_liga,Alaves,Villarreal,1,12,Lucas Boyé,0.9030000305175782,0.40400001525878904,0.04624735563993454,RightFoot,SetPiece,SavedShot
690108,La_liga,Alaves,Villarreal,1,30,Lucas Boyé,0.924000015258789,0.504000015258789,0.5586252212524414,RightFoot,OpenPlay,Goal
690109,La_liga,Alaves,Villarreal,1,36,Ángel Pérez,0.7230000305175781,0.3770000076293945,0.01381154078990221,RightFoot,FromCorner,MissedShots
690111,La_liga,Alaves,Villarreal,1,55,Pablo Ibáñez,0.7919999694824219,0.30100000381469727,0.03107631206512451,RightFoot,OpenPlay,MissedShots
690116,La_liga,Alaves,Villarreal,1,68,Ángel Pérez,0.95,0.32099998474121094,0.11666163802146912,RightFoot,OpenPlay,ShotOnPost
690117,La_liga,Alaves,Villarreal,1,72,Antonio Blanco,0.8009999847412109,0.5070000076293946,0.06211644783616066,RightFoot,OpenPlay,MissedShots
690121,La_liga,Alaves,Villarreal,1,79,Lucas Boyé,0.884000015258789,0.504000015258789,0.049021121114492416,Head,FromCorner,MissedShots
690122,La_liga,Alaves,Villarreal,1,81,Pablo Ibáñez,0.8059999847412109,0.225,0.023662621155381203,RightFoot,OpenPlay,MissedShots
690127,La_liga,Alaves,Villarreal,1,92,Jonny,0.7030000305175781,0.455,0.0142469871789217,RightFoot,SetPiece,MissedShots
690100,La_liga,Villarreal,Alaves,0,4,Santiago Mouriño,0.855999984741211,0.455,0.04236305505037308,RightFoot,FromCorner,BlockedShot
690101,La_liga,Villarreal,Alaves,0,4,Gerard Moreno,0.96,0.4520000076293945,0.11343029141426086,RightFoot,FromCorner,MissedShots
690103,La_liga,Villarreal,Alaves,0,21,Georges Mikautadze,0.8630000305175781,0.49400001525878906,0.10450509935617447,RightFoot,OpenPlay,BlockedShot
690104,La_liga,Villarreal,Alaves,0,26,Carlos Romero,0.8809999847412109,0.6029999923706054,0.0962178036570549,RightFoot,OpenPlay,BlockedShot
690105,La_liga,Villarreal,Alaves,0,27,Tajon Buchanan,0.7909999847412109,0.7130000305175781,0.023994337767362595,RightFoot,OpenPlay,SavedShot
690106,La_liga,Villarreal,Alaves,0,28,Juan Foyth,0.9059999847412109,0.42900001525878906,0.018639560788869858,Head,FromCorner,BlockedShot
690107,La_liga,Villarreal,Alaves,0,28,Gerard Moreno,0.7619999694824219,0.35700000762939454,0.03230832889676094,LeftFoot,FromCorner,MissedShots
690110,La_liga,Villarreal,Alaves,0,42,Gerard Moreno,0.919000015258789,0.3920000076293945,0.10176358371973038,RightFoot,OpenPlay,SavedShot
690112,La_liga,Villarreal,Alaves,0,55,Nicolas Pepe,0.84,0.3129999923706055,0.02842523902654648,LeftFoot,OpenPlay,SavedShot
690113,La_liga,Villarreal,Alaves,0,64,Renato Veiga,0.9430000305175781,0.675,0.014973478391766548,Head,FromCorner,MissedShots
690114,La_liga,Villarreal,Alaves,0,65,Nicolas Pepe,0.8919999694824219,0.2539999961853027,0.03058125078678131,LeftFoot,OpenPlay,BlockedShot
690115,La_liga,Villarreal,Alaves,0,65,Ayoze Pérez,0.9059999847412109,0.3970000076293945,0.0721757635474205,RightFoot,OpenPlay,MissedShots
690118,La_liga,Villarreal,Alaves,0,73,Ayoze Pérez,0.8859999847412109,0.3340000152587891,0.05246357247233391,RightFoot,OpenPlay,BlockedShot
690119,La_liga,Villarreal,Alaves,0,76,Juan Foyth,0.6830000305175781,0.4590000152587891,0.014029975049197674,RightFoot,OpenPlay,SavedShot
690120,La_liga,Villarreal,Alaves,0,77,Nicolas Pepe,0.9259999847412109,0.31799999237060544,0.052515704184770584,LeftFoot,OpenPlay,SavedShot
690123,La_liga,Villarreal,Alaves,0,82,Ayoze Pérez,0.8209999847412109,0.36400001525878906,0.03948641195893288,RightFoot,OpenPlay,SavedShot
690124,La_liga,Villarreal,Alaves,0,83,Juan Foyth,0.8819999694824219,0.39799999237060546,0.05661208555102348,RightFoot,FromCorner,ShotOnPost
690125,La_liga,Villarreal,Alaves,0,84,Renato Veiga,0.9869999694824219,0.5720000076293945,0.5040476322174072,RightFoot,FromCorner,MissedShots
690126,La_liga,Villarreal,Alaves,0,91,Juan Foyth,0.925,0.5329999923706055,0.052541397511959076,Head,OpenPlay,MissedShots
690529,La_liga,Levante,Real Betis,1,11,Iván Romero,0.874000015258789,0.43599998474121093,0.10434938222169876,RightFoot,OpenPlay,BlockedShot
690530,La_liga,Levante,Real Betis,1,13,Iván Romero,0.8380000305175781,0.47,0.066081203520298,RightFoot,OpenPlay,SavedShot
690531,La_liga,Levante,Real Betis,1,14,Iván Romero,0.9640000152587891,0.5879999923706055,0.038468148559331894,Head,FromCorner,MissedShots
690534,La_liga,Levante,Real Betis,1,18,Iván Romero,0.950999984741211,0.345,0.47640717029571533,RightFoot,OpenPlay,BlockedShot
690535,La_liga,Levante,Real Betis,1,18,Thiago Fernández,0.885,0.7519999694824219,0.030469844117760658,RightFoot,OpenPlay,MissedShots
690538,La_liga,Levante,Real Betis,1,23,Adrián De la Fuente,0.9330000305175781,0.49,0.4054831862449646,Head,FromCorner,Goal
690545,La_liga,Levante,Real Betis,1,40,Iván Romero,0.8630000305175781,0.3559999847412109,0.053775228559970856,RightFoot,OpenPlay,BlockedShot
690547,La_liga,Levante,Real Betis,1,45,Enzo Bardeli,0.6940000152587891,0.6759999847412109,0.010844585485756397,RightFoot,OpenPlay,Goal
690550,La_liga,Levante,Real Betis,1,51,Adrián De la Fuente,0.7019999694824218,0.435,0.013106712140142918,RightFoot,OpenPlay,MissedShots
690553,La_liga,Levante,Real Betis,1,51,Adrián De la Fuente,0.6869999694824219,0.295,0.013293640688061714,RightFoot,OpenPlay,MissedShots
690554,La_liga,Levante,Real Betis,1,54,Jon Ander Olasagasti,0.894000015258789,0.6509999847412109,0.06343206763267517,LeftFoot,OpenPlay,SavedShot
690555,La_liga,Levante,Real Betis,1,55,Roger Brugué,0.95,0.5509999847412109,0.13079556822776794,Head,FromCorner,Goal
690557,La_liga,Levante,Real Betis,1,63,Roger Brugué,0.85,0.534000015258789,0.10141418129205704,LeftFoot,OpenPlay,MissedShots
690559,La_liga,Levante,Real Betis,1,69,Iván Romero,0.875999984741211,0.42,0.3777211904525757,RightFoot,OpenPlay,ShotOnPost
690560,La_liga,Levante,Real Betis,1,69,Roger Brugué,0.9769999694824218,0.524000015258789,0.8334860801696777,LeftFoot,OpenPlay,Goal
690561,La_liga,Levante,Real Betis,1,73,Etta Eyong,0.7530000305175781,0.5590000152587891,0.02242061123251915,RightFoot,OpenPlay,SavedShot
690562,La_liga,Levante,Real Betis,1,73,Roger Brugué,0.89,0.3559999847412109,0.06879904866218567,LeftFoot,OpenPlay,MissedShots
690565,La_liga,Levante,Real Betis,1,89,Paco Cortés,0.7469999694824219,0.5170000076293946,0.06517872214317322,RightFoot,OpenPlay,SavedShot
690566,La_liga,Levante,Real Betis,1,94,Jon Ander Olasagasti,0.9330000305175781,0.5159999847412109,0.4784444272518158,Head,OpenPlay,Goal
690532,La_liga,Real Betis,Levante,0,15,Natan,0.879000015258789,0.5479999923706055,0.014438931830227375,Head,FromCorner,MissedShots
690533,La_liga,Real Betis,Levante,0,15,Rodrigo Riquelme,0.9630000305175781,0.6409999847412109,0.07592146098613739,LeftFoot,FromCorner,MissedShots
690536,La_liga,Real Betis,Levante,0,21,Marc Bartra,0.915,0.49900001525878906,0.04682350903749466,Head,FromCorner,MissedShots
690537,La_liga,Real Betis,Levante,0,21,Troy Parrott,0.8780000305175781,0.4620000076293945,0.017171157523989677,Head,FromCorner,MissedShots
690539,La_liga,Real Betis,Levante,0,25,Rodrigo Riquelme,0.9059999847412109,0.6869999694824219,0.05081921070814133,LeftFoot,OpenPlay,SavedShot
690540,La_liga,Real Betis,Levante,0,26,Facundo Bernal,0.9119999694824219,0.49200000762939455,0.04194239526987076,Head,FromCorner,SavedShot
690541,La_liga,Real Betis,Levante,0,27,Facundo Bernal,0.7430000305175781,0.38299999237060545,0.014798508957028389,RightFoot,OpenPlay,MissedShots
690542,La_liga,Real Betis,Levante,0,33,Marc Bartra,0.855999984741211,0.455,0.06371762603521347,RightFoot,OpenPlay,Goal
690543,La_liga,Real Betis,Levante,0,37,Antony,0.8819999694824219,0.28,0.04033692181110382,LeftFoot,OpenPlay,BlockedShot
690544,La_liga,Real Betis,Levante,0,38,Antony,0.8680000305175781,0.4159999847412109,0.09118201583623886,LeftFoot,OpenPlay,SavedShot
690546,La_liga,Real Betis,Levante,0,41,Antony,0.9219999694824219,0.5129999923706055,0.1399594098329544,Head,OpenPlay,MissedShots
690548,La_liga,Real Betis,Levante,0,48,Marc Roca,0.9219999694824219,0.45299999237060545,0.043771449476480484,Head,FromCorner,MissedShots
690549,La_liga,Real Betis,Levante,0,48,Rodrigo Riquelme,0.97,0.5279999923706055,0.5358050465583801,Head,FromCorner,Goal
690551,La_liga,Real Betis,Levante,0,51,Antony,0.794000015258789,0.3220000076293945,0.021552978083491325,LeftFoot,OpenPlay,SavedShot
690552,La_liga,Real Betis,Levante,0,48,Troy Parrott,0.9580000305175781,0.4620000076293945,0.528022050857544,Head,OpenPlay,MissedShots
690556,La_liga,Real Betis,Levante,0,58,Antony,0.8809999847412109,0.3039999961853027,0.04058775678277016,LeftFoot,OpenPlay,MissedShots
690558,La_liga,Real Betis,Levante,0,65,Pablo Fornals,0.7709999847412109,0.3679999923706055,0.029829293489456177,RightFoot,OpenPlay,MissedShots
690563,La_liga,Real Betis,Levante,0,74,Antony,0.865999984741211,0.27299999237060546,0.045337628573179245,LeftFoot,OpenPlay,BlockedShot
690564,La_liga,Real Betis,Levante,0,76,Pablo García,0.8919999694824219,0.46900001525878904,0.07086611539125443,LeftFoot,OpenPlay,MissedShots
690567,La_liga,Real Betis,Levante,0,95,Nelson Deossa,0.710999984741211,0.40299999237060546,0.011073101311922073,LeftFoot,OpenPlay,MissedShots
690762,La_liga,Real Sociedad,Espanyol,1,3,Ander Barrenetxea,0.8569999694824219,0.5590000152587891,0.09110666811466217,RightFoot,OpenPlay,Goal
690764,La_liga,Real Sociedad,Espanyol,1,25,Mikel Oyarzabal,0.7180000305175781,0.40400001525878904,0.021762652322649956,LeftFoot,OpenPlay,SavedShot
690765,La_liga,Real Sociedad,Espanyol,1,28,Beñat Turrientes,0.8690000152587891,0.30100000381469727,0.04755159094929695,RightFoot,OpenPlay,BlockedShot
690766,La_liga,Real Sociedad,Espanyol,1,39,Mikel Oyarzabal,0.7980000305175782,0.6359999847412109,0.03789056837558746,LeftFoot,OpenPlay,BlockedShot
690767,La_liga,Real Sociedad,Espanyol,1,41,Mikel Oyarzabal,0.92,0.5990000152587891,0.4198720455169678,LeftFoot,FromCorner,BlockedShot
690770,La_liga,Real Sociedad,Espanyol,1,46,Luka Sucic,0.7480000305175781,0.37799999237060544,0.024001456797122955,LeftFoot,OpenPlay,MissedShots
690771,La_liga,Real Sociedad,Espanyol,1,49,Carlos Soler,0.8880000305175781,0.655,0.0721142590045929,RightFoot,OpenPlay,MissedShots
690772,La_liga,Real Sociedad,Espanyol,1,49,Ander Barrenetxea,0.8669999694824219,0.7730000305175782,0.020848063752055168,RightFoot,OpenPlay,MissedShots
690773,La_liga,Real Sociedad,Espanyol,1,51,Jon Martín,0.904000015258789,0.47200000762939454,0.04134657606482506,Head,SetPiece,BlockedShot
690776,La_liga,Real Sociedad,Espanyol,1,60,Orri Óskarsson,0.865999984741211,0.4490000152587891,0.5606109499931335,RightFoot,OpenPlay,Goal
690778,La_liga,Real Sociedad,Espanyol,1,71,Orri Óskarsson,0.925,0.4859999847412109,0.580262303352356,RightFoot,OpenPlay,BlockedShot
690779,La_liga,Real Sociedad,Espanyol,1,71,Orri Óskarsson,0.9480000305175781,0.4979999923706055,0.6526252627372742,RightFoot,OpenPlay,SavedShot
690781,La_liga,Real Sociedad,Espanyol,1,73,Alex Marchal,0.8040000152587891,0.519000015258789,0.10600418597459793,RightFoot,OpenPlay,SavedShot
690783,La_liga,Real Sociedad,Espanyol,1,78,Gonçalo Guedes,0.904000015258789,0.66,0.35782989859580994,RightFoot,OpenPlay,SavedShot
690784,La_liga,Real Sociedad,Espanyol,1,78,Mikel Oyarzabal,0.915,0.6880000305175781,0.07642849534749985,LeftFoot,OpenPlay,BlockedShot
690785,La_liga,Real Sociedad,Espanyol,1,81,Gonçalo Guedes,0.914000015258789,0.4779999923706055,0.11988537758588791,Head,SetPiece,SavedShot
690786,La_liga,Real Sociedad,Espanyol,1,81,Gonçalo Guedes,0.9009999847412109,0.37099998474121093,0.06511886417865753,RightFoot,SetPiece,SavedShot
690763,La_liga,Espanyol,Real Sociedad,0,24,Edu Expósito,0.78,0.6940000152587891,0.06571509689092636,RightFoot,DirectFreekick,MissedShots
690768,La_liga,Espanyol,Real Sociedad,0,42,Edu Expósito,0.765,0.32099998474121094,0.015444411896169186,RightFoot,OpenPlay,MissedShots
690769,La_liga,Espanyol,Real Sociedad,0,44,Roberto Fernández,0.865999984741211,0.395,0.40222933888435364,RightFoot,OpenPlay,Goal
690774,La_liga,Espanyol,Real Sociedad,0,55,Javi Hernández,0.789000015258789,0.6430000305175781,0.08707796037197113,LeftFoot,DirectFreekick,MissedShots
690775,La_liga,Espanyol,Real Sociedad,0,56,Edu Expósito,0.8440000152587891,0.585999984741211,0.09523613005876541,LeftFoot,OpenPlay,MissedShots
690777,La_liga,Espanyol,Real Sociedad,0,68,Gabriel Moscardo,0.7440000152587891,0.48900001525878906,0.02075183019042015,RightFoot,OpenPlay,SavedShot
690780,La_liga,Espanyol,Real Sociedad,0,71,Cala,0.8680000305175781,0.3029999923706055,0.04119044914841652,LeftFoot,OpenPlay,SavedShot
690782,La_liga,Espanyol,Real Sociedad,0,74,Roberto Fernández,0.9130000305175782,0.4640000152587891,0.04499837011098862,Head,OpenPlay,MissedShots
690787,La_liga,Espanyol,Real Sociedad,0,85,Jofre Carreras,0.7909999847412109,0.34400001525878904,0.024668488651514053,LeftFoot,OpenPlay,BlockedShot
690788,La_liga,Espanyol,Real Sociedad,0,91,Cala,0.85,0.3240000152587891,0.041475072503089905,LeftFoot,OpenPlay,BlockedShot
690789,La_liga,Espanyol,Real Sociedad,0,93,Marcos Fernández,0.93,0.5179999923706055,0.09116213768720627,Head,FromCorner,MissedShots
690986,La_liga,Sevilla,Atletico Madrid,1,5,Robbie Ure,0.9280000305175782,0.4759999847412109,0.33169400691986084,Head,OpenPlay,MissedShots
690988,La_liga,Sevilla,Atletico Madrid,1,22,Kike Salas,0.7619999694824219,0.5829999923706055,0.02166357822716236,LeftFoot,OpenPlay,MissedShots
690990,La_liga,Sevilla,Atletico Madrid,1,27,Peque,0.7909999847412109,0.629000015258789,0.032656438648700714,LeftFoot,OpenPlay,SavedShot
690992,La_liga,Sevilla,Atletico Madrid,1,34,Gabriel Suazo,0.7119999694824218,0.5059999847412109,0.012310294434428215,LeftFoot,OpenPlay,BlockedShot
690995,La_liga,Sevilla,Atletico Madrid,1,38,Miguel Sierra,0.7390000152587891,0.29700000762939455,0.016919400542974472,LeftFoot,SetPiece,SavedShot
690996,La_liga,Sevilla,Atletico Madrid,1,38,Miguel Sierra,0.7830000305175782,0.27700000762939453,0.01754414290189743,LeftFoot,SetPiece,SavedShot
690997,La_liga,Sevilla,Atletico Madrid,1,45,Jon Guridi,0.9390000152587891,0.6969999694824218,0.029416818171739578,LeftFoot,SetPiece,SavedShot
690998,La_liga,Sevilla,Atletico Madrid,1,45,Kike Salas,0.889000015258789,0.5820000076293945,0.0484786257147789,LeftFoot,FromCorner,BlockedShot
691000,La_liga,Sevilla,Atletico Madrid,1,46,Juan Iglesias,0.8719999694824219,0.46700000762939453,0.012236697599291801,Head,SetPiece,MissedShots
691002,La_liga,Sevilla,Atletico Madrid,1,51,Robbie Ure,0.870999984741211,0.43900001525878907,0.07226833701133728,LeftFoot,OpenPlay,BlockedShot
691004,La_liga,Sevilla,Atletico Madrid,1,52,Peque,0.8530000305175781,0.5529999923706055,0.10417841374874115,RightFoot,OpenPlay,BlockedShot
691005,La_liga,Sevilla,Atletico Madrid,1,54,Lucien Agoume,0.7340000152587891,0.6759999847412109,0.011312413029372692,RightFoot,OpenPlay,MissedShots
691006,La_liga,Sevilla,Atletico Madrid,1,57,Peque,0.945,0.6619999694824219,0.06984937191009521,LeftFoot,OpenPlay,BlockedShot
691007,La_liga,Sevilla,Atletico Madrid,1,57,Giorgi Kochorashvili,0.8569999694824219,0.655,0.05096302926540375,RightFoot,OpenPlay,MissedShots
691008,La_liga,Sevilla,Atletico Madrid,1,58,Chidera Ejuke,0.75,0.629000015258789,0.01876186393201351,RightFoot,OpenPlay,MissedShots
691009,La_liga,Sevilla,Atletico Madrid,1,60,Robbie Ure,0.8809999847412109,0.3,0.03508584573864937,RightFoot,OpenPlay,MissedShots
691010,La_liga,Sevilla,Atletico Madrid,1,66,Miguel Sierra,0.9159999847412109,0.5429999923706055,0.07938655465841293,LeftFoot,OpenPlay,Goal
691011,La_liga,Sevilla,Atletico Madrid,1,70,Lucien Agoume,0.8040000152587891,0.33,0.02761618234217167,RightFoot,OpenPlay,BlockedShot
691013,La_liga,Sevilla,Atletico Madrid,1,78,Miguel Sierra,0.795,0.235,0.01934351958334446,LeftFoot,OpenPlay,MissedShots
691014,La_liga,Sevilla,Atletico Madrid,1,79,Robbie Ure,0.915,0.43,0.04873082786798477,Head,OpenPlay,MissedShots
691017,La_liga,Sevilla,Atletico Madrid,1,95,Giorgi Kochorashvili,0.8630000305175781,0.4379999923706055,0.020117737352848053,Head,FromCorner,BlockedShot
690985,La_liga,Atletico Madrid,Sevilla,0,3,Álex Baena,0.9490000152587891,0.32,0.21425305306911469,RightFoot,OpenPlay,Goal
690987,La_liga,Atletico Madrid,Sevilla,0,19,Marc Pubill,0.92,0.5159999847412109,0.09746334701776505,RightFoot,FromCorner,MissedShots
690989,La_liga,Atletico Madrid,Sevilla,0,25,Ademola Lookman,0.860999984741211,0.6419999694824219,0.07280615717172623,RightFoot,OpenPlay,Goal
690991,La_liga,Atletico Madrid,Sevilla,0,32,Álex Baena,0.805,0.36400001525878906,0.050021059811115265,RightFoot,OpenPlay,Goal
690993,La_liga,Atletico Madrid,Sevilla,0,36,Ademola Lookman,0.870999984741211,0.6630000305175782,0.07751341164112091,RightFoot,OpenPlay,BlockedShot
690994,La_liga,Atletico Madrid,Sevilla,0,36,Álex Baena,0.8830000305175781,0.509000015258789,0.12401716411113739,RightFoot,OpenPlay,MissedShots
690999,La_liga,Atletico Madrid,Sevilla,0,49,Álex Grimaldo,0.8730000305175781,0.66,0.07789410650730133,LeftFoot,OpenPlay,BlockedShot
691001,La_liga,Atletico Madrid,Sevilla,0,49,Álex Baena,0.7959999847412109,0.6630000305175782,0.08616477251052856,RightFoot,DirectFreekick,BlockedShot
691003,La_liga,Atletico Madrid,Sevilla,0,51,Ademola Lookman,0.8540000152587891,0.590999984741211,0.12710286676883698,RightFoot,OpenPlay,BlockedShot
691012,La_liga,Atletico Madrid,Sevilla,0,72,Pablo Barrios Rivas,0.9169999694824219,0.4490000152587891,0.05618846416473389,Head,OpenPlay,SavedShot
691015,La_liga,Atletico Madrid,Sevilla,0,89,Álex Grimaldo,0.77,0.2879999923706055,0.056208837777376175,LeftFoot,DirectFreekick,SavedShot
691016,La_liga,Atletico Madrid,Sevilla,0,89,Arnau Ortiz,0.9640000152587891,0.40900001525878904,0.4733528196811676,RightFoot,SetPiece,MissedShots
691243,La_liga,Real Madrid,Malaga,1,0,Trent Alexander-Arnold,0.8090000152587891,0.265,0.017128774896264076,RightFoot,OpenPlay,MissedShots
691244,La_liga,Real Madrid,Malaga,1,3,Kylian Mbappe-Lottin,0.870999984741211,0.4570000076293945,0.0789649486541748,RightFoot,OpenPlay,BlockedShot
691245,La_liga,Real Madrid,Malaga,1,10,Antonio Rüdiger,0.9069999694824219,0.49200000762939455,0.03429014980792999,Head,FromCorner,BlockedShot
691248,La_liga,Real Madrid,Malaga,1,18,Jude Bellingham,0.945,0.3170000076293945,0.08783196657896042,RightFoot,OpenPlay,Goal
691249,La_liga,Real Madrid,Malaga,1,25,Kylian Mbappe-Lottin,0.904000015258789,0.36,0.09793978184461594,RightFoot,OpenPlay,SavedShot
691250,La_liga,Real Madrid,Malaga,1,25,Jude Bellingham,0.895,0.51,0.4211854040622711,Head,OpenPlay,BlockedShot
691252,La_liga,Real Madrid,Malaga,1,29,Kylian Mbappe-Lottin,0.895,0.46799999237060547,0.3979586660861969,RightFoot,OpenPlay,Goal
691253,La_liga,Real Madrid,Malaga,1,35,Vinícius Júnior,0.855,0.75,0.044456273317337036,RightFoot,OpenPlay,BlockedShot
691254,La_liga,Real Madrid,Malaga,1,37,Vinícius Júnior,0.8009999847412109,0.6480000305175782,0.04830709844827652,RightFoot,OpenPlay,BlockedShot
691256,La_liga,Real Madrid,Malaga,1,42,Brahim Diaz,0.9340000152587891,0.28899999618530275,0.1395609825849533,RightFoot,OpenPlay,BlockedShot
691259,La_liga,Real Madrid,Malaga,1,49,Kylian Mbappe-Lottin,0.7609999847412109,0.30100000381469727,0.05330834910273552,RightFoot,OpenPlay,BlockedShot
691260,La_liga,Real Madrid,Malaga,1,54,Jude Bellingham,0.9230000305175782,0.705,0.07737556844949722,LeftFoot,OpenPlay,ShotOnPost
691261,La_liga,Real Madrid,Malaga,1,56,Trent Alexander-Arnold,0.8819999694824219,0.3579999923706055,0.10403943061828613,RightFoot,OpenPlay,SavedShot
691262,La_liga,Real Madrid,Malaga,1,58,Jude Bellingham,0.88,0.5170000076293946,0.052155327051877975,RightFoot,FromCorner,MissedShots
691263,La_liga,Real Madrid,Malaga,1,58,Kylian Mbappe-Lottin,0.985999984741211,0.534000015258789,0.7689583897590637,Head,FromCorner,SavedShot
691265,La_liga,Real Madrid,Malaga,1,69,Jude Bellingham,0.8159999847412109,0.544000015258789,0.07858079671859741,RightFoot,OpenPlay,MissedShots
691272,La_liga,Real Madrid,Malaga,1,90,Arda Güler,0.9569999694824218,0.5220000076293946,0.8170442581176758,LeftFoot,OpenPlay,Goal
691274,La_liga,Real Madrid,Malaga,1,92,Kylian Mbappe-Lottin,0.794000015258789,0.649000015258789,0.08891656249761581,RightFoot,OpenPlay,SavedShot
691275,La_liga,Real Madrid,Malaga,1,93,Arda Güler,0.9690000152587891,0.30100000381469727,0.03994455561041832,RightFoot,FromCorner,BlockedShot
691242,La_liga,Malaga,Real Madrid,0,0,David Larrubia,0.8490000152587891,0.3240000152587891,0.06007272005081177,LeftFoot,OpenPlay,BlockedShot
691246,La_liga,Malaga,Real Madrid,0,13,Rafa Rodríguez,0.5829999923706055,0.28,0.007887727580964565,RightFoot,OpenPlay,MissedShots
691247,La_liga,Malaga,Real Madrid,0,15,Joaquín Muñoz,0.8590000152587891,0.765,0.020050229504704475,RightFoot,OpenPlay,MissedShots
691251,La_liga,Malaga,Real Madrid,0,25,Alfonso Herrero,0.022999999523162843,0.5029999923706054,0,OtherBodyPart,OpenPlay,OwnGoal
691255,La_liga,Malaga,Real Madrid,0,41,Rafa Rodríguez,0.904000015258789,0.415,0.07125891000032425,RightFoot,FromCorner,ShotOnPost
691257,La_liga,Malaga,Real Madrid,0,44,Chupe,0.8730000305175781,0.43599998474121093,0.08769237250089645,RightFoot,OpenPlay,MissedShots
691258,La_liga,Malaga,Real Madrid,0,46,Rafa Rodríguez,0.7330000305175781,0.31799999237060544,0.012617242522537708,RightFoot,OpenPlay,MissedShots
691264,La_liga,Malaga,Real Madrid,0,63,Juan Cruz,0.7380000305175781,0.6909999847412109,0.012929122895002365,RightFoot,OpenPlay,MissedShots
691266,La_liga,Malaga,Real Madrid,0,71,David Larrubia,0.7730000305175782,0.4779999923706055,0.03841017559170723,LeftFoot,FromCorner,SavedShot
691267,La_liga,Malaga,Real Madrid,0,75,Haitam Abaida,0.8169999694824219,0.7030000305175781,0.06064227595925331,LeftFoot,OpenPlay,BlockedShot
691268,La_liga,Malaga,Real Madrid,0,79,Chupe,0.7630000305175781,0.53,0.044093720614910126,RightFoot,OpenPlay,BlockedShot
691269,La_liga,Malaga,Real Madrid,0,82,David Larrubia,0.899000015258789,0.28600000381469726,0.0464872270822525,LeftFoot,SetPiece,BlockedShot
691270,La_liga,Malaga,Real Madrid,0,84,Haitam Abaida,0.8190000152587891,0.5059999847412109,0.17124609649181366,LeftFoot,DirectFreekick,BlockedShot
691271,La_liga,Malaga,Real Madrid,0,87,Chupe,0.8069999694824219,0.509000015258789,0.05994571000337601,RightFoot,OpenPlay,MissedShots
691273,La_liga,Malaga,Real Madrid,0,91,David Larrubia,0.84,0.41700000762939454,0.06683523207902908,LeftFoot,OpenPlay,BlockedShot
691439,La_liga,Deportivo La Coruna,Valencia,1,4,Pierre-Emerick Aubameyang,0.79,0.6120000076293945,0.03042438253760338,RightFoot,OpenPlay,BlockedShot
691440,La_liga,Deportivo La Coruna,Valencia,1,9,Ximo Navarro,0.8190000152587891,0.5579999923706055,0.04160682111978531,RightFoot,FromCorner,MissedShots
691442,La_liga,Deportivo La Coruna,Valencia,1,16,Pierre-Emerick Aubameyang,0.8640000152587891,0.47299999237060547,0.4238285720348358,LeftFoot,OpenPlay,Goal
691445,La_liga,Deportivo La Coruna,Valencia,1,33,Bil Nsongo,0.9359999847412109,0.53,0.13090001046657562,LeftFoot,OpenPlay,BlockedShot
691446,La_liga,Deportivo La Coruna,Valencia,1,34,Ximo Navarro,0.7769999694824219,0.3729999923706055,0.015094785951077938,RightFoot,FromCorner,MissedShots
691447,La_liga,Deportivo La Coruna,Valencia,1,36,Pierre-Emerick Aubameyang,0.899000015258789,0.5359999847412109,0.1376393437385559,RightFoot,OpenPlay,MissedShots
691448,La_liga,Deportivo La Coruna,Valencia,1,38,Mario Soriano,0.7319999694824219,0.5729999923706055,0.022694841027259827,RightFoot,OpenPlay,MissedShots
691451,La_liga,Deportivo La Coruna,Valencia,1,49,Bil Nsongo,0.8580000305175781,0.629000015258789,0.07902275770902634,RightFoot,OpenPlay,MissedShots
691454,La_liga,Deportivo La Coruna,Valencia,1,53,Pierre-Emerick Aubameyang,0.9130000305175782,0.6730000305175782,0.12196123600006104,LeftFoot,OpenPlay,SavedShot
691456,La_liga,Deportivo La Coruna,Valencia,1,62,Pierre-Emerick Aubameyang,0.8090000152587891,0.5409999847412109,0.32231244444847107,Head,OpenPlay,SavedShot
691458,La_liga,Deportivo La Coruna,Valencia,1,84,Jonathan Asp Jensen,0.764000015258789,0.34400001525878904,0.08202280104160309,LeftFoot,OpenPlay,SavedShot
691441,La_liga,Valencia,Deportivo La Coruna,0,12,César Tárrega,0.048000001907348634,0.5620000076293945,0,OtherBodyPart,FromCorner,OwnGoal
691443,La_liga,Valencia,Deportivo La Coruna,0,25,Umar Sadiq,0.9490000152587891,0.49599998474121093,0.5692082643508911,RightFoot,OpenPlay,Goal
691444,La_liga,Valencia,Deportivo La Coruna,0,27,Javier Guerra,0.85,0.29100000381469726,0.03363289311528206,RightFoot,OpenPlay,MissedShots
691449,La_liga,Valencia,Deportivo La Coruna,0,40,Ryunosuke Sato,0.865,0.6780000305175782,0.06409657746553421,LeftFoot,OpenPlay,BlockedShot
691450,La_liga,Valencia,Deportivo La Coruna,0,47,Javier Guerra,0.865,0.5770000076293945,0.06854700297117233,RightFoot,OpenPlay,MissedShots
691452,La_liga,Valencia,Deportivo La Coruna,0,51,Filip Ugrinic,0.7869999694824219,0.325,0.02249065227806568,RightFoot,OpenPlay,BlockedShot
691453,La_liga,Valencia,Deportivo La Coruna,0,52,Filip Ugrinic,0.7530000305175781,0.465,0.021477259695529938,LeftFoot,OpenPlay,SavedShot
691455,La_liga,Valencia,Deportivo La Coruna,0,58,Mouctar Diakhaby,0.049000000953674315,0.46599998474121096,0,RightFoot,OpenPlay,OwnGoal
691457,La_liga,Valencia,Deportivo La Coruna,0,71,Arnaut Danjuma Groeneveld,0.8669999694824219,0.6680000305175782,0.01925734616816044,RightFoot,OpenPlay,MissedShots
691459,La_liga,Valencia,Deportivo La Coruna,0,89,Filip Ugrinic,0.87,0.4590000152587891,0.10092756152153015,RightFoot,OpenPlay,MissedShots
691460,La_liga,Valencia,Deportivo La Coruna,0,89,César Tárrega,0.725999984741211,0.46299999237060546,0.013463757000863552,RightFoot,OpenPlay,BlockedShot
691461,La_liga,Valencia,Deportivo La Coruna,0,90,Raba,0.7530000305175781,0.42400001525878905,0.01802809163928032,LeftFoot,FromCorner,BlockedShot
691462,La_liga,Valencia,Deportivo La Coruna,0,90,Arnaut Danjuma Groeneveld,0.7230000305175781,0.5409999847412109,0.014822607859969139,RightFoot,FromCorner,SavedShot
691463,La_liga,Valencia,Deportivo La Coruna,0,93,Umar Sadiq,0.925,0.475,0.07116422802209854,Head,SetPiece,SavedShot
691553,La_liga,Celta Vigo,Athletic Club,1,10,Williot Swedberg,0.8930000305175781,0.45799999237060546,0.42755672335624695,LeftFoot,OpenPlay,SavedShot
691564,La_liga,Celta Vigo,Athletic Club,1,36,Ferrán Jutglà,0.9080000305175782,0.47299999237060547,0.032361309975385666,Head,FromCorner,ShotOnPost
691566,La_liga,Celta Vigo,Athletic Club,1,52,Williot Swedberg,0.8619999694824219,0.5309999847412109,0.24066264927387238,RightFoot,OpenPlay,SavedShot
691567,La_liga,Celta Vigo,Athletic Club,1,53,Williot Swedberg,0.8619999694824219,0.6609999847412109,0.05138707160949707,RightFoot,OpenPlay,BlockedShot
691569,La_liga,Celta Vigo,Athletic Club,1,58,Carl Starfelt,0.9290000152587891,0.47400001525878904,0.36582496762275696,Head,FromCorner,MissedShots
691571,La_liga,Celta Vigo,Athletic Club,1,62,Sergio Carreira,0.8240000152587891,0.4779999923706055,0.06275279819965363,RightFoot,OpenPlay,MissedShots
691572,La_liga,Celta Vigo,Athletic Club,1,63,Javier Rueda,0.5720000076293945,0.04699999809265137,0.005417272448539734,RightFoot,OpenPlay,MissedShots
691573,La_liga,Celta Vigo,Athletic Club,1,73,Iago Aspas,0.9719999694824218,0.6090000152587891,0.014624829404056072,Head,FromCorner,MissedShots
691552,La_liga,Athletic Club,Celta Vigo,0,6,Inigo Ruiz de Galarreta,0.779000015258789,0.514000015258789,0.035696908831596375,RightFoot,OpenPlay,MissedShots
691554,La_liga,Athletic Club,Celta Vigo,0,14,Oihan Sancet,0.8119999694824219,0.49900001525878906,0.0595669262111187,LeftFoot,OpenPlay,SavedShot
691555,La_liga,Athletic Club,Celta Vigo,0,16,Oihan Sancet,0.919000015258789,0.5379999923706055,0.4689682722091675,LeftFoot,OpenPlay,SavedShot
691556,La_liga,Athletic Club,Celta Vigo,0,17,Yuri,0.7930000305175782,0.7569999694824219,0.02051486074924469,LeftFoot,FromCorner,MissedShots
691557,La_liga,Athletic Club,Celta Vigo,0,17,Aymeric Laporte,0.960999984741211,0.5079999923706054,0.5160688757896423,Head,FromCorner,MissedShots
691558,La_liga,Athletic Club,Celta Vigo,0,19,Alex Berenguer,0.875,0.6559999847412109,0.0684143528342247,RightFoot,OpenPlay,Goal
691559,La_liga,Athletic Club,Celta Vigo,0,21,Roberto Navarro,0.895,0.51,0.47672510147094727,RightFoot,OpenPlay,Goal
691560,La_liga,Athletic Club,Celta Vigo,0,25,Alex Berenguer,0.91,0.57,0.034464526921510696,Head,OpenPlay,MissedShots
691561,La_liga,Athletic Club,Celta Vigo,0,27,Aymeric Laporte,0.9730000305175781,0.5879999923706055,0.07997806370258331,Head,FromCorner,MissedShots
691562,La_liga,Athletic Club,Celta Vigo,0,29,Yuri,0.730999984741211,0.4229999923706055,0.01925692707300186,LeftFoot,SetPiece,BlockedShot
691563,La_liga,Athletic Club,Celta Vigo,0,34,Iñaki Williams,0.9059999847412109,0.46,0.541917622089386,RightFoot,OpenPlay,SavedShot
691565,La_liga,Athletic Club,Celta Vigo,0,41,Roberto Navarro,0.975999984741211,0.43900001525878907,0.09325702488422394,RightFoot,SetPiece,SavedShot
691568,La_liga,Athletic Club,Celta Vigo,0,55,Oihan Sancet,0.8480000305175781,0.475,0.08884929120540619,RightFoot,OpenPlay,MissedShots
691570,La_liga,Athletic Club,Celta Vigo,0,61,Iñaki Williams,0.8430000305175781,0.6790000152587891,0.05896605923771858,RightFoot,OpenPlay,SavedShot
691574,La_liga,Athletic Club,Celta Vigo,0,80,Nico Williams,0.8419999694824218,0.37799999237060544,0.08833695948123932,LeftFoot,OpenPlay,MissedShots
691575,La_liga,Athletic Club,Celta Vigo,0,88,Yuri,0.8030000305175782,0.75,0.03446986526250839,LeftFoot,OpenPlay,MissedShots
691576,La_liga,Athletic Club,Celta Vigo,0,88,Nico Williams,0.85,0.5790000152587891,0.44753479957580566,LeftFoot,OpenPlay,MissedShots
691653,La_liga,Osasuna,Getafe,1,1,Iñigo Arguibide,0.875999984741211,0.2979999923706055,0.032468657940626144,RightFoot,SetPiece,MissedShots
691654,La_liga,Osasuna,Getafe,1,4,Aimar Oroz,0.925,0.3890000152587891,0.11071446537971497,LeftFoot,OpenPlay,BlockedShot
691661,La_liga,Osasuna,Getafe,1,46,Ante Budimir,0.885,0.5,0.7432776093482971,LeftFoot,Penalty,Goal
691662,La_liga,Osasuna,Getafe,1,60,Jonathan Dubasin,0.8909999847412109,0.509000015258789,0.42321696877479553,LeftFoot,OpenPlay,SavedShot
691665,La_liga,Osasuna,Getafe,1,76,Abel Bretones,0.745999984741211,0.6990000152587891,0.02003110945224762,LeftFoot,OpenPlay,MissedShots
691666,La_liga,Osasuna,Getafe,1,76,Jonathan Dubasin,0.794000015258789,0.29700000762939455,0.10135354101657867,RightFoot,OpenPlay,MissedShots
691669,La_liga,Osasuna,Getafe,1,81,Kike Barja,0.82,0.435,0.07337090373039246,RightFoot,OpenPlay,MissedShots
691670,La_liga,Osasuna,Getafe,1,85,Raul García,0.8090000152587891,0.524000015258789,0.14954112470149994,RightFoot,DirectFreekick,BlockedShot
691671,La_liga,Osasuna,Getafe,1,85,Raul García,0.8090000152587891,0.5179999923706055,0.03635350614786148,RightFoot,SetPiece,BlockedShot
691672,La_liga,Osasuna,Getafe,1,85,Jon Moncayola,0.8019999694824219,0.38799999237060545,0.024567654356360435,RightFoot,SetPiece,BlockedShot
691655,La_liga,Getafe,Osasuna,0,7,Ramón Terrats,0.53,0.525,0.008398090489208698,LeftFoot,OpenPlay,MissedShots
691656,La_liga,Getafe,Osasuna,0,9,Martín Satriano,0.9869999694824219,0.355,0.06377097219228745,RightFoot,OpenPlay,MissedShots
691657,La_liga,Getafe,Osasuna,0,20,Ramón Terrats,0.8859999847412109,0.555,0.023828377947211266,Head,OpenPlay,MissedShots
691658,La_liga,Getafe,Osasuna,0,26,Andrés García,0.8159999847412109,0.4540000152587891,0.04420538619160652,LeftFoot,SetPiece,MissedShots
691659,La_liga,Getafe,Osasuna,0,32,Orel Mangala,0.9019999694824219,0.6120000076293945,0.07120395451784134,LeftFoot,FromCorner,BlockedShot
691660,La_liga,Getafe,Osasuna,0,39,Johan Mojica,0.805,0.34299999237060547,0.016416845843195915,LeftFoot,FromCorner,MissedShots
691663,La_liga,Getafe,Osasuna,0,68,Ramón Terrats,0.950999984741211,0.5659999847412109,0.42895469069480896,LeftFoot,OpenPlay,SavedShot
691664,La_liga,Getafe,Osasuna,0,68,Martín Satriano,0.93,0.5279999923706055,0.5430580377578735,LeftFoot,OpenPlay,MissedShots
691667,La_liga,Getafe,Osasuna,0,77,Ramón Terrats,0.8619999694824219,0.5729999923706055,0.049223706126213074,RightFoot,OpenPlay,MissedShots
691668,La_liga,Getafe,Osasuna,0,79,Martín Satriano,0.8369999694824218,0.35700000762939454,0.048884112387895584,RightFoot,OpenPlay,BlockedShot
691673,La_liga,Getafe,Osasuna,0,87,Nemanja Gudelj,0.7819999694824219,0.37400001525878906,0.02543066255748272,RightFoot,OpenPlay,BlockedShot
691748,La_liga,Barcelona,Rayo Vallecano,1,3,Pedri,0.805,0.46799999237060547,0.05224108323454857,LeftFoot,OpenPlay,BlockedShot
691749,La_liga,Barcelona,Rayo Vallecano,1,6,Raphinha,0.789000015258789,0.2610000038146973,0.05838547274470329,LeftFoot,DirectFreekick,BlockedShot
691750,La_liga,Barcelona,Rayo Vallecano,1,6,Pau Cubarsí,0.9130000305175782,0.52,0.0981721356511116,Head,FromCorner,MissedShots
691751,La_liga,Barcelona,Rayo Vallecano,1,9,Lamine Yamal,0.874000015258789,0.29200000762939454,0.037164490669965744,LeftFoot,OpenPlay,BlockedShot
691753,La_liga,Barcelona,Rayo Vallecano,1,13,Raphinha,0.9359999847412109,0.4640000152587891,0.4806963801383972,LeftFoot,OpenPlay,SavedShot
691754,La_liga,Barcelona,Rayo Vallecano,1,14,Andreas Christensen,0.9730000305175781,0.5459999847412109,0.13735926151275635,Head,FromCorner,MissedShots
691755,La_liga,Barcelona,Rayo Vallecano,1,14,Dani Olmo,0.7909999847412109,0.7569999694824219,0.01752791553735733,RightFoot,OpenPlay,MissedShots
691756,La_liga,Barcelona,Rayo Vallecano,1,15,Lamine Yamal,0.97,0.3970000076293945,0.096641905605793,LeftFoot,OpenPlay,MissedShots
691757,La_liga,Barcelona,Rayo Vallecano,1,15,Dani Olmo,0.9580000305175781,0.6409999847412109,0.06921185553073883,RightFoot,OpenPlay,BlockedShot
691758,La_liga,Barcelona,Rayo Vallecano,1,16,Marc Bernal,0.8,0.3509999847412109,0.027954349294304848,LeftFoot,OpenPlay,MissedShots
691759,La_liga,Barcelona,Rayo Vallecano,1,18,Raphinha,0.8819999694824219,0.5320000076293945,0.4309493899345398,LeftFoot,OpenPlay,Goal
691760,La_liga,Barcelona,Rayo Vallecano,1,20,Lamine Yamal,0.845,0.3060000038146973,0.038599643856287,LeftFoot,OpenPlay,Goal
691761,La_liga,Barcelona,Rayo Vallecano,1,27,Pedri,0.86,0.31799999237060544,0.03901027515530586,RightFoot,SetPiece,MissedShots
691763,La_liga,Barcelona,Rayo Vallecano,1,35,Anthony Gordon,0.850999984741211,0.7269999694824218,0.037107259035110474,RightFoot,OpenPlay,SavedShot
691765,La_liga,Barcelona,Rayo Vallecano,1,39,Marc Bernal,0.7340000152587891,0.4859999847412109,0.028210144490003586,LeftFoot,OpenPlay,SavedShot
691766,La_liga,Barcelona,Rayo Vallecano,1,42,Anthony Gordon,0.749000015258789,0.5679999923706055,0.02938975766301155,RightFoot,OpenPlay,BlockedShot
691767,La_liga,Barcelona,Rayo Vallecano,1,45,Anthony Gordon,0.850999984741211,0.5670000076293945,0.0953778624534607,RightFoot,OpenPlay,SavedShot
691768,La_liga,Barcelona,Rayo Vallecano,1,47,Lamine Yamal,0.7609999847412109,0.3840000152587891,0.030034253373742104,LeftFoot,OpenPlay,MissedShots
691774,La_liga,Barcelona,Rayo Vallecano,1,64,Lamine Yamal,0.8619999694824219,0.36400001525878906,0.0814441442489624,RightFoot,OpenPlay,BlockedShot
691775,La_liga,Barcelona,Rayo Vallecano,1,64,Xavi Espart,0.86,0.54,0.03636642545461655,Head,OpenPlay,MissedShots
691776,La_liga,Barcelona,Rayo Vallecano,1,68,Fermín López,0.8809999847412109,0.5209999847412109,0.4201775789260864,RightFoot,OpenPlay,BlockedShot
691777,La_liga,Barcelona,Rayo Vallecano,1,68,Anthony Gordon,0.8859999847412109,0.509000015258789,0.1337103247642517,LeftFoot,OpenPlay,MissedShots
691778,La_liga,Barcelona,Rayo Vallecano,1,70,Raphinha,0.9,0.64,0.3373109996318817,LeftFoot,OpenPlay,Goal
691779,La_liga,Barcelona,Rayo Vallecano,1,78,Karim Adeyemi,0.8580000305175781,0.6090000152587891,0.11866384744644165,RightFoot,OpenPlay,SavedShot
691782,La_liga,Barcelona,Rayo Vallecano,1,84,João Cancelo,0.735,0.5529999923706055,0.018214650452136993,RightFoot,OpenPlay,MissedShots
691783,La_liga,Barcelona,Rayo Vallecano,1,89,Lamine Yamal,0.8040000152587891,0.5590000152587891,0.07054612040519714,LeftFoot,OpenPlay,Goal
691752,La_liga,Rayo Vallecano,Barcelona,0,11,Sergio Camello,0.9169999694824219,0.5429999923706055,0.13786925375461578,LeftFoot,OpenPlay,Goal
691762,La_liga,Rayo Vallecano,Barcelona,0,34,Florian Lejeune,0.6719999694824219,0.5109999847412109,0.008385472930967808,RightFoot,OpenPlay,MissedShots
691764,La_liga,Rayo Vallecano,Barcelona,0,36,Gnangoro,0.755,0.5690000152587891,0.024571361020207405,LeftFoot,OpenPlay,SavedShot
691769,La_liga,Rayo Vallecano,Barcelona,0,50,Florian Lejeune,0.045,0.46799999237060547,0,RightFoot,OpenPlay,OwnGoal
691770,La_liga,Rayo Vallecano,Barcelona,0,58,Sergio Camello,0.9359999847412109,0.445,0.055787526071071625,Head,FromCorner,Goal
691771,La_liga,Rayo Vallecano,Barcelona,0,60,Fran Pérez,0.9359999847412109,0.3220000076293945,0.029280902817845345,RightFoot,OpenPlay,MissedShots
691772,La_liga,Rayo Vallecano,Barcelona,0,60,Sergio Camello,0.9380000305175781,0.5170000076293946,0.58506178855896,RightFoot,OpenPlay,BlockedShot
691773,La_liga,Rayo Vallecano,Barcelona,0,61,Sergio Camello,0.8119999694824219,0.524000015258789,0.053100232034921646,RightFoot,OpenPlay,BlockedShot
691780,La_liga,Rayo Vallecano,Barcelona,0,80,Florian Lejeune,0.715999984741211,0.4490000152587891,0.012334395200014114,RightFoot,OpenPlay,MissedShots
691781,La_liga,Rayo Vallecano,Barcelona,0,81,Randy Nteka,0.855999984741211,0.4779999923706055,0.09293955564498901,LeftFoot,OpenPlay,SavedShot
691784,La_liga,Rayo Vallecano,Barcelona,0,91,Alemão,0.85,0.6869999694824219,0.04426513612270355,RightFoot,OpenPlay,SavedShot
691785,La_liga,Rayo Vallecano,Barcelona,0,92,Florian Lejeune,0.879000015258789,0.529000015258789,0.03967902064323425,Head,FromCorner,MissedShots
691820,La_liga,Real Sociedad,Celta Vigo,1,3,Orri Óskarsson,0.8669999694824219,0.33299999237060546,0.05044330283999443,RightFoot,OpenPlay,BlockedShot
691822,La_liga,Real Sociedad,Celta Vigo,1,12,Jon Martín,0.899000015258789,0.5109999847412109,0.028925808146595955,Head,FromCorner,SavedShot
691823,La_liga,Real Sociedad,Celta Vigo,1,17,Beñat Turrientes,0.8019999694824219,0.3770000076293945,0.03343483433127403,RightFoot,OpenPlay,SavedShot
691824,La_liga,Real Sociedad,Celta Vigo,1,20,Mikel Oyarzabal,0.894000015258789,0.6730000305175782,0.08329900354146957,LeftFoot,OpenPlay,SavedShot
691825,La_liga,Real Sociedad,Celta Vigo,1,20,Takefusa Kubo,0.905,0.5379999923706055,0.5435546040534973,LeftFoot,OpenPlay,MissedShots
691826,La_liga,Real Sociedad,Celta Vigo,1,29,Yangel Herrera,0.7709999847412109,0.3110000038146973,0.01892266236245632,LeftFoot,OpenPlay,SavedShot
691829,La_liga,Real Sociedad,Celta Vigo,1,43,Beñat Turrientes,0.7380000305175781,0.4859999847412109,0.02014775201678276,LeftFoot,OpenPlay,SavedShot
691830,La_liga,Real Sociedad,Celta Vigo,1,46,Ander Barrenetxea,0.8880000305175781,0.43,0.08166933804750443,RightFoot,OpenPlay,BlockedShot
691832,La_liga,Real Sociedad,Celta Vigo,1,52,Mikel Oyarzabal,0.7619999694824219,0.7269999694824218,0.04967175051569939,LeftFoot,DirectFreekick,MissedShots
691834,La_liga,Real Sociedad,Celta Vigo,1,76,Luka Sucic,0.7519999694824219,0.565,0.02279689721763134,LeftFoot,OpenPlay,BlockedShot
691837,La_liga,Real Sociedad,Celta Vigo,1,87,Gonçalo Guedes,0.7709999847412109,0.3320000076293945,0.016577554866671562,RightFoot,OpenPlay,MissedShots
691838,La_liga,Real Sociedad,Celta Vigo,1,88,Jon Aramburu,0.7609999847412109,0.41400001525878904,0.02162524312734604,LeftFoot,OpenPlay,BlockedShot
691839,La_liga,Real Sociedad,Celta Vigo,1,89,Alex Marchal,0.7230000305175781,0.6120000076293945,0.013985780067741871,RightFoot,FromCorner,BlockedShot
691840,La_liga,Real Sociedad,Celta Vigo,1,89,Gonçalo Guedes,0.74,0.67,0.020028598606586456,RightFoot,FromCorner,BlockedShot
691841,La_liga,Real Sociedad,Celta Vigo,1,90,Alex Marchal,0.8319999694824218,0.5920000076293945,0.04388895630836487,RightFoot,FromCorner,BlockedShot
691842,La_liga,Real Sociedad,Celta Vigo,1,90,Luka Sucic,0.725,0.610999984741211,0.017542574554681778,LeftFoot,FromCorner,BlockedShot
691821,La_liga,Celta Vigo,Real Sociedad,0,9,Ilaix Moriba,0.7559999847412109,0.51,0.026031536981463432,RightFoot,OpenPlay,MissedShots
691827,La_liga,Celta Vigo,Real Sociedad,0,39,Javier Rueda,0.825,0.3870000076293945,0.048791222274303436,LeftFoot,OpenPlay,BlockedShot
691828,La_liga,Celta Vigo,Real Sociedad,0,39,Ilaix Moriba,0.7469999694824219,0.6370000076293946,0.014532070606946945,LeftFoot,OpenPlay,MissedShots
691831,La_liga,Celta Vigo,Real Sociedad,0,48,Andrés Antañón,0.8690000152587891,0.48900001525878906,0.13332010805606842,RightFoot,OpenPlay,MissedShots
691833,La_liga,Celta Vigo,Real Sociedad,0,75,Álvaro Núñez,0.725999984741211,0.34900001525878904,0.013536501675844193,RightFoot,FromCorner,SavedShot
691835,La_liga,Celta Vigo,Real Sociedad,0,79,Iago Aspas,0.8530000305175781,0.46599998474121096,0.3511163294315338,RightFoot,OpenPlay,SavedShot
691836,La_liga,Celta Vigo,Real Sociedad,0,86,Iago Aspas,0.870999984741211,0.2589999961853027,0.046621836721897125,LeftFoot,OpenPlay,BlockedShot
691944,La_liga,Real Betis,Real Madrid,1,7,Antony,0.7280000305175781,0.605999984741211,0.01621519960463047,LeftFoot,OpenPlay,SavedShot
691951,La_liga,Real Betis,Real Madrid,1,17,Antony,0.8019999694824219,0.25799999237060545,0.015127681195735931,LeftFoot,OpenPlay,BlockedShot
691952,La_liga,Real Betis,Real Madrid,1,20,Juan Camilo Hernández,0.88,0.3390000152587891,0.05790213495492935,RightFoot,OpenPlay,MissedShots
691954,La_liga,Real Betis,Real Madrid,1,26,Antony,0.9119999694824219,0.29200000762939454,0.03759532794356346,LeftFoot,FromCorner,BlockedShot
691961,La_liga,Real Betis,Real Madrid,1,49,Isco,0.7969999694824219,0.69,0.02522330917418003,RightFoot,OpenPlay,BlockedShot
691964,La_liga,Real Betis,Real Madrid,1,51,Antony,0.769000015258789,0.36200000762939455,0.0241768267005682,LeftFoot,OpenPlay,MissedShots
691966,La_liga,Real Betis,Real Madrid,1,80,Nelson Deossa,0.8919999694824219,0.4779999923706055,0.019227219745516777,Head,FromCorner,SavedShot
691967,La_liga,Real Betis,Real Madrid,1,80,Troy Parrott,0.9640000152587891,0.4759999847412109,0.6711539030075073,RightFoot,FromCorner,Goal
691969,La_liga,Real Betis,Real Madrid,1,91,Nelson Deossa,0.7219999694824218,0.3970000076293945,0.020818904042243958,LeftFoot,OpenPlay,SavedShot
691972,La_liga,Real Betis,Real Madrid,1,97,Marc Bartra,0.43,0.509000015258789,0.010712603107094765,RightFoot,OpenPlay,SavedShot
691943,La_liga,Real Madrid,Real Betis,0,4,Jude Bellingham,0.889000015258789,0.5879999923706055,0.047201935201883316,Head,SetPiece,MissedShots
691945,La_liga,Real Madrid,Real Betis,0,7,Vinícius Júnior,0.9159999847412109,0.4490000152587891,0.09359890222549438,RightFoot,OpenPlay,MissedShots
691946,La_liga,Real Madrid,Real Betis,0,10,Dean Huijsen,0.8969999694824219,0.524000015258789,0.24622321128845215,RightFoot,FromCorner,SavedShot
691947,La_liga,Real Madrid,Real Betis,0,10,Arda Güler,0.7340000152587891,0.525,0.010396662168204784,LeftFoot,FromCorner,MissedShots
691948,La_liga,Real Madrid,Real Betis,0,11,Vinícius Júnior,0.9590000152587891,0.7169999694824218,0.043245621025562286,LeftFoot,OpenPlay,BlockedShot
691949,La_liga,Real Madrid,Real Betis,0,12,Federico Valverde,0.730999984741211,0.4,0.02020835131406784,RightFoot,FromCorner,BlockedShot
691950,La_liga,Real Madrid,Real Betis,0,14,Vinícius Júnior,0.9840000152587891,0.625,0.29355931282043457,LeftFoot,OpenPlay,ShotOnPost
691953,La_liga,Real Madrid,Real Betis,0,23,Kylian Mbappe-Lottin,0.8519999694824218,0.515,0.08612841367721558,RightFoot,OpenPlay,BlockedShot
691955,La_liga,Real Madrid,Real Betis,0,32,Vinícius Júnior,0.9290000152587891,0.4420000076293945,0.5193940997123718,RightFoot,OpenPlay,SavedShot
691956,La_liga,Real Madrid,Real Betis,0,41,Arda Güler,0.7669999694824219,0.37900001525878907,0.02136550471186638,LeftFoot,OpenPlay,MissedShots
691957,La_liga,Real Madrid,Real Betis,0,42,Kylian Mbappe-Lottin,0.87,0.47900001525878905,0.4992159605026245,LeftFoot,OpenPlay,BlockedShot
691958,La_liga,Real Madrid,Real Betis,0,42,Kylian Mbappe-Lottin,0.9269999694824219,0.580999984741211,0.538936197757721,LeftFoot,OpenPlay,BlockedShot
691959,La_liga,Real Madrid,Real Betis,0,43,Jude Bellingham,0.8980000305175782,0.6990000152587891,0.05126319080591202,LeftFoot,OpenPlay,MissedShots
691960,La_liga,Real Madrid,Real Betis,0,45,Jude Bellingham,0.905,0.495,0.08368833363056183,Head,FromCorner,SavedShot
691962,La_liga,Real Madrid,Real Betis,0,50,Dean Huijsen,0.9259999847412109,0.515,0.05430976673960686,Head,FromCorner,ShotOnPost
691963,La_liga,Real Madrid,Real Betis,0,46,Kylian Mbappe-Lottin,0.735,0.6840000152587891,0.013002377934753895,RightFoot,OpenPlay,MissedShots
691965,La_liga,Real Madrid,Real Betis,0,67,Kylian Mbappe-Lottin,0.885,0.5879999923706055,0.14291039109230042,RightFoot,OpenPlay,SavedShot
691968,La_liga,Real Madrid,Real Betis,0,84,Kylian Mbappe-Lottin,0.9109999847412109,0.26799999237060546,0.041203029453754425,RightFoot,FromCorner,ShotOnPost
691970,La_liga,Real Madrid,Real Betis,0,93,Kylian Mbappe-Lottin,0.885,0.5,0.7432776093482971,RightFoot,Penalty,SavedShot
691971,La_liga,Real Madrid,Real Betis,0,95,Carlos Espí,0.924000015258789,0.5479999923706055,0.10274461656808853,Head,FromCorner,SavedShot
692428,La_liga,Athletic Club,Atletico Madrid,1,10,Iñaki Williams,0.9669999694824218,0.585999984741211,0.09402492642402649,RightFoot,FromCorner,MissedShots
692429,La_liga,Athletic Club,Atletico Madrid,1,14,Iñaki Williams,0.8,0.32099998474121094,0.027624495327472687,RightFoot,OpenPlay,BlockedShot
692431,La_liga,Athletic Club,Atletico Madrid,1,17,Roberto Navarro,0.7969999694824219,0.4470000076293945,0.022462254390120506,RightFoot,OpenPlay,MissedShots
692432,La_liga,Athletic Club,Atletico Madrid,1,17,Oihan Sancet,0.8480000305175781,0.5629999923706055,0.06978398561477661,RightFoot,OpenPlay,BlockedShot
692433,La_liga,Athletic Club,Atletico Madrid,1,17,Oihan Sancet,0.9119999694824219,0.575999984741211,0.11730077117681503,LeftFoot,OpenPlay,MissedShots
692440,La_liga,Athletic Club,Atletico Madrid,1,45,Iñaki Williams,0.870999984741211,0.305,0.03729352355003357,LeftFoot,OpenPlay,BlockedShot
692441,La_liga,Athletic Club,Atletico Madrid,1,45,Nico Williams,0.9309999847412109,0.5,0.4703179895877838,Head,OpenPlay,Goal
692442,La_liga,Athletic Club,Atletico Madrid,1,47,Roberto Navarro,0.899000015258789,0.405,0.4091607630252838,LeftFoot,OpenPlay,Goal
692444,La_liga,Athletic Club,Atletico Madrid,1,62,Nico Williams,0.895,0.735999984741211,0.09282045066356659,RightFoot,OpenPlay,MissedShots
692449,La_liga,Athletic Club,Atletico Madrid,1,84,Mikel Jauregizar,0.7130000305175781,0.4779999923706055,0.03676966205239296,RightFoot,OpenPlay,SavedShot
692451,La_liga,Athletic Club,Atletico Madrid,1,89,Oihan Sancet,0.8930000305175781,0.49200000762939455,0.5243023633956909,RightFoot,OpenPlay,Goal
692426,La_liga,Atletico Madrid,Athletic Club,0,2,Lee Kang-In,0.9180000305175782,0.3340000152587891,0.08248297870159149,RightFoot,OpenPlay,ShotOnPost
692427,La_liga,Atletico Madrid,Athletic Club,0,6,Giuliano Simeone,0.7169999694824218,0.43099998474121093,0.019952498376369476,RightFoot,OpenPlay,MissedShots
692430,La_liga,Atletico Madrid,Athletic Club,0,15,Álex Grimaldo,0.8059999847412109,0.75,0.02237710729241371,LeftFoot,OpenPlay,MissedShots
692434,La_liga,Atletico Madrid,Athletic Club,0,22,Álex Baena,0.46099998474121096,0.6580000305175782,0.0070214164443314075,RightFoot,OpenPlay,MissedShots
692435,La_liga,Atletico Madrid,Athletic Club,0,22,Álex Baena,0.9130000305175782,0.3579999923706055,0.0876966193318367,RightFoot,OpenPlay,SavedShot
692436,La_liga,Atletico Madrid,Athletic Club,0,32,Giuliano Simeone,0.960999984741211,0.34900001525878904,0.038622528314590454,RightFoot,FromCorner,MissedShots
692437,La_liga,Atletico Madrid,Athletic Club,0,32,Ademola Lookman,0.855,0.669000015258789,0.04868857562541962,RightFoot,OpenPlay,MissedShots
692438,La_liga,Atletico Madrid,Athletic Club,0,39,Lee Kang-In,0.720999984741211,0.3679999923706055,0.015405836515128613,LeftFoot,OpenPlay,BlockedShot
692439,La_liga,Atletico Madrid,Athletic Club,0,47,Pablo Barrios Rivas,0.9690000152587891,0.33,0.0632101371884346,RightFoot,OpenPlay,ShotOnPost
692443,La_liga,Atletico Madrid,Athletic Club,0,59,Cristian Romero,0.950999984741211,0.5359999847412109,0.13474370539188385,Head,FromCorner,MissedShots
692445,La_liga,Atletico Madrid,Athletic Club,0,67,Pablo Barrios Rivas,0.7219999694824218,0.3940000152587891,0.012446492910385132,RightFoot,OpenPlay,SavedShot
692446,La_liga,Atletico Madrid,Athletic Club,0,70,Julián Álvarez,0.8680000305175781,0.485,0.09322164952754974,LeftFoot,OpenPlay,SavedShot
692447,La_liga,Atletico Madrid,Athletic Club,0,70,Arnau Ortiz,0.9030000305175782,0.4779999923706055,0.052741482853889465,Head,OpenPlay,MissedShots
692448,La_liga,Atletico Madrid,Athletic Club,0,78,Marcos Llorente,0.9330000305175781,0.27600000381469725,0.036684781312942505,RightFoot,OpenPlay,SavedShot
692450,La_liga,Atletico Madrid,Athletic Club,0,87,Marcos Llorente,0.9059999847412109,0.2979999923706055,0.03688765689730644,RightFoot,OpenPlay,SavedShot
692541,La_liga,Rayo Vallecano,Racing Santander,1,12,Unai López,0.754000015258789,0.5470000076293945,0.07509734481573105,RightFoot,DirectFreekick,BlockedShot
692542,La_liga,Rayo Vallecano,Racing Santander,1,13,Andrei Ratiu,0.9259999847412109,0.5459999847412109,0.10061559081077576,RightFoot,FromCorner,BlockedShot
692545,La_liga,Rayo Vallecano,Racing Santander,1,16,Andrei Ratiu,0.950999984741211,0.295,0.04209272563457489,RightFoot,OpenPlay,Goal
692547,La_liga,Rayo Vallecano,Racing Santander,1,25,Jorge De Frutos,0.8809999847412109,0.3870000076293945,0.09283039718866348,LeftFoot,OpenPlay,SavedShot
692549,La_liga,Rayo Vallecano,Racing Santander,1,38,Álvaro García,0.799000015258789,0.634000015258789,0.031007668003439903,RightFoot,OpenPlay,SavedShot
692550,La_liga,Rayo Vallecano,Racing Santander,1,40,Sergio Camello,0.8080000305175781,0.24799999237060547,0.020578164607286453,LeftFoot,OpenPlay,SavedShot
692551,La_liga,Rayo Vallecano,Racing Santander,1,42,Sergio Camello,0.9230000305175782,0.48900001525878906,0.37490394711494446,RightFoot,OpenPlay,Goal
692552,La_liga,Rayo Vallecano,Racing Santander,1,47,Adrià Pedrosa,0.855,0.6930000305175781,0.11417891085147858,LeftFoot,OpenPlay,MissedShots
692553,La_liga,Rayo Vallecano,Racing Santander,1,49,Adrià Pedrosa,0.8180000305175781,0.610999984741211,0.018942199647426605,LeftFoot,FromCorner,SavedShot
692554,La_liga,Rayo Vallecano,Racing Santander,1,50,Pedro Díaz,0.735,0.649000015258789,0.016786212101578712,RightFoot,OpenPlay,BlockedShot
692555,La_liga,Rayo Vallecano,Racing Santander,1,46,Sergio Camello,0.950999984741211,0.6580000305175782,0.041978128254413605,LeftFoot,FromCorner,Goal
692557,La_liga,Rayo Vallecano,Racing Santander,1,49,Andrei Ratiu,0.884000015258789,0.37,0.12711134552955627,RightFoot,OpenPlay,BlockedShot
692558,La_liga,Rayo Vallecano,Racing Santander,1,50,Florian Lejeune,0.6719999694824219,0.3390000152587891,0.010528049431741238,RightFoot,OpenPlay,SavedShot
692560,La_liga,Rayo Vallecano,Racing Santander,1,60,Álvaro García,0.9269999694824219,0.6930000305175781,0.06138226017355919,LeftFoot,OpenPlay,SavedShot
692563,La_liga,Rayo Vallecano,Racing Santander,1,83,Pathé Ciss,0.915,0.47400001525878904,0.04289558157324791,Head,FromCorner,MissedShots
692564,La_liga,Rayo Vallecano,Racing Santander,1,84,Pedro Díaz,0.8109999847412109,0.4279999923706055,0.02000035159289837,LeftFoot,FromCorner,MissedShots
692540,La_liga,Racing Santander,Rayo Vallecano,0,3,Sergio Canales,0.7469999694824219,0.3679999923706055,0.05928119271993637,LeftFoot,DirectFreekick,Goal
692543,La_liga,Racing Santander,Rayo Vallecano,0,15,Manu Hernando,0.9580000305175781,0.3890000152587891,0.026529910042881966,Head,FromCorner,MissedShots
692544,La_liga,Racing Santander,Rayo Vallecano,0,15,Pablo García,0.945,0.33599998474121096,0.33251532912254333,RightFoot,OpenPlay,SavedShot
692546,La_liga,Racing Santander,Rayo Vallecano,0,18,Sergio Canales,0.8369999694824218,0.19899999618530273,0.019822517409920692,LeftFoot,OpenPlay,SavedShot
692548,La_liga,Racing Santander,Rayo Vallecano,0,27,Pablo García,0.7440000152587891,0.49,0.017273982986807823,LeftFoot,OpenPlay,Goal
692556,La_liga,Racing Santander,Rayo Vallecano,0,48,Sergio Canales,0.845999984741211,0.45,0.07628706097602844,LeftFoot,OpenPlay,BlockedShot
692559,La_liga,Racing Santander,Rayo Vallecano,0,51,Pablo García,0.8180000305175781,0.24399999618530274,0.019882287830114365,LeftFoot,OpenPlay,MissedShots
692561,La_liga,Racing Santander,Rayo Vallecano,0,71,Yassir Zabiri,0.7519999694824219,0.46799999237060547,0.021919144317507744,LeftFoot,OpenPlay,BlockedShot
692562,La_liga,Racing Santander,Rayo Vallecano,0,82,Jeanuël Belocian,0.92,0.46,0.059341248124837875,Head,SetPiece,MissedShots
692707,La_liga,Villarreal,Deportivo La Coruna,1,15,Ayoze Pérez,0.909000015258789,0.57,0.1188817247748375,RightFoot,OpenPlay,BlockedShot
692708,La_liga,Villarreal,Deportivo La Coruna,1,7,Alexander Freeman,0.735,0.46,0.013348545879125595,RightFoot,FromCorner,MissedShots
692709,La_liga,Villarreal,Deportivo La Coruna,1,15,Ayoze Pérez,0.909000015258789,0.57,0.1188817247748375,RightFoot,OpenPlay,BlockedShot
692710,La_liga,Villarreal,Deportivo La Coruna,1,18,Nicolas Pepe,0.8769999694824219,0.26600000381469724,0.21341824531555176,LeftFoot,OpenPlay,Goal
692711,La_liga,Villarreal,Deportivo La Coruna,1,18,Nicolas Pepe,0.8769999694824219,0.26600000381469724,0.21341824531555176,LeftFoot,OpenPlay,Goal
692713,La_liga,Villarreal,Deportivo La Coruna,1,21,Alexander Freeman,0.825,0.35200000762939454,0.050117384642362595,RightFoot,OpenPlay,SavedShot
692719,La_liga,Villarreal,Deportivo La Coruna,1,33,Gerard Moreno,0.9569999694824218,0.5620000076293945,0.5396052002906799,LeftFoot,SetPiece,BlockedShot
692720,La_liga,Villarreal,Deportivo La Coruna,1,37,Alberto Moleiro,0.8069999694824219,0.5479999923706055,0.06000247597694397,RightFoot,OpenPlay,SavedShot
692722,La_liga,Villarreal,Deportivo La Coruna,1,33,Gerard Moreno,0.9569999694824218,0.5620000076293945,0.5396052002906799,LeftFoot,SetPiece,BlockedShot
692723,La_liga,Villarreal,Deportivo La Coruna,1,37,Alberto Moleiro,0.8069999694824219,0.5479999923706055,0.06000247597694397,RightFoot,OpenPlay,SavedShot
692728,La_liga,Villarreal,Deportivo La Coruna,1,46,Alberto Moleiro,0.9290000152587891,0.65,0.34443163871765137,RightFoot,OpenPlay,SavedShot
692729,La_liga,Villarreal,Deportivo La Coruna,1,46,Alberto Moleiro,0.9290000152587891,0.65,0.34443163871765137,RightFoot,OpenPlay,SavedShot
692730,La_liga,Villarreal,Deportivo La Coruna,1,51,Pape Alassane Gueye,0.79,0.3629999923706055,0.02703799493610859,LeftFoot,OpenPlay,SavedShot
692731,La_liga,Villarreal,Deportivo La Coruna,1,54,Nicolas Pepe,0.850999984741211,0.47400001525878904,0.09511347115039825,LeftFoot,OpenPlay,MissedShots
692732,La_liga,Villarreal,Deportivo La Coruna,1,51,Pape Alassane Gueye,0.79,0.3629999923706055,0.02703799493610859,LeftFoot,OpenPlay,SavedShot
692733,La_liga,Villarreal,Deportivo La Coruna,1,54,Nicolas Pepe,0.850999984741211,0.47400001525878904,0.09511347115039825,LeftFoot,OpenPlay,MissedShots
692734,La_liga,Villarreal,Deportivo La Coruna,1,55,Nicolas Pepe,0.8490000152587891,0.3110000038146973,0.036951273679733276,LeftFoot,OpenPlay,BlockedShot
692735,La_liga,Villarreal,Deportivo La Coruna,1,60,Nicolas Pepe,0.7290000152587891,0.42,0.054958999156951904,LeftFoot,DirectFreekick,BlockedShot
692736,La_liga,Villarreal,Deportivo La Coruna,1,55,Nicolas Pepe,0.8490000152587891,0.3110000038146973,0.036951273679733276,LeftFoot,OpenPlay,BlockedShot
692737,La_liga,Villarreal,Deportivo La Coruna,1,63,Georges Mikautadze,0.8619999694824219,0.47700000762939454,0.08667208254337311,RightFoot,OpenPlay,MissedShots
692738,La_liga,Villarreal,Deportivo La Coruna,1,68,Nathan Saliba,0.860999984741211,0.45299999237060545,0.0964357852935791,LeftFoot,OpenPlay,BlockedShot
692739,La_liga,Villarreal,Deportivo La Coruna,1,60,Nicolas Pepe,0.7290000152587891,0.42,0.054958999156951904,LeftFoot,DirectFreekick,BlockedShot
692740,La_liga,Villarreal,Deportivo La Coruna,1,63,Georges Mikautadze,0.8619999694824219,0.47700000762939454,0.08667208254337311,RightFoot,OpenPlay,MissedShots
692741,La_liga,Villarreal,Deportivo La Coruna,1,68,Nathan Saliba,0.860999984741211,0.45299999237060545,0.0964357852935791,LeftFoot,OpenPlay,BlockedShot
692742,La_liga,Villarreal,Deportivo La Coruna,1,69,Logan Costa,0.9130000305175782,0.54,0.08859026432037354,Head,FromCorner,MissedShots
692747,La_liga,Villarreal,Deportivo La Coruna,1,80,Georges Mikautadze,0.78,0.4209999847412109,0.030979827046394348,LeftFoot,OpenPlay,BlockedShot
692749,La_liga,Villarreal,Deportivo La Coruna,1,83,Nicolas Pepe,0.8190000152587891,0.28600000381469726,0.026128215715289116,LeftFoot,OpenPlay,MissedShots
692750,La_liga,Villarreal,Deportivo La Coruna,1,80,Georges Mikautadze,0.78,0.4209999847412109,0.030979827046394348,LeftFoot,OpenPlay,BlockedShot
692752,La_liga,Villarreal,Deportivo La Coruna,1,83,Nicolas Pepe,0.8190000152587891,0.28600000381469726,0.026128215715289116,LeftFoot,OpenPlay,MissedShots
692755,La_liga,Villarreal,Deportivo La Coruna,1,94,Ilias Akhomach,0.7219999694824218,0.6790000152587891,0.014551740139722824,LeftFoot,OpenPlay,MissedShots
692757,La_liga,Villarreal,Deportivo La Coruna,1,94,Ilias Akhomach,0.7219999694824218,0.6790000152587891,0.014551740139722824,LeftFoot,OpenPlay,MissedShots
692714,La_liga,Deportivo La Coruna,Villarreal,0,22,Pierre-Emerick Aubameyang,0.860999984741211,0.4109999847412109,0.1992044448852539,RightFoot,OpenPlay,MissedShots
692715,La_liga,Deportivo La Coruna,Villarreal,0,22,Pierre-Emerick Aubameyang,0.860999984741211,0.4109999847412109,0.1992044448852539,RightFoot,OpenPlay,MissedShots
692716,La_liga,Deportivo La Coruna,Villarreal,0,23,Bil Nsongo,0.8019999694824219,0.6419999694824219,0.028217216953635216,RightFoot,OpenPlay,MissedShots
692717,La_liga,Deportivo La Coruna,Villarreal,0,23,Bil Nsongo,0.8019999694824219,0.6419999694824219,0.028217216953635216,RightFoot,OpenPlay,MissedShots
692718,La_liga,Deportivo La Coruna,Villarreal,0,26,Giacomo Quagliata,0.7090000152587891,0.6830000305175781,0.011362748220562935,LeftFoot,OpenPlay,MissedShots
692721,La_liga,Deportivo La Coruna,Villarreal,0,26,Giacomo Quagliata,0.7090000152587891,0.6830000305175781,0.011362748220562935,LeftFoot,OpenPlay,MissedShots
692724,La_liga,Deportivo La Coruna,Villarreal,0,39,Pierre-Emerick Aubameyang,0.89,0.65,0.058964405208826065,LeftFoot,OpenPlay,BlockedShot
692725,La_liga,Deportivo La Coruna,Villarreal,0,39,Pierre-Emerick Aubameyang,0.89,0.65,0.058964405208826065,LeftFoot,OpenPlay,BlockedShot
692726,La_liga,Deportivo La Coruna,Villarreal,0,42,Luismi Cruz,0.8809999847412109,0.5679999923706055,0.4098391830921173,RightFoot,OpenPlay,Goal
692727,La_liga,Deportivo La Coruna,Villarreal,0,42,Luismi Cruz,0.8809999847412109,0.5679999923706055,0.4098391830921173,RightFoot,OpenPlay,Goal
692743,La_liga,Deportivo La Coruna,Villarreal,0,75,Adama Traoré,0.09600000381469727,0.35200000762939454,0,Head,OpenPlay,OwnGoal
692744,La_liga,Deportivo La Coruna,Villarreal,0,78,Zakaria Eddahchouri,0.9319999694824219,0.6580000305175782,0.06007813289761543,LeftFoot,OpenPlay,Goal
692746,La_liga,Deportivo La Coruna,Villarreal,0,75,Adama Traoré,0.09600000381469727,0.35200000762939454,0,Head,OpenPlay,OwnGoal
692748,La_liga,Deportivo La Coruna,Villarreal,0,78,Zakaria Eddahchouri,0.9319999694824219,0.6580000305175782,0.06007813289761543,LeftFoot,OpenPlay,Goal
692751,La_liga,Deportivo La Coruna,Villarreal,0,84,Yeremay Hernández,0.87,0.610999984741211,0.09503329545259476,RightFoot,OpenPlay,BlockedShot
692753,La_liga,Deportivo La Coruna,Villarreal,0,87,Pierre-Emerick Aubameyang,0.8830000305175781,0.3679999923706055,0.3585342466831207,RightFoot,OpenPlay,Goal
692754,La_liga,Deportivo La Coruna,Villarreal,0,84,Yeremay Hernández,0.87,0.610999984741211,0.09503329545259476,RightFoot,OpenPlay,BlockedShot
692756,La_liga,Deportivo La Coruna,Villarreal,0,87,Pierre-Emerick Aubameyang,0.8830000305175781,0.3679999923706055,0.3585342466831207,RightFoot,OpenPlay,Goal
692970,La_liga,Valencia,Barcelona,1,31,Arnaut Danjuma Groeneveld,0.9109999847412109,0.4379999923706055,0.38143810629844666,RightFoot,OpenPlay,SavedShot
692971,La_liga,Valencia,Barcelona,1,31,Arnaut Danjuma Groeneveld,0.919000015258789,0.4,0.08931060880422592,LeftFoot,OpenPlay,MissedShots
692976,La_liga,Valencia,Barcelona,1,48,Arnaut Danjuma Groeneveld,0.9590000152587891,0.639000015258789,0.08216381072998047,LeftFoot,OpenPlay,SavedShot
692967,La_liga,Barcelona,Valencia,0,5,Lamine Yamal,0.960999984741211,0.35,0.06165473908185959,LeftFoot,OpenPlay,Goal
692968,La_liga,Barcelona,Valencia,0,21,Fermín López,0.86,0.395,0.08261089771986008,LeftFoot,OpenPlay,Goal
692969,La_liga,Barcelona,Valencia,0,24,Lamine Yamal,0.7780000305175782,0.27299999237060546,0.020174210891127586,LeftFoot,OpenPlay,SavedShot
692972,La_liga,Barcelona,Valencia,0,36,Lamine Yamal,0.875,0.3990000152587891,0.4289295971393585,LeftFoot,OpenPlay,MissedShots
692973,La_liga,Barcelona,Valencia,0,39,Fermín López,0.9219999694824219,0.38099998474121094,0.11797691136598587,RightFoot,OpenPlay,SavedShot
692974,La_liga,Barcelona,Valencia,0,42,Xavi Espart,0.874000015258789,0.6809999847412109,0.023983405902981758,LeftFoot,OpenPlay,MissedShots
692975,La_liga,Barcelona,Valencia,0,44,Pedri,0.8519999694824218,0.4490000152587891,0.08471440523862839,RightFoot,OpenPlay,MissedShots
692977,La_liga,Barcelona,Valencia,0,50,Lamine Yamal,0.9309999847412109,0.6890000152587891,0.08780801296234131,LeftFoot,OpenPlay,SavedShot
692978,La_liga,Barcelona,Valencia,0,52,Raphinha,0.775,0.4829999923706055,0.09838076680898666,LeftFoot,DirectFreekick,BlockedShot
692979,La_liga,Barcelona,Valencia,0,52,Fermín López,0.765,0.5359999847412109,0.023499857634305954,RightFoot,SetPiece,SavedShot
692980,La_liga,Barcelona,Valencia,0,48,Anthony Gordon,0.8480000305175781,0.545,0.11155293881893158,RightFoot,OpenPlay,MissedShots
692981,La_liga,Barcelona,Valencia,0,49,Raphinha,0.9880000305175781,0.524000015258789,0.9789511561393738,LeftFoot,OpenPlay,Goal
692982,La_liga,Barcelona,Valencia,0,50,Lamine Yamal,0.8819999694824219,0.5509999847412109,0.1372728794813156,LeftFoot,OpenPlay,BlockedShot
692983,La_liga,Barcelona,Valencia,0,52,Raphinha,0.8980000305175782,0.47099998474121096,0.5159063935279846,LeftFoot,OpenPlay,BlockedShot
692984,La_liga,Barcelona,Valencia,0,55,Rodri,0.91,0.48900001525878906,0.09239073842763901,Head,FromCorner,ShotOnPost
692985,La_liga,Barcelona,Valencia,0,57,Anthony Gordon,0.94,0.5890000152587891,0.4657173752784729,RightFoot,OpenPlay,SavedShot
692986,La_liga,Barcelona,Valencia,0,65,Fermín López,0.9319999694824219,0.33599998474121096,0.088400699198246,RightFoot,OpenPlay,MissedShots
692987,La_liga,Barcelona,Valencia,0,67,Lamine Yamal,0.7430000305175781,0.3770000076293945,0.02008512057363987,LeftFoot,OpenPlay,MissedShots
692988,La_liga,Barcelona,Valencia,0,78,Pedri,0.8530000305175781,0.4209999847412109,0.30738186836242676,RightFoot,OpenPlay,Goal
692989,La_liga,Barcelona,Valencia,0,82,Dani Olmo,0.750999984741211,0.3840000152587891,0.06422911584377289,RightFoot,DirectFreekick,BlockedShot
692990,La_liga,Barcelona,Valencia,0,82,Gabriel Jesus,0.894000015258789,0.61,0.09089867770671844,RightFoot,SetPiece,BlockedShot
692991,La_liga,Barcelona,Valencia,0,83,Lamine Yamal,0.9219999694824219,0.495,0.622048556804657,LeftFoot,OpenPlay,Goal
692992,La_liga,Barcelona,Valencia,0,84,Gabriel Jesus,0.7430000305175781,0.44400001525878907,0.019640829414129257,RightFoot,OpenPlay,MissedShots
692993,La_liga,Barcelona,Valencia,0,86,Dani Olmo,0.875,0.4879999923706055,0.10862555354833603,RightFoot,OpenPlay,MissedShots
692994,La_liga,Barcelona,Valencia,0,94,Lamine Yamal,0.87,0.42900001525878906,0.11632831394672394,LeftFoot,OpenPlay,MissedShots
693160,La_liga,Malaga,Levante,1,8,Chupe,0.885,0.5,0.7432776093482971,RightFoot,Penalty,SavedShot
693161,La_liga,Malaga,Levante,1,18,David Larrubia,0.8919999694824219,0.37400001525878906,0.11605894565582275,RightFoot,OpenPlay,MissedShots
693163,La_liga,Malaga,Levante,1,28,Chupe,0.85,0.6969999694824218,0.031108783558011055,RightFoot,FromCorner,MissedShots
693164,La_liga,Malaga,Levante,1,29,Dani Lorenzo,0.97,0.4109999847412109,0.4582292139530182,RightFoot,FromCorner,MissedShots
693167,La_liga,Malaga,Levante,1,37,Chupe,0.805,0.38299999237060545,0.10654399544000626,RightFoot,OpenPlay,SavedShot
693168,La_liga,Malaga,Levante,1,42,Pablo Martínez,0.7140000152587891,0.37900001525878907,0.017079006880521774,RightFoot,OpenPlay,BlockedShot
693171,La_liga,Malaga,Levante,1,45,Chupe,0.895,0.4420000076293945,0.12155939638614655,RightFoot,OpenPlay,MissedShots
693173,La_liga,Malaga,Levante,1,51,Ángel Recio,0.7219999694824218,0.29399999618530276,0.015277289785444736,RightFoot,OpenPlay,SavedShot
693178,La_liga,Malaga,Levante,1,71,Carlos Dotor,0.8440000152587891,0.5379999923706055,0.08872982859611511,LeftFoot,OpenPlay,MissedShots
693179,La_liga,Malaga,Levante,1,77,David Larrubia,0.85,0.26299999237060545,0.028745807707309723,LeftFoot,OpenPlay,BlockedShot
693159,La_liga,Levante,Malaga,0,0,Thiago Fernández,0.8330000305175781,0.47400001525878904,0.3496569097042084,RightFoot,OpenPlay,SavedShot
693162,La_liga,Levante,Malaga,0,22,Adrián De la Fuente,0.6869999694824219,0.5459999847412109,0.037759482860565186,RightFoot,DirectFreekick,MissedShots
693165,La_liga,Levante,Malaga,0,34,Thiago Fernández,0.7919999694824219,0.46599998474121096,0.015543044544756413,LeftFoot,SetPiece,BlockedShot
693166,La_liga,Levante,Malaga,0,34,Thiago Fernández,0.8340000152587891,0.4159999847412109,0.046374719589948654,RightFoot,SetPiece,BlockedShot
693169,La_liga,Levante,Malaga,0,44,Enzo Bardeli,0.7469999694824219,0.4979999923706055,0.04003320634365082,RightFoot,OpenPlay,MissedShots
693170,La_liga,Levante,Malaga,0,46,Oriol Rey,0.7830000305175782,0.55,0.027974944561719894,LeftFoot,SetPiece,MissedShots
693172,La_liga,Levante,Malaga,0,47,Iván Romero,0.9230000305175782,0.5529999923706055,0.09548687189817429,Head,FromCorner,MissedShots
693174,La_liga,Levante,Malaga,0,51,Iván Romero,0.755,0.44299999237060544,0.024652156978845596,RightFoot,OpenPlay,SavedShot
693175,La_liga,Levante,Malaga,0,52,Jon Ander Olasagasti,0.8190000152587891,0.4620000076293945,0.06175708398222923,RightFoot,OpenPlay,BlockedShot
693176,La_liga,Levante,Malaga,0,57,Nacho Pérez,0.9230000305175782,0.4779999923706055,0.39767053723335266,RightFoot,FromCorner,SavedShot
693177,La_liga,Levante,Malaga,0,60,Roger Brugué,0.865999984741211,0.5870000076293945,0.09552855789661407,LeftFoot,OpenPlay,MissedShots
693182,La_liga,Alaves,Osasuna,1,19,Carles Aleñá,0.895,0.5929999923706055,0.0749702975153923,LeftFoot,FromCorner,BlockedShot
693183,La_liga,Alaves,Osasuna,1,26,Lucas Boyé,0.7630000305175781,0.4329999923706055,0.03717416152358055,RightFoot,OpenPlay,Goal
693184,La_liga,Alaves,Osasuna,1,35,Mariano,0.815,0.5120000076293946,0.17138788104057312,RightFoot,OpenPlay,Goal
693185,La_liga,Alaves,Osasuna,1,41,Antonio Blanco,0.7519999694824219,0.5840000152587891,0.026149993762373924,RightFoot,OpenPlay,MissedShots
693188,La_liga,Alaves,Osasuna,1,50,Lucas Boyé,0.715,0.5540000152587891,0.022978071123361588,RightFoot,OpenPlay,Goal
693189,La_liga,Alaves,Osasuna,1,54,Nahuel Tenaglia,0.8630000305175781,0.275,0.03335706517100334,RightFoot,OpenPlay,MissedShots
693190,La_liga,Alaves,Osasuna,1,60,Ángel Pérez,0.904000015258789,0.40200000762939453,0.10212697833776474,LeftFoot,OpenPlay,SavedShot
693192,La_liga,Alaves,Osasuna,1,67,Lucas Boyé,0.9259999847412109,0.504000015258789,0.4440208673477173,Head,OpenPlay,Goal
693193,La_liga,Alaves,Osasuna,1,81,Nahuel Tenaglia,0.8590000152587891,0.53,0.03716474026441574,Head,OpenPlay,SavedShot
693195,La_liga,Alaves,Osasuna,1,84,Antonio Blanco,0.81,0.495,0.04242713749408722,RightFoot,SetPiece,MissedShots
693196,La_liga,Alaves,Osasuna,1,87,Denis Suárez,0.9159999847412109,0.5,0.06042482703924179,Head,OpenPlay,MissedShots
693198,La_liga,Alaves,Osasuna,1,89,Pablo Ibáñez,0.950999984741211,0.5420000076293945,0.5497019290924072,Head,OpenPlay,Goal
693180,La_liga,Osasuna,Alaves,0,2,Ante Budimir,0.9540000152587891,0.4179999923706055,0.458138644695282,LeftFoot,OpenPlay,SavedShot
693181,La_liga,Osasuna,Alaves,0,15,Ante Budimir,0.9169999694824219,0.4909999847412109,0.13387982547283173,Head,OpenPlay,SavedShot
693186,La_liga,Osasuna,Alaves,0,43,Ante Budimir,0.870999984741211,0.5609999847412109,0.10025998204946518,LeftFoot,OpenPlay,MissedShots
693187,La_liga,Osasuna,Alaves,0,45,Ante Budimir,0.935,0.51,0.10900015383958817,Head,OpenPlay,Goal
693191,La_liga,Osasuna,Alaves,0,63,Ante Budimir,0.885,0.5,0.7432776093482971,LeftFoot,Penalty,Goal
693194,La_liga,Osasuna,Alaves,0,82,Ante Budimir,0.93,0.45099998474121095,0.07553891092538834,Head,OpenPlay,SavedShot
693197,La_liga,Osasuna,Alaves,0,87,Asier Osambela,0.759000015258789,0.47299999237060547,0.02396688610315323,RightFoot,OpenPlay,BlockedShot
693266,La_liga,Espanyol,Sevilla,1,2,Javi Hernández,0.789000015258789,0.28299999237060547,0.06434308737516403,LeftFoot,DirectFreekick,SavedShot
693267,La_liga,Espanyol,Sevilla,1,11,Roberto Fernández,0.899000015258789,0.4370000076293945,0.07849714159965515,RightFoot,OpenPlay,BlockedShot
693268,La_liga,Espanyol,Sevilla,1,22,Javi Hernández,0.72,0.34799999237060547,0.017301717773079872,LeftFoot,SetPiece,BlockedShot
693269,La_liga,Espanyol,Sevilla,1,28,Cala,0.775,0.63,0.02615451067686081,LeftFoot,OpenPlay,MissedShots
693271,La_liga,Espanyol,Sevilla,1,54,Cala,0.914000015258789,0.44799999237060545,0.30168917775154114,Head,OpenPlay,MissedShots
693272,La_liga,Espanyol,Sevilla,1,58,Edu Expósito,0.8090000152587891,0.5409999847412109,0.14641912281513214,RightFoot,DirectFreekick,BlockedShot
693274,La_liga,Espanyol,Sevilla,1,73,Unai Núñez,0.7719999694824219,0.2670000076293945,0.020066697150468826,RightFoot,OpenPlay,MissedShots
693279,La_liga,Espanyol,Sevilla,1,90,Roberto Fernández,0.899000015258789,0.40099998474121096,0.04347619414329529,Head,OpenPlay,MissedShots
693280,La_liga,Espanyol,Sevilla,1,92,Roberto Fernández,0.9309999847412109,0.4909999847412109,0.058770712465047836,Head,OpenPlay,MissedShots
693281,La_liga,Espanyol,Sevilla,1,94,Marcos Fernández,0.9169999694824219,0.5609999847412109,0.47386646270751953,RightFoot,OpenPlay,SavedShot
693282,La_liga,Espanyol,Sevilla,1,97,Marcos Fernández,0.8969999694824219,0.514000015258789,0.27134907245635986,OtherBodyPart,OpenPlay,ShotOnPost
693283,La_liga,Espanyol,Sevilla,1,97,Marcos Fernández,0.9430000305175781,0.5109999847412109,0.43300876021385193,Head,OpenPlay,Goal
693270,La_liga,Sevilla,Espanyol,0,40,Miguel Sierra,0.725999984741211,0.649000015258789,0.013962343335151672,LeftFoot,OpenPlay,MissedShots
693273,La_liga,Sevilla,Espanyol,0,66,Lucas Stassin,0.870999984741211,0.6379999923706055,0.21955493092536926,RightFoot,OpenPlay,SavedShot
693275,La_liga,Sevilla,Espanyol,0,76,Juan Iglesias,0.745,0.515,0.021573210135102272,RightFoot,OpenPlay,SavedShot
693276,La_liga,Sevilla,Espanyol,0,79,Andrés Castrín,0.9059999847412109,0.5820000076293945,0.016511522233486176,Head,FromCorner,MissedShots
693277,La_liga,Sevilla,Espanyol,0,81,Youssouf Fofana,0.4209999847412109,0.7,0.009434415027499199,RightFoot,OpenPlay,MissedShots
693278,La_liga,Sevilla,Espanyol,0,84,Lucas Stassin,0.9159999847412109,0.4779999923706055,0.09153510630130768,RightFoot,OpenPlay,Goal
693420,La_liga,Getafe,Celta Vigo,1,9,Ramón Terrats,0.8830000305175781,0.5,0.3949843645095825,LeftFoot,OpenPlay,MissedShots
693422,La_liga,Getafe,Celta Vigo,1,20,Martín Satriano,0.9490000152587891,0.4640000152587891,0.5589351058006287,RightFoot,FromCorner,Goal
693423,La_liga,Getafe,Celta Vigo,1,32,Martín Satriano,0.825,0.6630000305175782,0.05683325231075287,RightFoot,OpenPlay,BlockedShot
693424,La_liga,Getafe,Celta Vigo,1,32,Mario Martín,0.779000015258789,0.5029999923706054,0.03978607431054115,RightFoot,OpenPlay,MissedShots
693427,La_liga,Getafe,Celta Vigo,1,41,Mario Martín,0.7619999694824219,0.535,0.049398310482501984,LeftFoot,OpenPlay,SavedShot
693431,La_liga,Getafe,Celta Vigo,1,49,Martín Satriano,0.764000015258789,0.4279999923706055,0.03315619379281998,RightFoot,OpenPlay,MissedShots
693435,La_liga,Getafe,Celta Vigo,1,59,Enes Ünal,0.8830000305175781,0.5659999847412109,0.08135075867176056,RightFoot,OpenPlay,MissedShots
693436,La_liga,Getafe,Celta Vigo,1,59,Ramón Terrats,0.8769999694824219,0.33299999237060546,0.05570665001869202,LeftFoot,OpenPlay,MissedShots
693437,La_liga,Getafe,Celta Vigo,1,61,Zaid Romero,0.86,0.6509999847412109,0.13658718764781952,LeftFoot,OpenPlay,BlockedShot
693438,La_liga,Getafe,Celta Vigo,1,63,Nemanja Gudelj,0.8880000305175781,0.5170000076293946,0.05392906069755554,Head,FromCorner,MissedShots
693418,La_liga,Celta Vigo,Getafe,0,8,Hugo Gonzalez,0.749000015258789,0.6229999923706054,0.02168131247162819,RightFoot,OpenPlay,SavedShot
693419,La_liga,Celta Vigo,Getafe,0,8,Miguel Román,0.7530000305175781,0.3679999923706055,0.016387861222028732,RightFoot,FromCorner,BlockedShot
693421,La_liga,Celta Vigo,Getafe,0,13,Miguel Román,0.745,0.35700000762939454,0.015226168558001518,RightFoot,FromCorner,BlockedShot
693425,La_liga,Celta Vigo,Getafe,0,34,Hugo Gonzalez,0.91,0.6919999694824219,0.04963550716638565,LeftFoot,OpenPlay,MissedShots
693426,La_liga,Celta Vigo,Getafe,0,38,Hugo Gonzalez,0.9019999694824219,0.8959999847412109,0.04452301561832428,RightFoot,DirectFreekick,BlockedShot
693428,La_liga,Celta Vigo,Getafe,0,44,Carl Starfelt,0.9030000305175782,0.524000015258789,0.027016770094633102,Head,FromCorner,MissedShots
693429,La_liga,Celta Vigo,Getafe,0,46,Iago Aspas,0.885,0.46099998474121096,0.0651751384139061,Head,OpenPlay,MissedShots
693430,La_liga,Celta Vigo,Getafe,0,47,Pablo Durán,0.8909999847412109,0.5220000076293946,0.07857098430395126,LeftFoot,OpenPlay,MissedShots
693432,La_liga,Celta Vigo,Getafe,0,49,Jones El Abdellaoui,0.8009999847412109,0.455,0.04193349555134773,LeftFoot,OpenPlay,BlockedShot
693433,La_liga,Celta Vigo,Getafe,0,51,Ilaix Moriba,0.629000015258789,0.575999984741211,0.011858268640935421,RightFoot,OpenPlay,MissedShots
693434,La_liga,Celta Vigo,Getafe,0,56,Carl Starfelt,0.935,0.4470000076293945,0.3575686812400818,Head,FromCorner,Goal
693439,La_liga,Celta Vigo,Getafe,0,69,Hugo Gonzalez,0.9209999847412109,0.49599998474121093,0.39697059988975525,Head,OpenPlay,SavedShot
693440,La_liga,Celta Vigo,Getafe,0,72,Borja Iglesias,0.9180000305175782,0.47200000762939454,0.12866483628749847,Head,OpenPlay,MissedShots
693441,La_liga,Celta Vigo,Getafe,0,81,Miguel Román,0.7,0.4129999923706055,0.014297200366854668,RightFoot,OpenPlay,BlockedShot
693442,La_liga,Celta Vigo,Getafe,0,88,Borja Iglesias,0.9690000152587891,0.61,0.11375382542610168,RightFoot,OpenPlay,MissedShots
693443,La_liga,Celta Vigo,Getafe,0,94,Couhaib Driouech,0.8240000152587891,0.6509999847412109,0.037952158600091934,RightFoot,OpenPlay,MissedShots
693478,La_liga,Elche,Real Sociedad,1,20,Facundo Buonanotte,0.7440000152587891,0.37900001525878907,0.020479753613471985,LeftFoot,OpenPlay,SavedShot
693479,La_liga,Elche,Real Sociedad,1,23,Ezequiel Ponce,0.8419999694824218,0.43599998474121093,0.1134529858827591,RightFoot,OpenPlay,MissedShots
693480,La_liga,Elche,Real Sociedad,1,25,German Valera,0.93,0.7440000152587891,0.03073374181985855,LeftFoot,OpenPlay,MissedShots
693482,La_liga,Elche,Real Sociedad,1,45,Facundo Buonanotte,0.8669999694824219,0.4420000076293945,0.06525209546089172,LeftFoot,OpenPlay,MissedShots
693486,La_liga,Elche,Real Sociedad,1,55,Abiel Osorio,0.9690000152587891,0.655,0.21013903617858887,RightFoot,OpenPlay,SavedShot
693487,La_liga,Elche,Real Sociedad,1,56,Thomas Lemar,0.884000015258789,0.664000015258789,0.05850636586546898,LeftFoot,OpenPlay,BlockedShot
693488,La_liga,Elche,Real Sociedad,1,64,Thomas Lemar,0.7709999847412109,0.63,0.07582278549671173,LeftFoot,DirectFreekick,MissedShots
693490,La_liga,Elche,Real Sociedad,1,66,Thomas Lemar,0.76,0.53,0.022197149693965912,RightFoot,OpenPlay,Goal
693491,La_liga,Elche,Real Sociedad,1,70,Lucas Cepeda,0.6930000305175781,0.5120000076293946,0.01691341958940029,LeftFoot,OpenPlay,SavedShot
693492,La_liga,Elche,Real Sociedad,1,70,Pedro Bigas,0.725999984741211,0.5379999923706055,0.018336676061153412,LeftFoot,OpenPlay,SavedShot
693493,La_liga,Elche,Real Sociedad,1,73,Tete Morente,0.9619999694824218,0.3240000152587891,0.037875134497880936,RightFoot,OpenPlay,MissedShots
693494,La_liga,Elche,Real Sociedad,1,73,Fernando Niño,0.9769999694824218,0.5320000076293945,0.947843611240387,OtherBodyPart,OpenPlay,Goal
693495,La_liga,Elche,Real Sociedad,1,75,Fernando Niño,0.9119999694824219,0.62,0.032730408012866974,Head,OpenPlay,SavedShot
693496,La_liga,Elche,Real Sociedad,1,79,Victor Chust,0.909000015258789,0.495,0.2887808084487915,Head,OpenPlay,SavedShot
693497,La_liga,Elche,Real Sociedad,1,80,Abiel Osorio,0.830999984741211,0.5559999847412109,0.28175562620162964,LeftFoot,OpenPlay,MissedShots
693498,La_liga,Elche,Real Sociedad,1,82,Lucas Cepeda,0.8730000305175781,0.2620000076293945,0.029837369918823242,LeftFoot,FromCorner,SavedShot
693499,La_liga,Elche,Real Sociedad,1,83,Abiel Osorio,0.925,0.5229999923706055,0.13966964185237885,Head,OpenPlay,MissedShots
693501,La_liga,Elche,Real Sociedad,1,88,Fernando Niño,0.8669999694824219,0.49700000762939456,0.08817814290523529,RightFoot,OpenPlay,BlockedShot
693503,La_liga,Elche,Real Sociedad,1,91,Fernando Niño,0.924000015258789,0.48900001525878906,0.0560929998755455,Head,OpenPlay,SavedShot
693504,La_liga,Elche,Real Sociedad,1,91,Roy Revivo,0.980999984741211,0.590999984741211,0.3938417434692383,LeftFoot,OpenPlay,MissedShots
693473,La_liga,Real Sociedad,Elche,0,0,Gonçalo Guedes,0.9640000152587891,0.685,0.024658488109707832,LeftFoot,OpenPlay,MissedShots
693474,La_liga,Real Sociedad,Elche,0,10,Yangel Herrera,0.76,0.33599998474121096,0.01605592854321003,RightFoot,FromCorner,MissedShots
693475,La_liga,Real Sociedad,Elche,0,10,Job Ochieng,0.95,0.36200000762939455,0.1841733753681183,RightFoot,FromCorner,Goal
693476,La_liga,Real Sociedad,Elche,0,13,Luka Sucic,0.749000015258789,0.255,0.01735851913690567,LeftFoot,OpenPlay,SavedShot
693477,La_liga,Real Sociedad,Elche,0,14,Luka Sucic,0.7880000305175782,0.40799999237060547,0.025117767974734306,LeftFoot,FromCorner,MissedShots
693481,La_liga,Real Sociedad,Elche,0,31,Yangel Herrera,0.8680000305175781,0.33799999237060546,0.0728161558508873,RightFoot,OpenPlay,Goal
693483,La_liga,Real Sociedad,Elche,0,46,Luka Sucic,0.7969999694824219,0.580999984741211,0.057918887585401535,LeftFoot,OpenPlay,BlockedShot
693484,La_liga,Real Sociedad,Elche,0,48,Jon Aramburu,0.7469999694824219,0.54,0.01776140183210373,LeftFoot,FromCorner,SavedShot
693485,La_liga,Real Sociedad,Elche,0,50,Yangel Herrera,0.8540000152587891,0.6229999923706054,0.11208447813987732,LeftFoot,OpenPlay,MissedShots
693489,La_liga,Real Sociedad,Elche,0,66,Job Ochieng,0.8719999694824219,0.7519999694824219,0.07318966090679169,RightFoot,OpenPlay,MissedShots
693500,La_liga,Real Sociedad,Elche,0,87,Job Ochieng,0.9069999694824219,0.445,0.02293194644153118,Head,FromCorner,BlockedShot
693502,La_liga,Real Sociedad,Elche,0,89,Luka Sucic,0.8530000305175781,0.534000015258789,0.1321566104888916,LeftFoot,OpenPlay,Goal
693505,La_liga,Real Sociedad,Elche,0,93,Job Ochieng,0.9259999847412109,0.3,0.11997466534376144,RightFoot,OpenPlay,SavedShot
693643,La_liga,Sevilla,Valencia,1,25,Miguel Sierra,0.8180000305175781,0.46900001525878904,0.02209826186299324,LeftFoot,OpenPlay,BlockedShot
693644,La_liga,Sevilla,Valencia,1,26,Lucien Agoume,0.835999984741211,0.34299999237060547,0.044159725308418274,RightFoot,OpenPlay,BlockedShot
693645,La_liga,Sevilla,Valencia,1,42,Kike Salas,0.8680000305175781,0.45599998474121095,0.037874531000852585,Head,SetPiece,MissedShots
693646,La_liga,Sevilla,Valencia,1,46,Isaac Romero,0.8669999694824219,0.41200000762939454,0.06428473442792892,LeftFoot,SetPiece,MissedShots
693647,La_liga,Sevilla,Valencia,1,49,Kike Salas,0.9119999694824219,0.514000015258789,0.09622295945882797,Head,FromCorner,SavedShot
693648,La_liga,Sevilla,Valencia,1,50,Lucas Stassin,0.8780000305175781,0.5379999923706055,0.03678421676158905,Head,FromCorner,ShotOnPost
693649,La_liga,Sevilla,Valencia,1,50,Andrés Castrín,0.9290000152587891,0.49599998474121093,0.5424256920814514,LeftFoot,FromCorner,SavedShot
693650,La_liga,Sevilla,Valencia,1,58,Youssouf Fofana,0.7369999694824219,0.5609999847412109,0.020593738183379173,LeftFoot,OpenPlay,BlockedShot
693651,La_liga,Sevilla,Valencia,1,58,Lucien Agoume,0.7780000305175782,0.2589999961853027,0.012839959934353828,RightFoot,OpenPlay,MissedShots
693652,La_liga,Sevilla,Valencia,1,60,Youssouf Fofana,0.845,0.595,0.07182348519563675,RightFoot,OpenPlay,SavedShot
693653,La_liga,Sevilla,Valencia,1,69,Youssouf Fofana,0.779000015258789,0.5740000152587891,0.030489932745695114,LeftFoot,OpenPlay,BlockedShot
693654,La_liga,Sevilla,Valencia,1,76,Giorgi Kochorashvili,0.7130000305175781,0.49200000762939455,0.01576722413301468,LeftFoot,OpenPlay,MissedShots
693656,La_liga,Sevilla,Valencia,1,80,Juan Iglesias,0.9259999847412109,0.46599998474121096,0.37963664531707764,Head,SetPiece,Goal
693642,La_liga,Valencia,Sevilla,0,12,Arnau Martinez,0.8190000152587891,0.26799999237060546,0.024634886533021927,RightFoot,OpenPlay,BlockedShot
693655,La_liga,Valencia,Sevilla,0,77,David Otorbi,0.8830000305175781,0.3,0.036335576325654984,RightFoot,OpenPlay,ShotOnPost
693657,La_liga,Valencia,Sevilla,0,97,Arnaut Danjuma Groeneveld,0.779000015258789,0.6719999694824219,0.018924381583929062,RightFoot,OpenPlay,MissedShots
693686,La_liga,Racing Santander,Alaves,1,16,Pablo García,0.965,0.6569999694824219,0.03536420688033104,LeftFoot,SetPiece,SavedShot
693692,La_liga,Racing Santander,Alaves,1,27,Sergio Canales,0.8059999847412109,0.38,0.040133632719516754,LeftFoot,OpenPlay,MissedShots
693694,La_liga,Racing Santander,Alaves,1,30,Yassir Zabiri,0.825,0.5070000076293946,0.05490313470363617,LeftFoot,OpenPlay,SavedShot
693696,La_liga,Racing Santander,Alaves,1,37,Yassir Zabiri,0.9259999847412109,0.395,0.36104580760002136,LeftFoot,OpenPlay,Goal
693697,La_liga,Racing Santander,Alaves,1,41,Yassir Zabiri,0.955,0.35200000762939454,0.07300544530153275,RightFoot,OpenPlay,MissedShots
693698,La_liga,Racing Santander,Alaves,1,46,Yassir Zabiri,0.9409999847412109,0.3089999961853027,0.0541083849966526,RightFoot,SetPiece,BlockedShot
693699,La_liga,Racing Santander,Alaves,1,48,Pablo García,0.8930000305175781,0.6140000152587891,0.0910729393362999,RightFoot,OpenPlay,BlockedShot
693700,La_liga,Racing Santander,Alaves,1,52,Yassir Zabiri,0.9690000152587891,0.4420000076293945,0.5932037830352783,RightFoot,OpenPlay,Goal
693701,La_liga,Racing Santander,Alaves,1,54,Pablo García,0.6890000152587891,0.49599998474121093,0.01668720506131649,LeftFoot,OpenPlay,MissedShots
693705,La_liga,Racing Santander,Alaves,1,67,Jeanuël Belocian,0.8680000305175781,0.47200000762939454,0.011344190686941147,Head,SetPiece,MissedShots
693708,La_liga,Racing Santander,Alaves,1,82,Iker Luque,0.845999984741211,0.3509999847412109,0.053025174885988235,LeftFoot,OpenPlay,BlockedShot
693685,La_liga,Alaves,Racing Santander,0,6,Ángel Pérez,0.9230000305175782,0.3089999961853027,0.05546741560101509,RightFoot,OpenPlay,BlockedShot
693687,La_liga,Alaves,Racing Santander,0,17,Mariano,0.9340000152587891,0.5209999847412109,0.43973469734191895,LeftFoot,OpenPlay,SavedShot
693688,La_liga,Alaves,Racing Santander,0,17,Antonio Blanco,0.8090000152587891,0.315,0.015702372416853905,RightFoot,FromCorner,BlockedShot
693689,La_liga,Alaves,Racing Santander,0,17,Ángel Pérez,0.9619999694824218,0.5520000076293945,0.588661789894104,RightFoot,FromCorner,SavedShot
693690,La_liga,Alaves,Racing Santander,0,17,Ville Koski,0.955,0.49700000762939456,0.630349338054657,RightFoot,FromCorner,Goal
693691,La_liga,Alaves,Racing Santander,0,20,Abderrahmane Rebbach,0.8190000152587891,0.705999984741211,0.03357715532183647,LeftFoot,OpenPlay,SavedShot
693693,La_liga,Alaves,Racing Santander,0,28,Abderrahmane Rebbach,0.7219999694824218,0.615,0.019560398533940315,RightFoot,OpenPlay,SavedShot
693695,La_liga,Alaves,Racing Santander,0,32,Mariano,0.764000015258789,0.51,0.00814239215105772,Head,OpenPlay,SavedShot
693702,La_liga,Alaves,Racing Santander,0,59,Mariano,0.91,0.5359999847412109,0.47091206908226013,RightFoot,OpenPlay,SavedShot
693703,La_liga,Alaves,Racing Santander,0,60,Lucas Boyé,0.9459999847412109,0.3870000076293945,0.040033452212810516,Head,FromCorner,MissedShots
693704,La_liga,Alaves,Racing Santander,0,64,Lucas Boyé,0.735999984741211,0.625999984741211,0.053989849984645844,RightFoot,DirectFreekick,BlockedShot
693706,La_liga,Alaves,Racing Santander,0,77,Lucas Boyé,0.865999984741211,0.539000015258789,0.04677022248506546,Head,SetPiece,MissedShots
693707,La_liga,Alaves,Racing Santander,0,81,Lucas Boyé,0.855999984741211,0.4520000076293945,0.05137723311781883,LeftFoot,OpenPlay,BlockedShot
693709,La_liga,Alaves,Racing Santander,0,84,Carlos Benavídez,0.8980000305175782,0.544000015258789,0.07737452536821365,Head,OpenPlay,MissedShots
693710,La_liga,Alaves,Racing Santander,0,86,Jonny,0.9130000305175782,0.4929999923706055,0.05363805592060089,Head,OpenPlay,SavedShot
693711,La_liga,Alaves,Racing Santander,0,89,Antonio Martínez,0.7759999847412109,0.3340000152587891,0.07056469470262527,RightFoot,DirectFreekick,BlockedShot
694063,La_liga,Osasuna,Espanyol,1,4,Ante Budimir,0.915,0.46299999237060546,0.08951790630817413,Head,OpenPlay,MissedShots
694065,La_liga,Osasuna,Espanyol,1,10,Rubén García,0.8590000152587891,0.40400001525878904,0.047902654856443405,LeftFoot,OpenPlay,MissedShots
694067,La_liga,Osasuna,Espanyol,1,10,Raul García,0.9259999847412109,0.5359999847412109,0.04485738277435303,Head,OpenPlay,MissedShots
694073,La_liga,Osasuna,Espanyol,1,28,Iker Muñoz,0.9169999694824219,0.5209999847412109,0.1312178671360016,Head,SetPiece,SavedShot
694074,La_liga,Osasuna,Espanyol,1,31,Raul García,0.735999984741211,0.62,0.01017518900334835,LeftFoot,OpenPlay,MissedShots
694077,La_liga,Osasuna,Espanyol,1,51,Rubén García,0.6909999847412109,0.4570000076293945,0.014992546290159225,LeftFoot,OpenPlay,SavedShot
694078,La_liga,Osasuna,Espanyol,1,73,Raul Moro,0.779000015258789,0.5409999847412109,0.04269383102655411,RightFoot,OpenPlay,BlockedShot
694079,La_liga,Osasuna,Espanyol,1,76,Raul Moro,0.8130000305175781,0.539000015258789,0.1543196588754654,RightFoot,DirectFreekick,BlockedShot
694080,La_liga,Osasuna,Espanyol,1,77,Jonathan Dubasin,0.8019999694824219,0.509000015258789,0.03996582329273224,RightFoot,SetPiece,MissedShots
694082,La_liga,Osasuna,Espanyol,1,84,Jonathan Dubasin,0.8959999847412109,0.49599998474121093,0.49691757559776306,LeftFoot,SetPiece,SavedShot
694083,La_liga,Osasuna,Espanyol,1,85,Raul Moro,0.8080000305175781,0.6630000305175782,0.033239640295505524,RightFoot,OpenPlay,SavedShot
694061,La_liga,Espanyol,Osasuna,0,2,Roberto Fernández,0.945,0.49599998474121093,0.5373554229736328,LeftFoot,OpenPlay,Goal
694068,La_liga,Espanyol,Osasuna,0,16,Roberto Fernández,0.9669999694824218,0.52,0.7909863591194153,RightFoot,OpenPlay,Goal
694072,La_liga,Espanyol,Osasuna,0,23,Marcos Fernández,0.7340000152587891,0.3559999847412109,0.01734398491680622,RightFoot,OpenPlay,SavedShot
694075,La_liga,Espanyol,Osasuna,0,40,Marcos Fernández,0.7319999694824219,0.15199999809265136,0.011476230807602406,RightFoot,OpenPlay,MissedShots
694076,La_liga,Espanyol,Osasuna,0,42,Edu Expósito,0.8190000152587891,0.575,0.039660532027482986,RightFoot,FromCorner,BlockedShot
694081,La_liga,Espanyol,Osasuna,0,80,Pere Milla,0.9780000305175781,0.3340000152587891,0.012690686620771885,Head,FromCorner,BlockedShot
694187,La_liga,Athletic Club,Elche,1,4,Oihan Sancet,0.8959999847412109,0.575,0.025256937369704247,Head,FromCorner,MissedShots
694188,La_liga,Athletic Club,Elche,1,5,Iñaki Williams,0.9390000152587891,0.49700000762939456,0.6013708710670471,RightFoot,OpenPlay,MissedShots
694189,La_liga,Athletic Club,Elche,1,8,Nico Williams,0.769000015258789,0.6,0.02636614441871643,RightFoot,OpenPlay,SavedShot
694190,La_liga,Athletic Club,Elche,1,15,Yuri,0.865999984741211,0.6909999847412109,0.03244435787200928,LeftFoot,FromCorner,MissedShots
694191,La_liga,Athletic Club,Elche,1,17,Oihan Sancet,0.8140000152587891,0.5229999923706055,0.031413231045007706,RightFoot,OpenPlay,MissedShots
694192,La_liga,Athletic Club,Elche,1,21,Iñaki Williams,0.8569999694824219,0.5259999847412109,0.013019926846027374,Head,SetPiece,MissedShots
694193,La_liga,Athletic Club,Elche,1,22,Oihan Sancet,0.9059999847412109,0.5170000076293946,0.05372508615255356,Head,OpenPlay,MissedShots
694194,La_liga,Athletic Club,Elche,1,23,Yuri,0.85,0.7319999694824219,0.028132447972893715,LeftFoot,OpenPlay,BlockedShot
694195,La_liga,Athletic Club,Elche,1,24,Inigo Ruiz de Galarreta,0.7980000305175782,0.6730000305175782,0.020824149250984192,RightFoot,FromCorner,MissedShots
694196,La_liga,Athletic Club,Elche,1,33,Yuri,0.78,0.4420000076293945,0.032405875623226166,LeftFoot,OpenPlay,BlockedShot
694197,La_liga,Athletic Club,Elche,1,37,Yuri,0.9409999847412109,0.6969999694824218,0.05444123595952988,LeftFoot,OpenPlay,MissedShots
694198,La_liga,Athletic Club,Elche,1,40,Roberto Navarro,0.9459999847412109,0.5109999847412109,0.5917209386825562,RightFoot,OpenPlay,ShotOnPost
694199,La_liga,Athletic Club,Elche,1,44,Nico Williams,0.8490000152587891,0.7390000152587891,0.02808145433664322,RightFoot,OpenPlay,MissedShots
694201,La_liga,Athletic Club,Elche,1,73,Iñaki Williams,0.91,0.5640000152587891,0.11295972019433975,RightFoot,OpenPlay,BlockedShot
694202,La_liga,Athletic Club,Elche,1,78,Iñaki Williams,0.985,0.5070000076293946,0.7016187906265259,LeftFoot,OpenPlay,Goal
694205,La_liga,Athletic Club,Elche,1,86,Nico Williams,0.799000015258789,0.5129999923706055,0.033695630729198456,RightFoot,FromCorner,MissedShots
694206,La_liga,Athletic Club,Elche,1,91,Oihan Sancet,0.9280000305175782,0.45299999237060545,0.11021199822425842,Head,FromCorner,MissedShots
694207,La_liga,Athletic Club,Elche,1,94,Maroan Sannadi,0.955999984741211,0.505,0.6065949201583862,Head,OpenPlay,SavedShot
694208,La_liga,Athletic Club,Elche,1,95,Maroan Sannadi,0.8690000152587891,0.58,0.026107721030712128,Head,OpenPlay,MissedShots
694200,La_liga,Elche,Athletic Club,0,49,Facundo Buonanotte,0.885,0.5,0.7432776093482971,LeftFoot,Penalty,Goal
694203,La_liga,Elche,Athletic Club,0,81,Victor Chust,0.865999984741211,0.8109999847412109,0.06343822181224823,RightFoot,DirectFreekick,MissedShots
694204,La_liga,Elche,Athletic Club,0,84,Rubén Sánchez,0.415,0.31799999237060544,0.009418859146535397,RightFoot,OpenPlay,MissedShots
694284,La_liga,Real Madrid,Rayo Vallecano,1,9,Vinícius Júnior,0.8480000305175781,0.639000015258789,0.05245346203446388,RightFoot,OpenPlay,BlockedShot
694285,La_liga,Real Madrid,Rayo Vallecano,1,10,Federico Valverde,0.7980000305175782,0.5679999923706055,0.04164699837565422,LeftFoot,FromCorner,MissedShots
694286,La_liga,Real Madrid,Rayo Vallecano,1,13,Kylian Mbappe-Lottin,0.885,0.5,0.7432776093482971,RightFoot,Penalty,Goal
694287,La_liga,Real Madrid,Rayo Vallecano,1,16,Álvaro Fernández,0.9080000305175782,0.5670000076293945,0.4673479199409485,LeftFoot,OpenPlay,Goal
694288,La_liga,Real Madrid,Rayo Vallecano,1,24,Vinícius Júnior,0.85,0.73,0.04881977289915085,RightFoot,OpenPlay,SavedShot
694292,La_liga,Real Madrid,Rayo Vallecano,1,30,Yan Diomande,0.8190000152587891,0.405,0.08066040277481079,LeftFoot,OpenPlay,MissedShots
694293,La_liga,Real Madrid,Rayo Vallecano,1,34,Jude Bellingham,0.8490000152587891,0.5259999847412109,0.11549112945795059,RightFoot,OpenPlay,Goal
694294,La_liga,Real Madrid,Rayo Vallecano,1,36,Federico Valverde,0.750999984741211,0.5020000076293946,0.03583761677145958,RightFoot,OpenPlay,MissedShots
694295,La_liga,Real Madrid,Rayo Vallecano,1,38,Bernardo Silva,0.9019999694824219,0.545,0.14009927213191986,LeftFoot,OpenPlay,BlockedShot
694296,La_liga,Real Madrid,Rayo Vallecano,1,39,Jude Bellingham,0.8080000305175781,0.4229999923706055,0.06638704985380173,RightFoot,OpenPlay,BlockedShot
694297,La_liga,Real Madrid,Rayo Vallecano,1,39,Ibrahima Konaté,0.914000015258789,0.5079999923706054,0.044957440346479416,Head,FromCorner,MissedShots
694299,La_liga,Real Madrid,Rayo Vallecano,1,44,Kylian Mbappe-Lottin,0.8130000305175781,0.5129999923706055,0.0781378224492073,RightFoot,OpenPlay,ShotOnPost
694303,La_liga,Real Madrid,Rayo Vallecano,1,47,Kylian Mbappe-Lottin,0.7680000305175781,0.40299999237060546,0.040790218859910965,RightFoot,OpenPlay,MissedShots
694307,La_liga,Real Madrid,Rayo Vallecano,1,58,Vinícius Júnior,0.8369999694824218,0.705999984741211,0.05162704363465309,RightFoot,OpenPlay,MissedShots
694311,La_liga,Real Madrid,Rayo Vallecano,1,76,Denzel Dumfries,0.9109999847412109,0.49,0.3507818877696991,Head,SetPiece,SavedShot
694312,La_liga,Real Madrid,Rayo Vallecano,1,77,Antonio Rüdiger,0.8869999694824219,0.4829999923706055,0.05245506763458252,Head,FromCorner,SavedShot
694313,La_liga,Real Madrid,Rayo Vallecano,1,80,Arda Güler,0.754000015258789,0.5379999923706055,0.029387447983026505,LeftFoot,OpenPlay,SavedShot
694314,La_liga,Real Madrid,Rayo Vallecano,1,81,Ibrahima Konaté,0.9309999847412109,0.495,0.1429610550403595,RightFoot,OpenPlay,MissedShots
694315,La_liga,Real Madrid,Rayo Vallecano,1,81,Jude Bellingham,0.855999984741211,0.534000015258789,0.08298266679048538,LeftFoot,OpenPlay,BlockedShot
694316,La_liga,Real Madrid,Rayo Vallecano,1,82,Kylian Mbappe-Lottin,0.9540000152587891,0.6379999923706055,0.1680772304534912,RightFoot,FromCorner,SavedShot
694318,La_liga,Real Madrid,Rayo Vallecano,1,86,Aurelien Tchouameni,0.6969999694824218,0.5020000076293946,0.0180134829133749,RightFoot,OpenPlay,BlockedShot
694319,La_liga,Real Madrid,Rayo Vallecano,1,87,Vinícius Júnior,0.8980000305175782,0.6730000305175782,0.08296920359134674,RightFoot,OpenPlay,SavedShot
694320,La_liga,Real Madrid,Rayo Vallecano,1,87,Jude Bellingham,0.9840000152587891,0.6880000305175781,0.09274245798587799,LeftFoot,OpenPlay,SavedShot
694322,La_liga,Real Madrid,Rayo Vallecano,1,90,Kylian Mbappe-Lottin,0.8690000152587891,0.3370000076293945,0.10551672428846359,RightFoot,OpenPlay,Goal
694282,La_liga,Rayo Vallecano,Real Madrid,0,4,Pedro Díaz,0.5690000152587891,0.22700000762939454,0.016950156539678574,RightFoot,OpenPlay,SavedShot
694283,La_liga,Rayo Vallecano,Real Madrid,0,8,Giorgi Tsitaishvili,0.8680000305175781,0.4109999847412109,0.08660603314638138,LeftFoot,OpenPlay,SavedShot
694289,La_liga,Rayo Vallecano,Real Madrid,0,25,Sergio Camello,0.7530000305175781,0.5740000152587891,0.021651891991496086,LeftFoot,OpenPlay,SavedShot
694290,La_liga,Rayo Vallecano,Real Madrid,0,26,Álvaro García,0.8130000305175781,0.7040000152587891,0.023851430043578148,LeftFoot,FromCorner,BlockedShot
694291,La_liga,Rayo Vallecano,Real Madrid,0,29,Sergio Camello,0.8369999694824218,0.6309999847412109,0.01779293268918991,Head,OpenPlay,SavedShot
694298,La_liga,Rayo Vallecano,Real Madrid,0,42,Pedro Díaz,0.7519999694824219,0.44400001525878907,0.019928624853491783,RightFoot,OpenPlay,BlockedShot
694300,La_liga,Rayo Vallecano,Real Madrid,0,46,Pedro Díaz,0.715999984741211,0.3970000076293945,0.013166855089366436,RightFoot,OpenPlay,SavedShot
694301,La_liga,Rayo Vallecano,Real Madrid,0,46,Pedro Díaz,0.7369999694824219,0.3189999961853027,0.01418667659163475,RightFoot,OpenPlay,ShotOnPost
694302,La_liga,Rayo Vallecano,Real Madrid,0,46,Unai López,0.7469999694824219,0.5540000152587891,0.01132422499358654,RightFoot,OpenPlay,MissedShots
694304,La_liga,Rayo Vallecano,Real Madrid,0,50,Sergio Camello,0.885,0.36200000762939455,0.06581994891166687,RightFoot,OpenPlay,Goal
694305,La_liga,Rayo Vallecano,Real Madrid,0,53,Pedro Díaz,0.8330000305175781,0.46900001525878904,0.07985088229179382,RightFoot,OpenPlay,BlockedShot
694306,La_liga,Rayo Vallecano,Real Madrid,0,54,Florian Lejeune,0.6569999694824219,0.48900001525878906,0.008400819264352322,RightFoot,OpenPlay,MissedShots
694308,La_liga,Rayo Vallecano,Real Madrid,0,62,Giorgi Tsitaishvili,0.764000015258789,0.3110000038146973,0.017059169709682465,LeftFoot,OpenPlay,SavedShot
694309,La_liga,Rayo Vallecano,Real Madrid,0,62,Giorgi Tsitaishvili,0.9630000305175781,0.4420000076293945,0.453491747379303,Head,OpenPlay,MissedShots
694310,La_liga,Rayo Vallecano,Real Madrid,0,64,Florian Lejeune,0.9069999694824219,0.37799999237060544,0.04887940734624863,RightFoot,OpenPlay,MissedShots
694317,La_liga,Rayo Vallecano,Real Madrid,0,84,Alemão,0.924000015258789,0.4979999923706055,0.0838077962398529,Head,OpenPlay,MissedShots
694321,La_liga,Rayo Vallecano,Real Madrid,0,90,Alemão,0.779000015258789,0.3559999847412109,0.1409144550561905,RightFoot,OpenPlay,BlockedShot
694323,La_liga,Rayo Vallecano,Real Madrid,0,93,Alemão,0.855,0.5559999847412109,0.0690511092543602,RightFoot,OpenPlay,BlockedShot
694412,La_liga,Celta Vigo,Malaga,1,10,Hugo Álvarez,0.8769999694824219,0.4379999923706055,0.10637887567281723,RightFoot,OpenPlay,BlockedShot
694414,La_liga,Celta Vigo,Malaga,1,17,Ferrán Jutglà,0.8040000152587891,0.4979999923706055,0.07485257089138031,RightFoot,OpenPlay,SavedShot
694415,La_liga,Celta Vigo,Malaga,1,24,Sergio Carreira,0.9169999694824219,0.6830000305175781,0.26712653040885925,RightFoot,OpenPlay,SavedShot
694416,La_liga,Celta Vigo,Malaga,1,28,Hugo Gonzalez,0.8219999694824218,0.3120000076293945,0.0549214743077755,RightFoot,OpenPlay,SavedShot
694417,La_liga,Celta Vigo,Malaga,1,34,Ilaix Moriba,0.835,0.345,0.043969396501779556,RightFoot,OpenPlay,MissedShots
694418,La_liga,Celta Vigo,Malaga,1,38,Hugo Gonzalez,0.7340000152587891,0.39799999237060546,0.020629074424505234,RightFoot,OpenPlay,MissedShots
694419,La_liga,Celta Vigo,Malaga,1,40,Ferrán Jutglà,0.8230000305175781,0.4979999923706055,0.06297262012958527,RightFoot,OpenPlay,Goal
694420,La_liga,Celta Vigo,Malaga,1,46,Miguel Román,0.7419999694824219,0.535,0.026592256501317024,RightFoot,OpenPlay,MissedShots
694424,La_liga,Celta Vigo,Malaga,1,55,Hugo Gonzalez,0.8109999847412109,0.34400001525878904,0.04359884560108185,LeftFoot,OpenPlay,BlockedShot
694425,La_liga,Celta Vigo,Malaga,1,56,Marcos Alonso,0.759000015258789,0.6329999923706054,0.02776579186320305,LeftFoot,OpenPlay,BlockedShot
694426,La_liga,Celta Vigo,Malaga,1,62,Williot Swedberg,0.8669999694824219,0.4829999923706055,0.41276228427886963,RightFoot,OpenPlay,SavedShot
694427,La_liga,Celta Vigo,Malaga,1,65,Ferrán Jutglà,0.8669999694824219,0.45,0.11485514789819717,RightFoot,OpenPlay,MissedShots
694433,La_liga,Celta Vigo,Malaga,1,88,Iago Aspas,0.840999984741211,0.3770000076293945,0.0608019083738327,LeftFoot,OpenPlay,MissedShots
694434,La_liga,Celta Vigo,Malaga,1,89,Hugo Burcio,0.870999984741211,0.620999984741211,0.10277748107910156,LeftFoot,OpenPlay,BlockedShot
694435,La_liga,Celta Vigo,Malaga,1,90,Miguel Román,0.759000015258789,0.5670000076293945,0.02467408776283264,RightFoot,OpenPlay,MissedShots
694436,La_liga,Celta Vigo,Malaga,1,90,Sebastián Cáceres,0.7430000305175781,0.385,0.014711958356201649,RightFoot,OpenPlay,MissedShots
694437,La_liga,Celta Vigo,Malaga,1,91,Couhaib Driouech,0.7959999847412109,0.29100000381469726,0.022417886182665825,RightFoot,OpenPlay,BlockedShot
694410,La_liga,Malaga,Celta Vigo,0,7,David Larrubia,0.8019999694824219,0.40299999237060546,0.044711869210004807,LeftFoot,OpenPlay,MissedShots
694411,La_liga,Malaga,Celta Vigo,0,10,Joaquín Muñoz,0.895,0.7319999694824219,0.032359249889850616,RightFoot,OpenPlay,BlockedShot
694413,La_liga,Malaga,Celta Vigo,0,15,Ángel Recio,0.9109999847412109,0.48,0.09286180138587952,Head,FromCorner,MissedShots
694421,La_liga,Malaga,Celta Vigo,0,47,Pablo Martínez,0.8169999694824219,0.325,0.031216394156217575,RightFoot,OpenPlay,BlockedShot
694422,La_liga,Malaga,Celta Vigo,0,51,Chupe,0.870999984741211,0.4620000076293945,0.07956048846244812,Head,OpenPlay,BlockedShot
694423,La_liga,Malaga,Celta Vigo,0,53,Ángel Recio,0.6880000305175781,0.43200000762939456,0.014772984199225903,RightFoot,OpenPlay,MissedShots
694428,La_liga,Malaga,Celta Vigo,0,70,Adrián Niño,0.8959999847412109,0.42700000762939455,0.06730089336633682,Head,OpenPlay,MissedShots
694429,La_liga,Malaga,Celta Vigo,0,73,Adrián Niño,0.7719999694824219,0.51,0.0324665829539299,RightFoot,OpenPlay,MissedShots
694430,La_liga,Malaga,Celta Vigo,0,80,David Larrubia,0.745,0.3840000152587891,0.01536965649574995,LeftFoot,OpenPlay,MissedShots
694431,La_liga,Malaga,Celta Vigo,0,82,Juan Cruz,0.7419999694824219,0.8009999847412109,0.012712208554148674,RightFoot,OpenPlay,SavedShot
694432,La_liga,Malaga,Celta Vigo,0,82,Adrián Niño,0.9169999694824219,0.5320000076293945,0.09967680275440216,Head,FromCorner,Goal
694438,La_liga,Malaga,Celta Vigo,0,93,Chupe,0.914000015258789,0.43599998474121093,0.025055736303329468,Head,FromCorner,MissedShots
694622,La_liga,Levante,Barcelona,1,8,Adrián De la Fuente,0.7069999694824218,0.54,0.045844368636608124,RightFoot,DirectFreekick,SavedShot
694624,La_liga,Levante,Barcelona,1,14,Petar Ratkov,0.899000015258789,0.4229999923706055,0.10240906476974487,RightFoot,OpenPlay,BlockedShot
694625,La_liga,Levante,Barcelona,1,15,Roger Brugué,0.875,0.5070000076293946,0.07221285998821259,LeftFoot,FromCorner,SavedShot
694627,La_liga,Levante,Barcelona,1,34,Jon Ander Olasagasti,0.9480000305175781,0.7180000305175781,0.01959240436553955,RightFoot,OpenPlay,MissedShots
694628,La_liga,Levante,Barcelona,1,36,Víctor García,0.9680000305175781,0.41900001525878905,0.3969394564628601,LeftFoot,OpenPlay,MissedShots
694629,La_liga,Levante,Barcelona,1,43,Daniel Requena,0.6559999847412109,0.325,0.0059044258669018745,RightFoot,OpenPlay,MissedShots
694631,La_liga,Levante,Barcelona,1,54,Roger Brugué,0.805,0.6630000305175782,0.026468388736248016,LeftFoot,OpenPlay,BlockedShot
694633,La_liga,Levante,Barcelona,1,59,Iván Romero,0.8619999694824219,0.5259999847412109,0.45125171542167664,LeftFoot,OpenPlay,BlockedShot
694634,La_liga,Levante,Barcelona,1,60,Iván Romero,0.9209999847412109,0.385,0.05068274959921837,RightFoot,SetPiece,BlockedShot
694635,La_liga,Levante,Barcelona,1,60,Iván Romero,0.96,0.35,0.06101968511939049,RightFoot,SetPiece,SavedShot
694640,La_liga,Levante,Barcelona,1,78,Iván Romero,0.96,0.45,0.8060598373413086,RightFoot,OpenPlay,Goal
694643,La_liga,Levante,Barcelona,1,87,Roger Brugué,0.93,0.654000015258789,0.22204570472240448,LeftFoot,OpenPlay,SavedShot
694644,La_liga,Levante,Barcelona,1,87,Roger Brugué,0.935,0.580999984741211,0.5321522951126099,RightFoot,OpenPlay,Goal
694621,La_liga,Barcelona,Levante,0,4,Xavi Espart,0.835999984741211,0.47900001525878905,0.0727907344698906,RightFoot,OpenPlay,Goal
694623,La_liga,Barcelona,Levante,0,11,Lamine Yamal,0.9730000305175781,0.6580000305175782,0.07903334498405457,LeftFoot,OpenPlay,MissedShots
694626,La_liga,Barcelona,Levante,0,18,Lamine Yamal,0.925,0.4979999923706055,0.5686753392219543,LeftFoot,OpenPlay,Goal
694630,La_liga,Barcelona,Levante,0,47,Lamine Yamal,0.885,0.5,0.7432776093482971,LeftFoot,Penalty,Goal
694632,La_liga,Barcelona,Levante,0,55,Raphinha,0.8769999694824219,0.615,0.10405819118022919,LeftFoot,OpenPlay,MissedShots
694636,La_liga,Barcelona,Levante,0,64,Raphinha,0.7659999847412109,0.5559999847412109,0.08508139848709106,LeftFoot,DirectFreekick,SavedShot
694637,La_liga,Barcelona,Levante,0,66,Karim Adeyemi,0.87,0.715999984741211,0.060182150453329086,LeftFoot,OpenPlay,BlockedShot
694638,La_liga,Barcelona,Levante,0,67,Karim Adeyemi,0.85,0.6609999847412109,0.017736118286848068,RightFoot,FromCorner,SavedShot
694639,La_liga,Barcelona,Levante,0,73,Fermín López,0.7959999847412109,0.600999984741211,0.0313451923429966,RightFoot,FromCorner,BlockedShot
694641,La_liga,Barcelona,Levante,0,85,Eric Garcia,0.915,0.30100000381469727,0.08000972867012024,RightFoot,OpenPlay,BlockedShot
694642,La_liga,Barcelona,Levante,0,85,Karim Adeyemi,0.9619999694824218,0.5729999923706055,0.1467248797416687,RightFoot,OpenPlay,MissedShots
694645,La_liga,Barcelona,Levante,0,92,Karim Adeyemi,0.8780000305175781,0.5540000152587891,0.4914395809173584,RightFoot,OpenPlay,Goal
694749,La_liga,Getafe,Deportivo La Coruna,1,8,Martín Satriano,0.805,0.7569999694824219,0.020704954862594604,RightFoot,OpenPlay,MissedShots
694750,La_liga,Getafe,Deportivo La Coruna,1,8,Enes Ünal,0.895,0.6630000305175782,0.0636640340089798,LeftFoot,OpenPlay,MissedShots
694751,La_liga,Getafe,Deportivo La Coruna,1,15,Martín Satriano,0.71,0.500999984741211,0.02622990310192108,RightFoot,OpenPlay,SavedShot
694752,La_liga,Getafe,Deportivo La Coruna,1,18,Iván Azón,0.86,0.5470000076293945,0.1012609526515007,LeftFoot,OpenPlay,MissedShots
694753,La_liga,Getafe,Deportivo La Coruna,1,24,Martín Satriano,0.749000015258789,0.5020000076293946,0.022930804640054703,RightFoot,OpenPlay,MissedShots
694754,La_liga,Getafe,Deportivo La Coruna,1,27,Nemanja Gudelj,0.9469999694824218,0.2670000076293945,0.01652548462152481,RightFoot,SetPiece,MissedShots
694756,La_liga,Getafe,Deportivo La Coruna,1,35,Ramón Terrats,0.8440000152587891,0.47700000762939454,0.08971653133630753,LeftFoot,OpenPlay,MissedShots
694757,La_liga,Getafe,Deportivo La Coruna,1,37,Ramón Terrats,0.7730000305175782,0.565,0.034955739974975586,LeftFoot,OpenPlay,SavedShot
694762,La_liga,Getafe,Deportivo La Coruna,1,52,Mario Martín,0.9119999694824219,0.4759999847412109,0.34259042143821716,LeftFoot,FromCorner,ShotOnPost
694763,La_liga,Getafe,Deportivo La Coruna,1,59,Johan Mojica,0.6909999847412109,0.33,0.03307819366455078,LeftFoot,DirectFreekick,MissedShots
694764,La_liga,Getafe,Deportivo La Coruna,1,62,Enes Ünal,0.7680000305175781,0.6959999847412109,0.01760092005133629,RightFoot,OpenPlay,MissedShots
694766,La_liga,Getafe,Deportivo La Coruna,1,65,Ramón Terrats,0.875,0.545,0.13772812485694885,LeftFoot,OpenPlay,Goal
694768,La_liga,Getafe,Deportivo La Coruna,1,75,Francho Serrano,0.6320000076293946,0.5109999847412109,0.009848019108176231,RightFoot,OpenPlay,SavedShot
694772,La_liga,Getafe,Deportivo La Coruna,1,89,Mario Martín,0.8769999694824219,0.435,0.03825324401259422,Head,OpenPlay,MissedShots
694773,La_liga,Getafe,Deportivo La Coruna,1,92,Saba Sazonov,0.8780000305175781,0.445,0.039699796587228775,Head,OpenPlay,BlockedShot
694755,La_liga,Deportivo La Coruna,Getafe,0,34,Giacomo Quagliata,0.914000015258789,0.62,0.2787211835384369,LeftFoot,OpenPlay,MissedShots
694758,La_liga,Deportivo La Coruna,Getafe,0,39,Giacomo Quagliata,0.8680000305175781,0.745999984741211,0.029299123212695122,LeftFoot,OpenPlay,SavedShot
694759,La_liga,Deportivo La Coruna,Getafe,0,40,Mario Soriano,0.9630000305175781,0.35400001525878905,0.10740954428911209,RightFoot,OpenPlay,SavedShot
694760,La_liga,Deportivo La Coruna,Getafe,0,47,Luismi Cruz,0.855999984741211,0.30100000381469727,0.021107571199536324,LeftFoot,OpenPlay,MissedShots
694761,La_liga,Deportivo La Coruna,Getafe,0,49,Bil Nsongo,0.8919999694824219,0.305,0.07151801139116287,RightFoot,OpenPlay,MissedShots
694765,La_liga,Deportivo La Coruna,Getafe,0,64,Giménez,0.92,0.49700000762939456,0.05141133815050125,Head,FromCorner,BlockedShot
694767,La_liga,Deportivo La Coruna,Getafe,0,75,Giacomo Quagliata,0.7619999694824219,0.605999984741211,0.02499312348663807,LeftFoot,FromCorner,MissedShots
694769,La_liga,Deportivo La Coruna,Getafe,0,77,Pierre-Emerick Aubameyang,0.9640000152587891,0.580999984741211,0.2936611771583557,Head,OpenPlay,Goal
694770,La_liga,Deportivo La Coruna,Getafe,0,84,Zakaria Eddahchouri,0.8590000152587891,0.5020000076293946,0.014855604618787766,Head,OpenPlay,BlockedShot
694771,La_liga,Deportivo La Coruna,Getafe,0,87,Giménez,0.894000015258789,0.5529999923706055,0.05190753936767578,Head,FromCorner,MissedShots
694864,La_liga,Real Sociedad,Atletico Madrid,1,33,Luka Sucic,0.9380000305175781,0.5840000152587891,0.37680840492248535,LeftFoot,FromCorner,MissedShots
694865,La_liga,Real Sociedad,Atletico Madrid,1,38,Gonçalo Guedes,0.86,0.62,0.05185042321681976,RightFoot,FromCorner,BlockedShot
694866,La_liga,Real Sociedad,Atletico Madrid,1,40,Sergio Gómez,0.7390000152587891,0.625999984741211,0.055605851113796234,LeftFoot,DirectFreekick,SavedShot
694868,La_liga,Real Sociedad,Atletico Madrid,1,45,Ander Barrenetxea,0.749000015258789,0.28899999618530275,0.02052425965666771,RightFoot,OpenPlay,BlockedShot
694869,La_liga,Real Sociedad,Atletico Madrid,1,45,Ander Barrenetxea,0.815,0.4909999847412109,0.021703753620386124,RightFoot,FromCorner,BlockedShot
694872,La_liga,Real Sociedad,Atletico Madrid,1,53,Mikel Oyarzabal,0.775,0.3940000152587891,0.04478425532579422,LeftFoot,OpenPlay,BlockedShot
694873,La_liga,Real Sociedad,Atletico Madrid,1,61,Carlos Soler,0.7030000305175781,0.5609999847412109,0.021687990054488182,RightFoot,FromCorner,SavedShot
694880,La_liga,Real Sociedad,Atletico Madrid,1,92,Luka Sucic,0.7269999694824218,0.37099998474121093,0.014553280547261238,LeftFoot,OpenPlay,SavedShot
694861,La_liga,Atletico Madrid,Real Sociedad,0,4,Lee Kang-In,0.835999984741211,0.34599998474121096,0.039118245244026184,LeftFoot,OpenPlay,MissedShots
694862,La_liga,Atletico Madrid,Real Sociedad,0,19,Álex Baena,0.7130000305175781,0.5159999847412109,0.04927527531981468,RightFoot,DirectFreekick,BlockedShot
694863,La_liga,Atletico Madrid,Real Sociedad,0,23,Morten Hjulmand,0.870999984741211,0.47400001525878904,0.051619622856378555,Head,SetPiece,MissedShots
694867,La_liga,Atletico Madrid,Real Sociedad,0,41,David Hancko,0.8419999694824218,0.6419999694824219,0.043680332601070404,RightFoot,FromCorner,MissedShots
694870,La_liga,Atletico Madrid,Real Sociedad,0,49,Giuliano Simeone,0.7930000305175782,0.43,0.043555647134780884,LeftFoot,OpenPlay,BlockedShot
694871,La_liga,Atletico Madrid,Real Sociedad,0,49,Álex Baena,0.8340000152587891,0.7609999847412109,0.020650764927268028,RightFoot,OpenPlay,MissedShots
694874,La_liga,Atletico Madrid,Real Sociedad,0,62,Álex Grimaldo,0.8119999694824219,0.5870000076293945,0.04899223893880844,LeftFoot,OpenPlay,SavedShot
694875,La_liga,Atletico Madrid,Real Sociedad,0,69,Johnny Cardoso,0.8040000152587891,0.615,0.03504360094666481,RightFoot,OpenPlay,MissedShots
694876,La_liga,Atletico Madrid,Real Sociedad,0,76,Jonathan Christian David,0.8480000305175781,0.620999984741211,0.07979406416416168,RightFoot,OpenPlay,SavedShot
694877,La_liga,Atletico Madrid,Real Sociedad,0,77,Morten Hjulmand,0.9290000152587891,0.5120000076293946,0.06906933337450027,Head,FromCorner,MissedShots
694878,La_liga,Atletico Madrid,Real Sociedad,0,83,Álex Grimaldo,0.885,0.5,0.7428922057151794,LeftFoot,Penalty,Goal
694879,La_liga,Atletico Madrid,Real Sociedad,0,89,Jonathan Christian David,0.8640000152587891,0.46799999237060547,0.3354540765285492,LeftFoot,OpenPlay,Goal
694881,La_liga,Atletico Madrid,Real Sociedad,0,94,Giuliano Simeone,0.8590000152587891,0.4759999847412109,0.2749660611152649,RightFoot,OpenPlay,Goal
694976,La_liga,Villarreal,Real Betis,1,7,Nicolas Pepe,0.745,0.23399999618530273,0.012717971578240395,LeftFoot,OpenPlay,MissedShots
694979,La_liga,Villarreal,Real Betis,1,10,Santiago Comesaña,0.9359999847412109,0.534000015258789,0.5895065665245056,RightFoot,OpenPlay,SavedShot
694980,La_liga,Villarreal,Real Betis,1,10,Georges Mikautadze,0.9059999847412109,0.534000015258789,0.13055714964866638,RightFoot,OpenPlay,SavedShot
694984,La_liga,Villarreal,Real Betis,1,25,Carlos Romero,0.874000015258789,0.6669999694824219,0.09719400852918625,LeftFoot,OpenPlay,BlockedShot
694985,La_liga,Villarreal,Real Betis,1,27,Georges Mikautadze,0.955999984741211,0.68,0.04915275424718857,LeftFoot,FromCorner,SavedShot
694986,La_liga,Villarreal,Real Betis,1,28,Gerard Moreno,0.955,0.5379999923706055,0.5006737112998962,LeftFoot,FromCorner,Goal
694990,La_liga,Villarreal,Real Betis,1,36,Nicolas Pepe,0.865,0.37,0.07642574608325958,LeftFoot,OpenPlay,SavedShot
694991,La_liga,Villarreal,Real Betis,1,36,Tajon Buchanan,0.85,0.7609999847412109,0.029869019985198975,RightFoot,OpenPlay,SavedShot
694999,La_liga,Villarreal,Real Betis,1,51,Tajon Buchanan,0.865,0.8030000305175782,0.01995115727186203,RightFoot,OpenPlay,MissedShots
695002,La_liga,Villarreal,Real Betis,1,57,Alberto Moleiro,0.7969999694824219,0.6630000305175782,0.027659419924020767,RightFoot,OpenPlay,MissedShots
695003,La_liga,Villarreal,Real Betis,1,64,Georges Mikautadze,0.8680000305175781,0.715,0.03153253719210625,RightFoot,OpenPlay,SavedShot
695009,La_liga,Villarreal,Real Betis,1,78,Alberto Moleiro,0.8619999694824219,0.4209999847412109,0.08272366970777512,RightFoot,OpenPlay,BlockedShot
695010,La_liga,Villarreal,Real Betis,1,78,Tani Oluwaseyi,0.92,0.455,0.04257901757955551,Head,FromCorner,MissedShots
695011,La_liga,Villarreal,Real Betis,1,78,Georges Mikautadze,0.9480000305175781,0.5729999923706055,0.0628754124045372,LeftFoot,FromCorner,SavedShot
694977,La_liga,Real Betis,Villarreal,0,9,Héctor Bellerín,0.8530000305175781,0.3529999923706055,0.04141908884048462,RightFoot,FromCorner,BlockedShot
694978,La_liga,Real Betis,Villarreal,0,9,Héctor Bellerín,0.8669999694824219,0.39799999237060546,0.07299962639808655,LeftFoot,FromCorner,SavedShot
694981,La_liga,Real Betis,Villarreal,0,12,Pablo Fornals,0.9030000305175782,0.49200000762939455,0.12994273006916046,LeftFoot,OpenPlay,BlockedShot
694982,La_liga,Real Betis,Villarreal,0,16,Isco,0.825,0.5479999923706055,0.06833238899707794,RightFoot,OpenPlay,BlockedShot
694983,La_liga,Real Betis,Villarreal,0,16,Abdessamad Ezzalzouli,0.7619999694824219,0.6220000076293946,0.024456946179270744,RightFoot,OpenPlay,BlockedShot
694987,La_liga,Real Betis,Villarreal,0,29,Juan Camilo Hernández,0.914000015258789,0.5620000076293945,0.26936227083206177,Head,OpenPlay,SavedShot
694988,La_liga,Real Betis,Villarreal,0,30,Pablo Fornals,0.7819999694824219,0.7140000152587891,0.023474831134080887,RightFoot,FromCorner,BlockedShot
694989,La_liga,Real Betis,Villarreal,0,33,Pablo Fornals,0.9280000305175782,0.285,0.04088931530714035,RightFoot,OpenPlay,BlockedShot
694992,La_liga,Real Betis,Villarreal,0,38,Abdessamad Ezzalzouli,0.9159999847412109,0.7090000152587891,0.06128893047571182,RightFoot,OpenPlay,SavedShot
694993,La_liga,Real Betis,Villarreal,0,38,Juan Camilo Hernández,0.9519999694824218,0.5020000076293946,0.6379470825195312,LeftFoot,OpenPlay,Goal
694994,La_liga,Real Betis,Villarreal,0,39,Isco,0.8109999847412109,0.4279999923706055,0.05436309427022934,LeftFoot,OpenPlay,BlockedShot
694995,La_liga,Real Betis,Villarreal,0,39,Rodrigo Riquelme,0.8869999694824219,0.4620000076293945,0.1121540516614914,LeftFoot,OpenPlay,BlockedShot
694996,La_liga,Real Betis,Villarreal,0,41,Isco,0.78,0.6969999694824218,0.023338478058576584,RightFoot,OpenPlay,BlockedShot
694997,La_liga,Real Betis,Villarreal,0,42,Abdessamad Ezzalzouli,0.8980000305175782,0.44,0.028658322989940643,Head,FromCorner,MissedShots
694998,La_liga,Real Betis,Villarreal,0,42,Natan,0.9169999694824219,0.5159999847412109,0.5054745674133301,LeftFoot,FromCorner,Goal
695000,La_liga,Real Betis,Villarreal,0,52,Rodrigo Riquelme,0.8969999694824219,0.27100000381469724,0.045696716755628586,RightFoot,OpenPlay,BlockedShot
695001,La_liga,Real Betis,Villarreal,0,55,Juan Camilo Hernández,0.950999984741211,0.529000015258789,0.6317744851112366,RightFoot,OpenPlay,SavedShot
695004,La_liga,Real Betis,Villarreal,0,67,Antony,0.855,0.5829999923706055,0.09837860614061356,LeftFoot,OpenPlay,SavedShot
695005,La_liga,Real Betis,Villarreal,0,69,Nelson Deossa,0.975,0.33299999237060546,0.20202623307704926,LeftFoot,OpenPlay,SavedShot
695006,La_liga,Real Betis,Villarreal,0,76,Antony,0.8930000305175781,0.37799999237060544,0.32684168219566345,RightFoot,OpenPlay,SavedShot
695007,La_liga,Real Betis,Villarreal,0,76,Antony,0.924000015258789,0.295,0.10979222506284714,LeftFoot,OpenPlay,BlockedShot
695008,La_liga,Real Betis,Villarreal,0,77,Juan Camilo Hernández,0.835999984741211,0.5079999923706054,0.17645041644573212,RightFoot,OpenPlay,MissedShots
695012,La_liga,Real Betis,Villarreal,0,84,Nelson Deossa,0.875999984741211,0.6969999694824218,0.11472499370574951,LeftFoot,OpenPlay,MissedShots
695013,La_liga,Real Betis,Villarreal,0,85,Nelson Deossa,0.7580000305175781,0.30700000762939456,0.02194793149828911,LeftFoot,OpenPlay,SavedShot
695014,La_liga,Real Betis,Villarreal,0,86,Antony,0.8540000152587891,0.2539999961853027,0.035796958953142166,LeftFoot,OpenPlay,SavedShot
695015,La_liga,Real Betis,Villarreal,0,87,Héctor Bellerín,0.8959999847412109,0.3609999847412109,0.2996826767921448,RightFoot,OpenPlay,SavedShot
695039,La_liga,Rayo Vallecano,Espanyol,1,2,Pedro Díaz,0.9280000305175782,0.5179999923706055,0.12037055194377899,RightFoot,OpenPlay,BlockedShot
695040,La_liga,Rayo Vallecano,Espanyol,1,2,Álvaro García,0.9490000152587891,0.4809999847412109,0.6016514897346497,LeftFoot,OpenPlay,Goal
695043,La_liga,Rayo Vallecano,Espanyol,1,22,Florian Lejeune,0.8540000152587891,0.6430000305175781,0.0219362061470747,LeftFoot,FromCorner,BlockedShot
695045,La_liga,Rayo Vallecano,Espanyol,1,25,Adrià Pedrosa,0.95,0.6519999694824219,0.0967966616153717,LeftFoot,OpenPlay,Goal
695046,La_liga,Rayo Vallecano,Espanyol,1,33,Giorgi Tsitaishvili,0.7809999847412109,0.28600000381469726,0.031169891357421875,LeftFoot,OpenPlay,MissedShots
695047,La_liga,Rayo Vallecano,Espanyol,1,35,Sergio Camello,0.865999984741211,0.40599998474121096,0.12037831544876099,RightFoot,OpenPlay,MissedShots
695048,La_liga,Rayo Vallecano,Espanyol,1,42,Andrei Ratiu,0.9169999694824219,0.5520000076293945,0.050071559846401215,Head,SetPiece,MissedShots
695049,La_liga,Rayo Vallecano,Espanyol,1,43,Adrià Pedrosa,0.7219999694824218,0.5670000076293945,0.014157897792756557,LeftFoot,SetPiece,MissedShots
695051,La_liga,Rayo Vallecano,Espanyol,1,45,Giorgi Tsitaishvili,0.860999984741211,0.2879999923706055,0.05798988416790962,LeftFoot,OpenPlay,MissedShots
695052,La_liga,Rayo Vallecano,Espanyol,1,46,Sergio Camello,0.9030000305175782,0.47099998474121096,0.4349474012851715,RightFoot,OpenPlay,ShotOnPost
695053,La_liga,Rayo Vallecano,Espanyol,1,47,Pedro Díaz,0.544000015258789,0.42400001525878905,0.012158067896962166,RightFoot,OpenPlay,MissedShots
695055,La_liga,Rayo Vallecano,Espanyol,1,46,Unai López,0.7930000305175782,0.37099998474121093,0.09547992050647736,RightFoot,DirectFreekick,MissedShots
695058,La_liga,Rayo Vallecano,Espanyol,1,52,Andrei Ratiu,0.7430000305175781,0.30700000762939456,0.03026987798511982,RightFoot,OpenPlay,BlockedShot
695064,La_liga,Rayo Vallecano,Espanyol,1,65,Giorgi Tsitaishvili,0.9,0.3940000152587891,0.09263061732053757,LeftFoot,OpenPlay,BlockedShot
695067,La_liga,Rayo Vallecano,Espanyol,1,78,Pedro Díaz,0.715999984741211,0.42,0.02330002933740616,RightFoot,OpenPlay,MissedShots
695073,La_liga,Rayo Vallecano,Espanyol,1,98,Florian Lejeune,0.6840000152587891,0.705999984741211,0.02949075773358345,RightFoot,DirectFreekick,MissedShots
695041,La_liga,Espanyol,Rayo Vallecano,0,16,Roberto Fernández,0.91,0.5409999847412109,0.087550587952137,LeftFoot,OpenPlay,MissedShots
695042,La_liga,Espanyol,Rayo Vallecano,0,19,Rafael Bauza,0.7119999694824218,0.7030000305175781,0.013394296169281006,RightFoot,OpenPlay,MissedShots
695044,La_liga,Espanyol,Rayo Vallecano,0,24,Javi Hernández,0.904000015258789,0.4570000076293945,0.08200976252555847,RightFoot,OpenPlay,MissedShots
695050,La_liga,Espanyol,Rayo Vallecano,0,44,Gabriel Moscardo,0.8769999694824219,0.544000015258789,0.06749135255813599,RightFoot,OpenPlay,BlockedShot
695054,La_liga,Espanyol,Rayo Vallecano,0,48,Roger Hinojo,0.8130000305175781,0.539000015258789,0.05341421812772751,LeftFoot,OpenPlay,MissedShots
695056,La_liga,Espanyol,Rayo Vallecano,0,48,Marcos Fernández,0.8590000152587891,0.47299999237060547,0.08966577053070068,RightFoot,OpenPlay,BlockedShot
695057,La_liga,Espanyol,Rayo Vallecano,0,50,Javi Hernández,0.8669999694824219,0.545,0.12685102224349976,LeftFoot,OpenPlay,BlockedShot
695059,La_liga,Espanyol,Rayo Vallecano,0,53,Roberto Fernández,0.9109999847412109,0.6759999847412109,0.1829671412706375,RightFoot,OpenPlay,Goal
695060,La_liga,Espanyol,Rayo Vallecano,0,57,Clemens Riedel,0.7380000305175781,0.4470000076293945,0.009174153208732605,RightFoot,OpenPlay,SavedShot
695061,La_liga,Espanyol,Rayo Vallecano,0,58,Bryan Zaragoza,0.8480000305175781,0.7440000152587891,0.02449926733970642,RightFoot,OpenPlay,SavedShot
695062,La_liga,Espanyol,Rayo Vallecano,0,59,Marcos Fernández,0.8440000152587891,0.3679999923706055,0.08294765651226044,RightFoot,OpenPlay,BlockedShot
695063,La_liga,Espanyol,Rayo Vallecano,0,62,Javi Hernández,0.775,0.6409999847412109,0.027125798165798187,RightFoot,OpenPlay,SavedShot
695065,La_liga,Espanyol,Rayo Vallecano,0,67,Edu Expósito,0.8130000305175781,0.47400001525878904,0.06846652179956436,LeftFoot,OpenPlay,MissedShots
695066,La_liga,Espanyol,Rayo Vallecano,0,68,Edu Expósito,0.960999984741211,0.40799999237060547,0.07937926054000854,LeftFoot,OpenPlay,MissedShots
695068,La_liga,Espanyol,Rayo Vallecano,0,80,Urko Gonzalez,0.8190000152587891,0.34799999237060547,0.015046052634716034,RightFoot,SetPiece,BlockedShot
695069,La_liga,Espanyol,Rayo Vallecano,0,84,Edu Expósito,0.7330000305175781,0.5220000076293946,0.015463031828403473,RightFoot,OpenPlay,BlockedShot
695070,La_liga,Espanyol,Rayo Vallecano,0,87,Bryan Zaragoza,0.9059999847412109,0.705999984741211,0.02358214557170868,RightFoot,OpenPlay,MissedShots
695071,La_liga,Espanyol,Rayo Vallecano,0,91,Marcos Fernández,0.8880000305175781,0.65,0.042920783162117004,RightFoot,OpenPlay,BlockedShot
695072,La_liga,Espanyol,Rayo Vallecano,0,96,Leandro Cabrera,0.9290000152587891,0.5,0.06534826010465622,Head,FromCorner,BlockedShot
695079,La_liga,Alaves,Valencia,1,24,Lucas Boyé,0.905,0.634000015258789,0.11193129420280457,LeftFoot,OpenPlay,MissedShots
695080,La_liga,Alaves,Valencia,1,26,Pablo Ibáñez,0.879000015258789,0.3129999923706055,0.05399049073457718,LeftFoot,OpenPlay,MissedShots
695081,La_liga,Alaves,Valencia,1,32,Ángel Pérez,0.8830000305175781,0.3039999961853027,0.05321416258811951,RightFoot,OpenPlay,BlockedShot
695082,La_liga,Alaves,Valencia,1,38,Antonio Martínez,0.8809999847412109,0.7119999694824218,0.09169335663318634,LeftFoot,OpenPlay,MissedShots
695083,La_liga,Alaves,Valencia,1,39,Pablo Ibáñez,0.9269999694824219,0.4590000152587891,0.3897528648376465,Head,OpenPlay,MissedShots
695084,La_liga,Alaves,Valencia,1,43,Antonio Martínez,0.6559999847412109,0.28200000762939453,0.006948268972337246,RightFoot,OpenPlay,MissedShots
695085,La_liga,Alaves,Valencia,1,47,Ángel Pérez,0.825,0.34799999237060547,0.030576756224036217,RightFoot,SetPiece,SavedShot
695086,La_liga,Alaves,Valencia,1,47,Ville Koski,0.924000015258789,0.575,0.2883780002593994,Head,SetPiece,SavedShot
695088,La_liga,Alaves,Valencia,1,56,Antonio Martínez,0.840999984741211,0.5270000076293946,0.07491065561771393,RightFoot,OpenPlay,MissedShots
695089,La_liga,Alaves,Valencia,1,59,Lucas Boyé,0.8369999694824218,0.3679999923706055,0.04603261500597,RightFoot,OpenPlay,BlockedShot
695090,La_liga,Alaves,Valencia,1,70,Abderrahmane Rebbach,0.875999984741211,0.6609999847412109,0.06308334320783615,RightFoot,OpenPlay,BlockedShot
695094,La_liga,Alaves,Valencia,1,85,Pablo Ibáñez,0.915,0.2560000038146973,0.03159818425774574,RightFoot,OpenPlay,MissedShots
695096,La_liga,Alaves,Valencia,1,90,Youssef Lekhedim,0.73,0.6919999694824219,0.015313844196498394,LeftFoot,OpenPlay,MissedShots
695097,La_liga,Alaves,Valencia,1,91,Lucas Boyé,0.9019999694824219,0.42200000762939455,0.023203786462545395,Head,OpenPlay,SavedShot
695098,La_liga,Alaves,Valencia,1,93,Lucas Boyé,0.8190000152587891,0.605,0.03775980696082115,RightFoot,OpenPlay,BlockedShot
695074,La_liga,Valencia,Alaves,0,5,Javier Guerra,0.7669999694824219,0.58,0.04121267795562744,RightFoot,OpenPlay,BlockedShot
695075,La_liga,Valencia,Alaves,0,15,Guido Rodríguez,0.789000015258789,0.555,0.05052443966269493,RightFoot,OpenPlay,MissedShots
695076,La_liga,Valencia,Alaves,0,20,Pablo Maffeo,0.775,0.4809999847412109,0.024212146177887917,RightFoot,FromCorner,SavedShot
695077,La_liga,Valencia,Alaves,0,21,Hugo Duro,0.95,0.6680000305175782,0.05363385006785393,LeftFoot,OpenPlay,BlockedShot
695078,La_liga,Valencia,Alaves,0,22,Hugo Duro,0.8930000305175781,0.47400001525878904,0.05978891998529434,Head,FromCorner,BlockedShot
695087,La_liga,Valencia,Alaves,0,51,Arnaut Danjuma Groeneveld,0.725999984741211,0.4909999847412109,0.015267007984220982,RightFoot,FromCorner,BlockedShot
695091,La_liga,Valencia,Alaves,0,73,Javier Guerra,0.8090000152587891,0.4909999847412109,0.051909592002630234,RightFoot,OpenPlay,BlockedShot
695092,La_liga,Valencia,Alaves,0,77,Luis Rioja,0.8830000305175781,0.4759999847412109,0.40567031502723694,RightFoot,OpenPlay,Goal
695093,La_liga,Valencia,Alaves,0,83,David Otorbi,0.8869999694824219,0.30700000762939456,0.07762391865253448,RightFoot,OpenPlay,MissedShots
695095,La_liga,Valencia,Alaves,0,86,Arnaut Danjuma Groeneveld,0.9290000152587891,0.27100000381469724,0.059647053480148315,RightFoot,OpenPlay,SavedShot
695100,La_liga,Elche,Real Madrid,1,3,German Valera,0.740999984741211,0.39,0.017608556896448135,LeftFoot,OpenPlay,BlockedShot
695101,La_liga,Elche,Real Madrid,1,7,Tete Morente,0.8640000152587891,0.36400001525878906,0.039407435804605484,RightFoot,OpenPlay,MissedShots
695103,La_liga,Elche,Real Madrid,1,16,Abiel Osorio,0.8590000152587891,0.5429999923706055,0.09451383352279663,LeftFoot,OpenPlay,MissedShots
695106,La_liga,Elche,Real Madrid,1,24,Matías Dituro,0.01,0.49900001525878906,0,OtherBodyPart,SetPiece,OwnGoal
695110,La_liga,Elche,Real Madrid,1,42,Abiel Osorio,0.9130000305175782,0.605999984741211,0.10384848713874817,LeftFoot,OpenPlay,MissedShots
695112,La_liga,Elche,Real Madrid,1,46,Tete Morente,0.799000015258789,0.8280000305175781,0.011813201010227203,RightFoot,OpenPlay,SavedShot
695114,La_liga,Elche,Real Madrid,1,48,Abiel Osorio,0.9290000152587891,0.5359999847412109,0.0851689949631691,LeftFoot,OpenPlay,BlockedShot
695115,La_liga,Elche,Real Madrid,1,53,Martim Neto,0.8119999694824219,0.505,0.06423849612474442,LeftFoot,OpenPlay,MissedShots
695117,La_liga,Elche,Real Madrid,1,58,Martim Neto,0.9359999847412109,0.2929999923706055,0.04402263090014458,RightFoot,OpenPlay,MissedShots
695120,La_liga,Elche,Real Madrid,1,62,Tete Morente,0.76,0.644000015258789,0.017080623656511307,RightFoot,OpenPlay,MissedShots
695122,La_liga,Elche,Real Madrid,1,70,Abiel Osorio,0.9480000305175781,0.46799999237060547,0.505294680595398,Head,OpenPlay,Goal
695125,La_liga,Elche,Real Madrid,1,82,Fernando Niño,0.899000015258789,0.34200000762939453,0.06922534853219986,RightFoot,OpenPlay,Goal
695099,La_liga,Real Madrid,Elche,0,1,Vinícius Júnior,0.9119999694824219,0.6359999847412109,0.3597186803817749,RightFoot,OpenPlay,MissedShots
695102,La_liga,Real Madrid,Elche,0,10,Dean Huijsen,0.9290000152587891,0.505,0.12449215352535248,Head,FromCorner,SavedShot
695104,La_liga,Real Madrid,Elche,0,20,Vinícius Júnior,0.8419999694824218,0.5120000076293946,0.06920763105154037,RightFoot,OpenPlay,MissedShots
695105,La_liga,Real Madrid,Elche,0,24,Arda Güler,0.735,0.3679999923706055,0.05271565541625023,LeftFoot,DirectFreekick,ShotOnPost
695107,La_liga,Real Madrid,Elche,0,32,Kylian Mbappe-Lottin,0.905,0.51,0.3599407374858856,RightFoot,OpenPlay,Goal
695108,La_liga,Real Madrid,Elche,0,37,Vinícius Júnior,0.8959999847412109,0.6559999847412109,0.11554243415594101,LeftFoot,OpenPlay,SavedShot
695109,La_liga,Real Madrid,Elche,0,37,Arda Güler,0.955,0.515,0.8561605215072632,LeftFoot,OpenPlay,MissedShots
695111,La_liga,Real Madrid,Elche,0,44,Vinícius Júnior,0.94,0.7080000305175781,0.08918251097202301,LeftFoot,OpenPlay,MissedShots
695113,La_liga,Real Madrid,Elche,0,45,Kylian Mbappe-Lottin,0.924000015258789,0.6090000152587891,0.05376473814249039,Head,OpenPlay,MissedShots
695116,La_liga,Real Madrid,Elche,0,57,Ibrahima Konaté,0.8969999694824219,0.534000015258789,0.09077458828687668,Head,SetPiece,MissedShots
695118,La_liga,Real Madrid,Elche,0,60,Kylian Mbappe-Lottin,0.7930000305175782,0.654000015258789,0.03244871273636818,RightFoot,OpenPlay,BlockedShot
695119,La_liga,Real Madrid,Elche,0,61,Arda Güler,0.7730000305175782,0.765,0.021078035235404968,LeftFoot,FromCorner,MissedShots
695121,La_liga,Real Madrid,Elche,0,64,Vinícius Júnior,0.8490000152587891,0.6170000076293946,0.27457061409950256,RightFoot,OpenPlay,MissedShots
695123,La_liga,Real Madrid,Elche,0,75,Yan Diomande,0.8680000305175781,0.6120000076293945,0.09646833688020706,RightFoot,OpenPlay,BlockedShot
695124,La_liga,Real Madrid,Elche,0,78,Trent Alexander-Arnold,0.8,0.7480000305175781,0.06075882911682129,RightFoot,DirectFreekick,MissedShots
695126,La_liga,Real Madrid,Elche,0,84,Kylian Mbappe-Lottin,0.899000015258789,0.7090000152587891,0.037718579173088074,RightFoot,OpenPlay,BlockedShot
695127,La_liga,Real Madrid,Elche,0,85,Jude Bellingham,0.7340000152587891,0.47900001525878905,0.01565844565629959,LeftFoot,OpenPlay,BlockedShot
695128,La_liga,Real Madrid,Elche,0,89,Endrick,0.895,0.5559999847412109,0.12077231705188751,LeftFoot,OpenPlay,BlockedShot
695129,La_liga,Real Madrid,Elche,0,89,Carlos Espí,0.8690000152587891,0.4640000152587891,0.1065257117152214,RightFoot,OpenPlay,MissedShots
695130,La_liga,Real Madrid,Elche,0,90,Carlos Espí,0.9480000305175781,0.47,0.6226292252540588,RightFoot,OpenPlay,Goal
695180,La_liga,Atletico Madrid,Osasuna,1,9,Ademola Lookman,0.9790000152587891,0.5570000076293945,0.5786248445510864,Head,OpenPlay,MissedShots
695181,La_liga,Atletico Madrid,Osasuna,1,11,Lee Kang-In,0.884000015258789,0.38799999237060545,0.12045934796333313,LeftFoot,OpenPlay,SavedShot
695183,La_liga,Atletico Madrid,Osasuna,1,16,Cristian Romero,0.9169999694824219,0.46,0.06254735589027405,Head,OpenPlay,MissedShots
695184,La_liga,Atletico Madrid,Osasuna,1,19,Álex Baena,0.870999984741211,0.46,0.10844089835882187,RightFoot,OpenPlay,MissedShots
695185,La_liga,Atletico Madrid,Osasuna,1,19,Álex Grimaldo,0.8780000305175781,0.524000015258789,0.373259037733078,RightFoot,OpenPlay,BlockedShot
695186,La_liga,Atletico Madrid,Osasuna,1,23,Jonathan Christian David,0.899000015258789,0.40400001525878904,0.38974231481552124,RightFoot,OpenPlay,SavedShot
695187,La_liga,Atletico Madrid,Osasuna,1,23,Jonathan Christian David,0.9569999694824218,0.45799999237060546,0.6323997974395752,RightFoot,OpenPlay,Goal
695188,La_liga,Atletico Madrid,Osasuna,1,27,Lee Kang-In,0.7609999847412109,0.2670000076293945,0.023411456495523453,LeftFoot,OpenPlay,BlockedShot
695189,La_liga,Atletico Madrid,Osasuna,1,29,Jonathan Christian David,0.830999984741211,0.5970000076293945,0.07312995940446854,RightFoot,OpenPlay,BlockedShot
695190,La_liga,Atletico Madrid,Osasuna,1,30,Jonathan Christian David,0.9009999847412109,0.315,0.06377162039279938,RightFoot,OpenPlay,BlockedShot
695191,La_liga,Atletico Madrid,Osasuna,1,33,Jonathan Christian David,0.885,0.4490000152587891,0.4760710895061493,RightFoot,OpenPlay,MissedShots
695192,La_liga,Atletico Madrid,Osasuna,1,35,Lee Kang-In,0.9290000152587891,0.43400001525878906,0.5216674208641052,RightFoot,OpenPlay,BlockedShot
695193,La_liga,Atletico Madrid,Osasuna,1,36,Ademola Lookman,0.975,0.59,0.41107943654060364,LeftFoot,OpenPlay,MissedShots
695194,La_liga,Atletico Madrid,Osasuna,1,36,Álex Baena,0.764000015258789,0.4929999923706055,0.05112164095044136,RightFoot,OpenPlay,MissedShots
695195,La_liga,Atletico Madrid,Osasuna,1,41,Lee Kang-In,0.7819999694824219,0.40599998474121096,0.03819424286484718,LeftFoot,OpenPlay,SavedShot
695196,La_liga,Atletico Madrid,Osasuna,1,41,Jonathan Christian David,0.970999984741211,0.44,0.6312480568885803,RightFoot,OpenPlay,SavedShot
695198,La_liga,Atletico Madrid,Osasuna,1,45,Álex Baena,0.7719999694824219,0.620999984741211,0.032109860330820084,RightFoot,OpenPlay,SavedShot
695199,La_liga,Atletico Madrid,Osasuna,1,51,Ademola Lookman,0.8519999694824218,0.595999984741211,0.09133689850568771,RightFoot,OpenPlay,BlockedShot
695200,La_liga,Atletico Madrid,Osasuna,1,53,Lee Kang-In,0.8869999694824219,0.3659999847412109,0.31741440296173096,RightFoot,OpenPlay,Goal
695201,La_liga,Atletico Madrid,Osasuna,1,61,Cristian Romero,0.7090000152587891,0.475,0.020621927455067635,RightFoot,OpenPlay,SavedShot
695202,La_liga,Atletico Madrid,Osasuna,1,62,Robin Le Normand,0.9080000305175782,0.6790000152587891,0.04701383411884308,RightFoot,FromCorner,Goal
695203,La_liga,Atletico Madrid,Osasuna,1,72,Lee Kang-In,0.749000015258789,0.3629999923706055,0.03317514806985855,LeftFoot,OpenPlay,SavedShot
695204,La_liga,Atletico Madrid,Osasuna,1,74,Álex Baena,0.7719999694824219,0.6029999923706054,0.020479677245020866,RightFoot,FromCorner,BlockedShot
695205,La_liga,Atletico Madrid,Osasuna,1,74,Marc Pubill,0.8680000305175781,0.5579999923706055,0.022988896816968918,Head,FromCorner,MissedShots
695206,La_liga,Atletico Madrid,Osasuna,1,77,Johnny Cardoso,0.9059999847412109,0.3890000152587891,0.038096196949481964,Head,FromCorner,BlockedShot
695207,La_liga,Atletico Madrid,Osasuna,1,80,Álex Grimaldo,0.685,0.5840000152587891,0.01991516724228859,LeftFoot,OpenPlay,MissedShots
695208,La_liga,Atletico Madrid,Osasuna,1,81,Álex Baena,0.8690000152587891,0.4620000076293945,0.4698733687400818,RightFoot,OpenPlay,Goal
695182,La_liga,Osasuna,Atletico Madrid,0,12,Raul García,0.884000015258789,0.4420000076293945,0.5733860731124878,RightFoot,OpenPlay,SavedShot
695197,La_liga,Osasuna,Atletico Madrid,0,43,Raul Moro,0.8490000152587891,0.3390000152587891,0.07004812359809875,LeftFoot,OpenPlay,BlockedShot
695209,La_liga,Osasuna,Atletico Madrid,0,83,Unai Santos,0.8859999847412109,0.5059999847412109,0.07449163496494293,Head,SetPiece,MissedShots
695214,La_liga,Deportivo La Coruna,Sevilla,1,39,Bil Nsongo,0.8240000152587891,0.5259999847412109,0.06407540291547775,RightFoot,OpenPlay,SavedShot
695218,La_liga,Deportivo La Coruna,Sevilla,1,68,Jonathan Asp Jensen,0.904000015258789,0.6120000076293945,0.09367775171995163,LeftFoot,OpenPlay,SavedShot
695219,La_liga,Deportivo La Coruna,Sevilla,1,69,Jonathan Asp Jensen,0.76,0.5570000076293945,0.01973145268857479,RightFoot,FromCorner,SavedShot
695223,La_liga,Deportivo La Coruna,Sevilla,1,90,Mario Soriano,0.6980000305175781,0.500999984741211,0.014686644077301025,RightFoot,OpenPlay,MissedShots
695210,La_liga,Sevilla,Deportivo La Coruna,0,13,Lucas Stassin,0.6919999694824219,0.34700000762939454,0.011355654336512089,RightFoot,OpenPlay,BlockedShot
695211,La_liga,Sevilla,Deportivo La Coruna,0,16,Miguel Sierra,0.8230000305175781,0.35200000762939454,0.03565189242362976,LeftFoot,OpenPlay,SavedShot
695212,La_liga,Sevilla,Deportivo La Coruna,0,21,Felix Correia,0.7819999694824219,0.5559999847412109,0.03758930414915085,RightFoot,OpenPlay,SavedShot
695213,La_liga,Sevilla,Deportivo La Coruna,0,33,Lucien Agoume,0.8640000152587891,0.3139999961853027,0.03787848725914955,RightFoot,OpenPlay,MissedShots
695215,La_liga,Sevilla,Deportivo La Coruna,0,51,Lucas Stassin,0.8619999694824219,0.615,0.09492602944374084,RightFoot,OpenPlay,SavedShot
695216,La_liga,Sevilla,Deportivo La Coruna,0,51,Miguel Sierra,0.860999984741211,0.44099998474121094,0.127324178814888,RightFoot,OpenPlay,Goal
695217,La_liga,Sevilla,Deportivo La Coruna,0,68,Jon Guridi,0.905,0.485,0.030813181772828102,Head,FromCorner,MissedShots
695220,La_liga,Sevilla,Deportivo La Coruna,0,71,Lucas Stassin,0.9340000152587891,0.38299999237060545,0.37412169575691223,RightFoot,OpenPlay,SavedShot
695221,La_liga,Sevilla,Deportivo La Coruna,0,75,Lucas Stassin,0.774000015258789,0.4779999923706055,0.038217879831790924,RightFoot,OpenPlay,MissedShots
695222,La_liga,Sevilla,Deportivo La Coruna,0,81,Kike Salas,0.6959999847412109,0.49,0.018467597663402557,LeftFoot,OpenPlay,SavedShot
695224,La_liga,Sevilla,Deportivo La Coruna,0,91,Giorgi Kochorashvili,0.784000015258789,0.625999984741211,0.05898424983024597,RightFoot,OpenPlay,BlockedShot
695273,La_liga,Barcelona,Racing Santander,1,2,João Cancelo,0.8619999694824219,0.6959999847412109,0.04484361782670021,RightFoot,OpenPlay,BlockedShot
695274,La_liga,Barcelona,Racing Santander,1,4,Dani Olmo,0.7480000305175781,0.3129999923706055,0.015475254505872726,RightFoot,OpenPlay,MissedShots
695275,La_liga,Barcelona,Racing Santander,1,6,Rodri,0.9080000305175782,0.5429999923706055,0.08594748377799988,Head,FromCorner,MissedShots
695276,La_liga,Barcelona,Racing Santander,1,7,Raphinha,0.909000015258789,0.5740000152587891,0.08987410366535187,LeftFoot,OpenPlay,SavedShot
695277,La_liga,Barcelona,Racing Santander,1,7,João Cancelo,0.7390000152587891,0.6609999847412109,0.01932930387556553,RightFoot,OpenPlay,Goal
695278,La_liga,Barcelona,Racing Santander,1,10,Karim Adeyemi,0.8330000305175781,0.6759999847412109,0.047026053071022034,RightFoot,OpenPlay,MissedShots
695279,La_liga,Barcelona,Racing Santander,1,12,Raphinha,0.710999984741211,0.675,0.038251012563705444,LeftFoot,DirectFreekick,BlockedShot
695280,La_liga,Barcelona,Racing Santander,1,15,Dani Olmo,0.9619999694824218,0.34900001525878904,0.3407832980155945,RightFoot,OpenPlay,MissedShots
695281,La_liga,Barcelona,Racing Santander,1,18,Karim Adeyemi,0.88,0.5829999923706055,0.35715794563293457,LeftFoot,OpenPlay,MissedShots
695282,La_liga,Barcelona,Racing Santander,1,20,Raphinha,0.9390000152587891,0.5470000076293945,0.6834532618522644,LeftFoot,OpenPlay,BlockedShot
695283,La_liga,Barcelona,Racing Santander,1,24,Raphinha,0.885,0.5,0.7432776093482971,LeftFoot,Penalty,Goal
695284,La_liga,Barcelona,Racing Santander,1,27,Andreas Christensen,0.9740000152587891,0.46299999237060546,0.6096033453941345,Head,FromCorner,MissedShots
695285,La_liga,Barcelona,Racing Santander,1,28,Lamine Yamal,0.9119999694824219,0.3039999961853027,0.06962478160858154,LeftFoot,OpenPlay,BlockedShot
695287,La_liga,Barcelona,Racing Santander,1,35,João Cancelo,0.6780000305175782,0.6880000305175781,0.012588516809046268,RightFoot,FromCorner,MissedShots
695289,La_liga,Barcelona,Racing Santander,1,38,Andreas Christensen,0.9540000152587891,0.5640000152587891,0.06561680138111115,Head,FromCorner,BlockedShot
695290,La_liga,Barcelona,Racing Santander,1,41,Raphinha,0.8569999694824219,0.5529999923706055,0.27874961495399475,LeftFoot,OpenPlay,Goal
695291,La_liga,Barcelona,Racing Santander,1,44,Lamine Yamal,0.885,0.5,0.7432776093482971,LeftFoot,Penalty,SavedShot
695292,La_liga,Barcelona,Racing Santander,1,45,Karim Adeyemi,0.9880000305175781,0.5,0.8274900913238525,Head,FromCorner,MissedShots
695293,La_liga,Barcelona,Racing Santander,1,46,Karim Adeyemi,0.9630000305175781,0.6809999847412109,0.10503558069467545,LeftFoot,OpenPlay,SavedShot
695295,La_liga,Barcelona,Racing Santander,1,48,Karim Adeyemi,0.9119999694824219,0.49900001525878906,0.09964625537395477,Head,FromCorner,MissedShots
695296,La_liga,Barcelona,Racing Santander,1,49,Karim Adeyemi,0.8869999694824219,0.6969999694824218,0.12012509256601334,RightFoot,OpenPlay,MissedShots
695298,La_liga,Barcelona,Racing Santander,1,50,Lamine Yamal,0.875,0.3840000152587891,0.09410633146762848,LeftFoot,OpenPlay,ShotOnPost
695299,La_liga,Barcelona,Racing Santander,1,62,Lamine Yamal,0.8140000152587891,0.49599998474121093,0.08085759729146957,LeftFoot,OpenPlay,MissedShots
695301,La_liga,Barcelona,Racing Santander,1,66,Raphinha,0.885,0.5,0.7432776093482971,LeftFoot,Penalty,Goal
695302,La_liga,Barcelona,Racing Santander,1,74,Lamine Yamal,0.7619999694824219,0.3189999961853027,0.05883009359240532,LeftFoot,DirectFreekick,BlockedShot
695303,La_liga,Barcelona,Racing Santander,1,78,Gabriel Jesus,0.8619999694824219,0.6129999923706054,0.24618105590343475,RightFoot,OpenPlay,Goal
695304,La_liga,Barcelona,Racing Santander,1,83,Lamine Yamal,0.8109999847412109,0.46900001525878904,0.10306686162948608,LeftFoot,OpenPlay,MissedShots
695305,La_liga,Barcelona,Racing Santander,1,84,Karim Adeyemi,0.875999984741211,0.6730000305175782,0.2244419902563095,LeftFoot,OpenPlay,MissedShots
695307,La_liga,Barcelona,Racing Santander,1,88,Lamine Yamal,0.9019999694824219,0.5729999923706055,0.42037954926490784,LeftFoot,OpenPlay,Goal
695308,La_liga,Barcelona,Racing Santander,1,92,Karim Adeyemi,0.9009999847412109,0.625,0.10695862025022507,LeftFoot,OpenPlay,MissedShots
695286,La_liga,Racing Santander,Barcelona,0,29,Maguette Gueye,0.9109999847412109,0.4640000152587891,0.3514554798603058,RightFoot,OpenPlay,Goal
695288,La_liga,Racing Santander,Barcelona,0,35,Asier Villalibre,0.15600000381469725,0.36200000762939455,0,OtherBodyPart,FromCorner,OwnGoal
695294,La_liga,Racing Santander,Barcelona,0,50,Maguette Gueye,0.889000015258789,0.40099998474121096,0.0428442619740963,Head,SetPiece,MissedShots
695297,La_liga,Racing Santander,Barcelona,0,49,Juan Carlos Arana,0.884000015258789,0.42700000762939455,0.21714568138122559,LeftFoot,OpenPlay,MissedShots
695300,La_liga,Racing Santander,Barcelona,0,64,Yassir Zabiri,0.9919999694824219,0.47,0.685515284538269,LeftFoot,OpenPlay,Goal
695306,La_liga,Racing Santander,Barcelona,0,88,Yassir Zabiri,0.904000015258789,0.4540000152587891,0.08705991506576538,LeftFoot,OpenPlay,BlockedShot
695389,La_liga,Real Betis,Getafe,1,4,Troy Parrott,0.5379999923706055,0.4640000152587891,0.007675665896385908,RightFoot,OpenPlay,SavedShot
695390,La_liga,Real Betis,Getafe,1,14,Antony,0.9540000152587891,0.28899999618530275,0.05451800301671028,LeftFoot,OpenPlay,MissedShots
695391,La_liga,Real Betis,Getafe,1,20,Antony,0.845,0.3129999923706055,0.03174523264169693,LeftFoot,OpenPlay,SavedShot
695392,La_liga,Real Betis,Getafe,1,20,Antony,0.7859999847412109,0.315,0.020480060949921608,LeftFoot,OpenPlay,BlockedShot
695393,La_liga,Real Betis,Getafe,1,20,Facundo Bernal,0.7430000305175781,0.46799999237060547,0.015842312946915627,LeftFoot,OpenPlay,MissedShots
695395,La_liga,Real Betis,Getafe,1,27,Antony,0.7719999694824219,0.42400001525878905,0.02170853689312935,LeftFoot,FromCorner,SavedShot
695396,La_liga,Real Betis,Getafe,1,29,Isco,0.850999984741211,0.49700000762939456,0.10819865763187408,RightFoot,OpenPlay,BlockedShot
695397,La_liga,Real Betis,Getafe,1,30,Facundo Bernal,0.725999984741211,0.6669999694824219,0.014285164885222912,LeftFoot,OpenPlay,MissedShots
695399,La_liga,Real Betis,Getafe,1,33,Facundo Bernal,0.7219999694824218,0.375,0.011244909837841988,RightFoot,OpenPlay,BlockedShot
695400,La_liga,Real Betis,Getafe,1,35,Antony,0.7819999694824219,0.33099998474121095,0.029365800321102142,LeftFoot,OpenPlay,MissedShots
695401,La_liga,Real Betis,Getafe,1,40,Nelson Deossa,0.365,0.43,0.0067724743857979774,LeftFoot,OpenPlay,MissedShots
695402,La_liga,Real Betis,Getafe,1,44,Isco,0.785,0.6790000152587891,0.02366994321346283,RightFoot,OpenPlay,SavedShot
695403,La_liga,Real Betis,Getafe,1,44,Abdessamad Ezzalzouli,0.89,0.6029999923706054,0.468700110912323,RightFoot,OpenPlay,Goal
695404,La_liga,Real Betis,Getafe,1,47,Isco,0.8869999694824219,0.4209999847412109,0.08830250054597855,RightFoot,OpenPlay,BlockedShot
695405,La_liga,Real Betis,Getafe,1,48,Antony,0.785,0.3029999923706055,0.02504231408238411,LeftFoot,FromCorner,BlockedShot
695407,La_liga,Real Betis,Getafe,1,50,Isco,0.8980000305175782,0.575,0.4120469391345978,RightFoot,OpenPlay,MissedShots
695409,La_liga,Real Betis,Getafe,1,61,Nelson Deossa,0.7240000152587891,0.3189999961853027,0.015318138524889946,LeftFoot,OpenPlay,MissedShots
695411,La_liga,Real Betis,Getafe,1,74,Rodrigo Riquelme,0.9230000305175782,0.34400001525878904,0.1480613648891449,RightFoot,OpenPlay,SavedShot
695412,La_liga,Real Betis,Getafe,1,77,Antony,0.7419999694824219,0.34299999237060547,0.05279168859124184,LeftFoot,DirectFreekick,BlockedShot
695413,La_liga,Real Betis,Getafe,1,79,Antony,0.8809999847412109,0.600999984741211,0.40443673729896545,LeftFoot,OpenPlay,SavedShot
695414,La_liga,Real Betis,Getafe,1,84,Antony,0.9369999694824219,0.47900001525878905,0.6045293807983398,RightFoot,OpenPlay,BlockedShot
695417,La_liga,Real Betis,Getafe,1,93,Dani Ceballos,0.799000015258789,0.6309999847412109,0.04470955207943916,RightFoot,OpenPlay,MissedShots
695388,La_liga,Getafe,Real Betis,0,3,Mario Martín,0.8180000305175781,0.6170000076293946,0.0445784255862236,RightFoot,OpenPlay,SavedShot
695394,La_liga,Getafe,Real Betis,0,24,Nemanja Gudelj,0.8809999847412109,0.8240000152587891,0.06239410862326622,RightFoot,DirectFreekick,BlockedShot
695398,La_liga,Getafe,Real Betis,0,32,Martín Satriano,0.8580000305175781,0.7269999694824218,0.03737485408782959,RightFoot,OpenPlay,MissedShots
695406,La_liga,Getafe,Real Betis,0,48,Mario Martín,0.68,0.67,0.008583195507526398,RightFoot,OpenPlay,MissedShots
695408,La_liga,Getafe,Real Betis,0,50,Iván Azón,0.8469999694824218,0.685,0.022136665880680084,LeftFoot,OpenPlay,SavedShot
695410,La_liga,Getafe,Real Betis,0,67,Nemanja Gudelj,0.7730000305175782,0.4209999847412109,0.02635909616947174,RightFoot,OpenPlay,BlockedShot
695415,La_liga,Getafe,Real Betis,0,89,Iván Azón,0.6880000305175781,0.600999984741211,0.010979685001075268,LeftFoot,OpenPlay,MissedShots
695416,La_liga,Getafe,Real Betis,0,91,Alberto Risco,0.85,0.5559999847412109,0.11462581902742386,LeftFoot,OpenPlay,MissedShots
695465,La_liga,Malaga,Villarreal,1,11,Carlos Dotor,0.8590000152587891,0.5229999923706055,0.12704592943191528,RightFoot,OpenPlay,Goal
695477,La_liga,Malaga,Villarreal,1,64,Chupe,0.9480000305175781,0.3270000076293945,0.06608609855175018,LeftFoot,OpenPlay,MissedShots
695480,La_liga,Malaga,Villarreal,1,74,Pablo Martínez,0.8590000152587891,0.3039999961853027,0.034616898745298386,RightFoot,OpenPlay,MissedShots
695481,La_liga,Malaga,Villarreal,1,76,Joaquín Muñoz,0.7380000305175781,0.6969999694824218,0.020581817254424095,RightFoot,FromCorner,MissedShots
695482,La_liga,Malaga,Villarreal,1,81,Adrián Niño,0.9630000305175781,0.5,0.11306098103523254,Head,FromCorner,MissedShots
695464,La_liga,Villarreal,Malaga,0,1,Sergi Cardona,0.885,0.720999984741211,0.04323194921016693,LeftFoot,OpenPlay,BlockedShot
695466,La_liga,Villarreal,Malaga,0,23,Ayoze Pérez,0.9290000152587891,0.5479999923706055,0.055230505764484406,Head,FromCorner,BlockedShot
695467,La_liga,Villarreal,Malaga,0,25,Sergi Cardona,0.779000015258789,0.685,0.02073107287287712,LeftFoot,OpenPlay,BlockedShot
695468,La_liga,Villarreal,Malaga,0,27,Tajon Buchanan,0.725999984741211,0.615,0.014172350987792015,RightFoot,FromCorner,SavedShot
695469,La_liga,Villarreal,Malaga,0,27,Ayoze Pérez,0.9480000305175781,0.624000015258789,0.35454249382019043,LeftFoot,FromCorner,MissedShots
695470,La_liga,Villarreal,Malaga,0,27,Ilias Akhomach,0.8490000152587891,0.29100000381469726,0.02351396717131138,LeftFoot,FromCorner,SavedShot
695471,La_liga,Villarreal,Malaga,0,36,Renato Veiga,0.6940000152587891,0.5320000076293945,0.01518490444868803,LeftFoot,OpenPlay,MissedShots
695472,La_liga,Villarreal,Malaga,0,38,Alberto Moleiro,0.8869999694824219,0.48700000762939455,0.0774131566286087,RightFoot,OpenPlay,MissedShots
695473,La_liga,Villarreal,Malaga,0,39,Alberto Moleiro,0.9180000305175782,0.485,0.5107311606407166,RightFoot,OpenPlay,Goal
695474,La_liga,Villarreal,Malaga,0,46,Pape Alassane Gueye,0.9009999847412109,0.49900001525878906,0.4723908305168152,LeftFoot,OpenPlay,Goal
695475,La_liga,Villarreal,Malaga,0,49,Alberto Moleiro,0.8669999694824219,0.8419999694824218,0.05360789969563484,RightFoot,DirectFreekick,SavedShot
695476,La_liga,Villarreal,Malaga,0,53,Ayoze Pérez,0.9619999694824218,0.46599998474121096,0.6238919496536255,Head,OpenPlay,BlockedShot
695478,La_liga,Villarreal,Malaga,0,68,Georges Mikautadze,0.9330000305175781,0.4779999923706055,0.5017978549003601,LeftFoot,OpenPlay,ShotOnPost
695479,La_liga,Villarreal,Malaga,0,72,Tajon Buchanan,0.960999984741211,0.5179999923706055,0.6125428080558777,Head,OpenPlay,MissedShots
695483,La_liga,Villarreal,Malaga,0,85,Pape Alassane Gueye,0.885,0.5,0.7432776093482971,LeftFoot,Penalty,Goal
695484,La_liga,Villarreal,Malaga,0,91,Carlos Romero,0.860999984741211,0.47900001525878905,0.13016003370285034,RightFoot,OpenPlay,BlockedShot
695628,La_liga,Espanyol,Elche,1,6,Edu Expósito,0.7759999847412109,0.5740000152587891,0.09250681847333908,RightFoot,DirectFreekick,MissedShots
695631,La_liga,Espanyol,Elche,1,30,Unai Núñez,0.7969999694824219,0.3679999923706055,0.03501466289162636,RightFoot,OpenPlay,MissedShots
695632,La_liga,Espanyol,Elche,1,32,Bryan Zaragoza,0.8569999694824219,0.7619999694824219,0.023051736876368523,RightFoot,OpenPlay,SavedShot
695633,La_liga,Espanyol,Elche,1,32,Edu Expósito,0.7680000305175781,0.48400001525878905,0.01565414108335972,RightFoot,OpenPlay,MissedShots
695635,La_liga,Espanyol,Elche,1,46,Leandro Cabrera,0.8590000152587891,0.4979999923706055,0.044799961149692535,Head,SetPiece,MissedShots
695636,La_liga,Espanyol,Elche,1,49,Bryan Zaragoza,0.8669999694824219,0.7559999847412109,0.026248019188642502,RightFoot,OpenPlay,SavedShot
695637,La_liga,Espanyol,Elche,1,45,Marcos Fernández,0.8019999694824219,0.4329999923706055,0.034951549023389816,LeftFoot,OpenPlay,BlockedShot
695638,La_liga,Espanyol,Elche,1,47,Cala,0.7969999694824219,0.23700000762939452,0.017801927402615547,LeftFoot,OpenPlay,SavedShot
695639,La_liga,Espanyol,Elche,1,51,Roberto Fernández,0.8909999847412109,0.5470000076293945,0.06756003201007843,Head,OpenPlay,MissedShots
695640,La_liga,Espanyol,Elche,1,51,Javi Hernández,0.8030000305175782,0.5540000152587891,0.04532361030578613,RightFoot,OpenPlay,BlockedShot
695641,La_liga,Espanyol,Elche,1,52,Cala,0.7609999847412109,0.4979999923706055,0.027294712141156197,LeftFoot,OpenPlay,MissedShots
695642,La_liga,Espanyol,Elche,1,53,Roberto Fernández,0.919000015258789,0.5640000152587891,0.2420252561569214,Head,FromCorner,MissedShots
695644,La_liga,Espanyol,Elche,1,59,Cala,0.8930000305175781,0.4540000152587891,0.0435822457075119,Head,OpenPlay,MissedShots
695645,La_liga,Espanyol,Elche,1,59,José Ángel López,0.8869999694824219,0.27899999618530275,0.022463129833340645,RightFoot,OpenPlay,BlockedShot
695647,La_liga,Espanyol,Elche,1,62,Javi Hernández,0.8159999847412109,0.514000015258789,0.05463503673672676,RightFoot,OpenPlay,SavedShot
695649,La_liga,Espanyol,Elche,1,67,Marcos Fernández,0.9169999694824219,0.4329999923706055,0.05281088128685951,Head,OpenPlay,BlockedShot
695650,La_liga,Espanyol,Elche,1,69,Javi Hernández,0.7819999694824219,0.3340000152587891,0.021709708496928215,LeftFoot,OpenPlay,MissedShots
695652,La_liga,Espanyol,Elche,1,73,Pere Milla,0.905,0.4809999847412109,0.04151081293821335,Head,OpenPlay,MissedShots
695653,La_liga,Espanyol,Elche,1,75,Marcos Fernández,0.905,0.55,0.039376601576805115,Head,OpenPlay,MissedShots
695656,La_liga,Espanyol,Elche,1,86,Pere Milla,0.8769999694824219,0.51,0.0275226142257452,Head,OpenPlay,MissedShots
695658,La_liga,Espanyol,Elche,1,91,Tyrhys Dolan,0.8690000152587891,0.63,0.052700940519571304,RightFoot,OpenPlay,MissedShots
695659,La_liga,Espanyol,Elche,1,93,Roberto Fernández,0.850999984741211,0.46799999237060547,0.022224588319659233,Head,OpenPlay,BlockedShot
695660,La_liga,Espanyol,Elche,1,93,Tyrhys Dolan,0.8119999694824219,0.6569999694824219,0.028007928282022476,RightFoot,OpenPlay,MissedShots
695629,La_liga,Elche,Espanyol,0,25,Fernando Niño,0.8640000152587891,0.715999984741211,0.36340853571891785,LeftFoot,OpenPlay,Goal
695630,La_liga,Elche,Espanyol,0,28,Fernando Niño,0.9490000152587891,0.3890000152587891,0.3104316294193268,RightFoot,OpenPlay,Goal
695634,La_liga,Elche,Espanyol,0,43,Victor Chust,0.8780000305175781,0.4590000152587891,0.014025556854903698,Head,SetPiece,MissedShots
695643,La_liga,Elche,Espanyol,0,54,Lucas Cepeda,0.855,0.5370000076293945,0.08904330432415009,LeftFoot,OpenPlay,BlockedShot
695646,La_liga,Elche,Espanyol,0,60,Abiel Osorio,0.960999984741211,0.28399999618530275,0.0988563820719719,RightFoot,OpenPlay,MissedShots
695648,La_liga,Elche,Espanyol,0,64,Lucas Cepeda,0.774000015258789,0.5820000076293945,0.0419965535402298,LeftFoot,OpenPlay,SavedShot
695651,La_liga,Elche,Espanyol,0,71,Victor Chust,0.08300000190734863,0.4809999847412109,0,OtherBodyPart,OpenPlay,OwnGoal
695654,La_liga,Elche,Espanyol,0,77,German Valera,0.894000015258789,0.644000015258789,0.2964499890804291,LeftFoot,OpenPlay,Goal
695655,La_liga,Elche,Espanyol,0,80,Abiel Osorio,0.7780000305175782,0.6709999847412109,0.022157644852995872,LeftFoot,OpenPlay,SavedShot
695657,La_liga,Elche,Espanyol,0,89,Javier Morcillo,0.7040000152587891,0.6070000076293945,0.014762381091713905,RightFoot,OpenPlay,SavedShot
695696,La_liga,Osasuna,Rayo Vallecano,1,0,Kike Barja,0.8669999694824219,0.37799999237060544,0.05962865427136421,RightFoot,OpenPlay,BlockedShot
695700,La_liga,Osasuna,Rayo Vallecano,1,15,Iñigo Arguibide,0.8419999694824218,0.3240000152587891,0.016797274351119995,RightFoot,OpenPlay,BlockedShot
695701,La_liga,Osasuna,Rayo Vallecano,1,15,Ante Budimir,0.9169999694824219,0.4779999923706055,0.5019503235816956,LeftFoot,OpenPlay,Goal
695702,La_liga,Osasuna,Rayo Vallecano,1,17,Kike Barja,0.9490000152587891,0.5979999923706054,0.10320033133029938,LeftFoot,OpenPlay,MissedShots
695703,La_liga,Osasuna,Rayo Vallecano,1,26,Asier Osambela,0.875,0.3509999847412109,0.048503465950489044,LeftFoot,FromCorner,MissedShots
695708,La_liga,Osasuna,Rayo Vallecano,1,37,Iñigo Arguibide,0.9209999847412109,0.3110000038146973,0.07214196771383286,RightFoot,OpenPlay,MissedShots
695718,La_liga,Osasuna,Rayo Vallecano,1,73,Ante Budimir,0.860999984741211,0.6229999923706054,0.06506498903036118,LeftFoot,OpenPlay,MissedShots
695719,La_liga,Osasuna,Rayo Vallecano,1,74,Raul García,0.86,0.2879999923706055,0.03459225222468376,RightFoot,OpenPlay,SavedShot
695723,La_liga,Osasuna,Rayo Vallecano,1,85,Raul García,0.749000015258789,0.48700000762939455,0.024534597992897034,RightFoot,OpenPlay,SavedShot
695697,La_liga,Rayo Vallecano,Osasuna,0,1,Álvaro García,0.7730000305175782,0.7469999694824219,0.016474232077598572,RightFoot,OpenPlay,MissedShots
695698,La_liga,Rayo Vallecano,Osasuna,0,3,Jorge De Frutos,0.8119999694824219,0.38799999237060545,0.038157977163791656,LeftFoot,OpenPlay,SavedShot
695699,La_liga,Rayo Vallecano,Osasuna,0,4,Álvaro García,0.7340000152587891,0.4570000076293945,0.015971491113305092,LeftFoot,FromCorner,BlockedShot
695704,La_liga,Rayo Vallecano,Osasuna,0,29,Unai López,0.7290000152587891,0.36700000762939455,0.017268124967813492,RightFoot,OpenPlay,MissedShots
695705,La_liga,Rayo Vallecano,Osasuna,0,34,Florian Lejeune,0.7219999694824218,0.5709999847412109,0.051794905215501785,RightFoot,DirectFreekick,BlockedShot
695706,La_liga,Rayo Vallecano,Osasuna,0,35,Florian Lejeune,0.7440000152587891,0.225,0.03644304350018501,RightFoot,DirectFreekick,BlockedShot
695707,La_liga,Rayo Vallecano,Osasuna,0,36,Álvaro García,0.75,0.46900001525878904,0.01835124008357525,LeftFoot,FromCorner,BlockedShot
695709,La_liga,Rayo Vallecano,Osasuna,0,43,Pathé Ciss,0.955999984741211,0.55,0.05940093472599983,Head,FromCorner,BlockedShot
695710,La_liga,Rayo Vallecano,Osasuna,0,43,Pathé Ciss,0.955999984741211,0.5570000076293945,0.10826700180768967,LeftFoot,FromCorner,BlockedShot
695711,La_liga,Rayo Vallecano,Osasuna,0,43,Florian Lejeune,0.955,0.5820000076293945,0.13190047442913055,RightFoot,FromCorner,BlockedShot
695712,La_liga,Rayo Vallecano,Osasuna,0,44,Sergio Camello,0.8590000152587891,0.43599998474121093,0.12100004404783249,RightFoot,OpenPlay,MissedShots
695713,La_liga,Rayo Vallecano,Osasuna,0,49,Sergio Camello,0.9319999694824219,0.545,0.5251721143722534,LeftFoot,OpenPlay,Goal
695714,La_liga,Rayo Vallecano,Osasuna,0,52,Sergio Camello,0.6630000305175782,0.47400001525878904,0.017228199169039726,LeftFoot,SetPiece,MissedShots
695715,La_liga,Rayo Vallecano,Osasuna,0,60,Sergio Camello,0.7630000305175781,0.514000015258789,0.02472858689725399,LeftFoot,OpenPlay,MissedShots
695716,La_liga,Rayo Vallecano,Osasuna,0,62,Álvaro García,0.9119999694824219,0.36400001525878906,0.09330523014068604,LeftFoot,OpenPlay,MissedShots
695717,La_liga,Rayo Vallecano,Osasuna,0,65,Pedro Díaz,0.775,0.3890000152587891,0.024876315146684647,RightFoot,OpenPlay,MissedShots
695720,La_liga,Rayo Vallecano,Osasuna,0,76,Pedro Díaz,0.7119999694824218,0.4809999847412109,0.018533648923039436,RightFoot,SetPiece,MissedShots
695721,La_liga,Rayo Vallecano,Osasuna,0,78,Álvaro García,0.7480000305175781,0.580999984741211,0.010807113721966743,RightFoot,SetPiece,MissedShots
695722,La_liga,Rayo Vallecano,Osasuna,0,80,Alemão,0.7780000305175782,0.6630000305175782,0.04109274595975876,LeftFoot,OpenPlay,BlockedShot
695967,La_liga,Athletic Club,Alaves,1,9,Roberto Navarro,0.9309999847412109,0.33299999237060546,0.08551451563835144,RightFoot,OpenPlay,SavedShot
695968,La_liga,Athletic Club,Alaves,1,10,Yuri,0.725999984741211,0.7369999694824219,0.00802101381123066,LeftFoot,OpenPlay,MissedShots
695969,La_liga,Athletic Club,Alaves,1,14,Roberto Navarro,0.6840000152587891,0.35400001525878905,0.00852709449827671,RightFoot,OpenPlay,BlockedShot
695970,La_liga,Athletic Club,Alaves,1,14,Iñaki Williams,0.9490000152587891,0.5259999847412109,0.08468319475650787,Head,FromCorner,MissedShots
695971,La_liga,Athletic Club,Alaves,1,19,Yuri,0.7119999694824218,0.6619999694824219,0.014735640957951546,LeftFoot,OpenPlay,MissedShots
695973,La_liga,Athletic Club,Alaves,1,27,Mikel Jauregizar,0.7719999694824219,0.7080000305175781,0.02456887811422348,RightFoot,OpenPlay,SavedShot
695975,La_liga,Athletic Club,Alaves,1,31,Johaneko Louis Jean,0.7580000305175781,0.3139999961853027,0.012996177189052105,LeftFoot,OpenPlay,MissedShots
695976,La_liga,Athletic Club,Alaves,1,38,Roberto Navarro,0.7969999694824219,0.7269999694824218,0.02217705175280571,RightFoot,OpenPlay,SavedShot
695977,La_liga,Athletic Club,Alaves,1,47,Jesús Areso,0.7659999847412109,0.2539999961853027,0.01462832372635603,RightFoot,OpenPlay,SavedShot
695978,La_liga,Athletic Club,Alaves,1,49,Nico Williams,0.899000015258789,0.6680000305175782,0.05985824391245842,RightFoot,OpenPlay,MissedShots
695979,La_liga,Athletic Club,Alaves,1,51,Oihan Sancet,0.7469999694824219,0.549000015258789,0.017609745264053345,RightFoot,OpenPlay,BlockedShot
695980,La_liga,Athletic Club,Alaves,1,51,Inigo Ruiz de Galarreta,0.7430000305175781,0.37799999237060544,0.014229695312678814,RightFoot,OpenPlay,MissedShots
695981,La_liga,Athletic Club,Alaves,1,59,Iñaki Williams,0.88,0.3029999923706055,0.04641250893473625,LeftFoot,OpenPlay,MissedShots
695982,La_liga,Athletic Club,Alaves,1,62,Alex Berenguer,0.7340000152587891,0.7030000305175781,0.013073361478745937,RightFoot,OpenPlay,BlockedShot
695983,La_liga,Athletic Club,Alaves,1,62,Roberto Navarro,0.845999984741211,0.549000015258789,0.05247187986969948,LeftFoot,OpenPlay,BlockedShot
695984,La_liga,Athletic Club,Alaves,1,62,Yuri,0.7730000305175782,0.63,0.02682344801723957,LeftFoot,FromCorner,SavedShot
695985,La_liga,Athletic Club,Alaves,1,63,Nico Williams,0.845999984741211,0.7269999694824218,0.029839912429451942,RightFoot,FromCorner,MissedShots
695986,La_liga,Athletic Club,Alaves,1,69,Oihan Sancet,0.885,0.5,0.7432776093482971,RightFoot,Penalty,SavedShot
695987,La_liga,Athletic Club,Alaves,1,70,Inigo Ruiz de Galarreta,0.7430000305175781,0.6359999847412109,0.015042897313833237,LeftFoot,OpenPlay,BlockedShot
695988,La_liga,Athletic Club,Alaves,1,71,Nico Williams,0.8680000305175781,0.73,0.027142133563756943,RightFoot,OpenPlay,BlockedShot
695989,La_liga,Athletic Club,Alaves,1,73,Yuri,0.74,0.6430000305175781,0.019615013152360916,LeftFoot,OpenPlay,MissedShots
695990,La_liga,Athletic Club,Alaves,1,82,Peio Canales,0.7880000305175782,0.41900001525878905,0.03186751902103424,LeftFoot,OpenPlay,BlockedShot
695991,La_liga,Athletic Club,Alaves,1,82,Inigo Ruiz de Galarreta,0.7530000305175781,0.41900001525878905,0.018672658130526543,RightFoot,OpenPlay,MissedShots
695992,La_liga,Athletic Club,Alaves,1,88,Nicolás Serrano,0.88,0.37900001525878907,0.06999541819095612,LeftFoot,OpenPlay,BlockedShot
695972,La_liga,Alaves,Athletic Club,0,25,Carlos Benavídez,0.745999984741211,0.3970000076293945,0.021199313923716545,RightFoot,OpenPlay,MissedShots
695974,La_liga,Alaves,Athletic Club,0,30,Carlos Benavídez,0.7569999694824219,0.44799999237060545,0.024964075535535812,RightFoot,OpenPlay,MissedShots
696085,La_liga,Celta Vigo,Racing Santander,1,31,Hugo Gonzalez,0.885,0.5,0.7432776093482971,RightFoot,Penalty,Goal
696086,La_liga,Celta Vigo,Racing Santander,1,35,Ferrán Jutglà,0.855999984741211,0.27299999237060546,0.037760864943265915,RightFoot,OpenPlay,SavedShot
696089,La_liga,Celta Vigo,Racing Santander,1,40,Javier Rueda,0.9280000305175782,0.3609999847412109,0.04304898902773857,RightFoot,FromCorner,BlockedShot
696090,La_liga,Celta Vigo,Racing Santander,1,41,Yoel Lago,0.960999984741211,0.38799999237060545,0.05028828606009483,RightFoot,FromCorner,BlockedShot
696091,La_liga,Celta Vigo,Racing Santander,1,42,Ilaix Moriba,0.8130000305175781,0.48200000762939454,0.0641479417681694,LeftFoot,OpenPlay,Goal
696094,La_liga,Celta Vigo,Racing Santander,1,59,Ferrán Jutglà,0.47400001525878904,0.3559999847412109,0.010524937883019447,RightFoot,OpenPlay,MissedShots
696096,La_liga,Celta Vigo,Racing Santander,1,68,Miguel Román,0.750999984741211,0.6780000305175782,0.01651826500892639,RightFoot,OpenPlay,Goal
696098,La_liga,Celta Vigo,Racing Santander,1,73,Miguel Román,0.7759999847412109,0.5429999923706055,0.04507260397076607,RightFoot,OpenPlay,MissedShots
696100,La_liga,Celta Vigo,Racing Santander,1,77,Pablo Durán,0.9269999694824219,0.49,0.4828723967075348,LeftFoot,OpenPlay,Goal
696102,La_liga,Celta Vigo,Racing Santander,1,81,Álvaro Núñez,0.799000015258789,0.3340000152587891,0.04030465707182884,RightFoot,OpenPlay,SavedShot
696105,La_liga,Celta Vigo,Racing Santander,1,88,Hugo Burcio,0.9590000152587891,0.44099998474121094,0.14722482860088348,RightFoot,OpenPlay,SavedShot
696106,La_liga,Celta Vigo,Racing Santander,1,90,Pablo Durán,0.8769999694824219,0.745,0.05225163325667381,RightFoot,OpenPlay,SavedShot
696107,La_liga,Celta Vigo,Racing Santander,1,91,Pablo Durán,0.8959999847412109,0.3729999923706055,0.4962056279182434,RightFoot,OpenPlay,Goal
696084,La_liga,Racing Santander,Celta Vigo,0,25,Pablo García,0.7830000305175782,0.615999984741211,0.02967899665236473,LeftFoot,OpenPlay,SavedShot
696087,La_liga,Racing Santander,Celta Vigo,0,37,Iñigo Vicente,0.774000015258789,0.5729999923706055,0.0905902087688446,RightFoot,DirectFreekick,SavedShot
696088,La_liga,Racing Santander,Celta Vigo,0,38,Iñigo Vicente,0.8680000305175781,0.765,0.023884018883109093,RightFoot,OpenPlay,MissedShots
696092,La_liga,Racing Santander,Celta Vigo,0,48,Iñigo Vicente,0.905,0.6609999847412109,0.06588520854711533,RightFoot,OpenPlay,BlockedShot
696093,La_liga,Racing Santander,Celta Vigo,0,46,Pablo Ramón,0.6669999694824219,0.47700000762939454,0.008604442700743675,RightFoot,OpenPlay,SavedShot
696095,La_liga,Racing Santander,Celta Vigo,0,60,Yassir Zabiri,0.860999984741211,0.7140000152587891,0.03205015882849693,LeftFoot,OpenPlay,BlockedShot
696097,La_liga,Racing Santander,Celta Vigo,0,72,Jorge Salinas,0.8780000305175781,0.46799999237060547,0.014704872854053974,Head,SetPiece,SavedShot
696099,La_liga,Racing Santander,Celta Vigo,0,76,Pablo Ramón,0.7530000305175781,0.39299999237060546,0.01872778870165348,RightFoot,OpenPlay,MissedShots
696101,La_liga,Racing Santander,Celta Vigo,0,79,Iker Luque,0.7959999847412109,0.37,0.013723811134696007,RightFoot,SetPiece,SavedShot
696103,La_liga,Racing Santander,Celta Vigo,0,83,Giorgi Guliashvili,0.9269999694824219,0.534000015258789,0.40573441982269287,RightFoot,OpenPlay,MissedShots
696104,La_liga,Racing Santander,Celta Vigo,0,87,Asier Villalibre,0.8590000152587891,0.5609999847412109,0.016316957771778107,Head,OpenPlay,MissedShots
696308,La_liga,Sevilla,Barcelona,1,18,Youssouf Fofana,0.9519999694824218,0.54,0.5327091217041016,Head,OpenPlay,Goal
696311,La_liga,Sevilla,Barcelona,1,22,Robbie Ure,0.7909999847412109,0.3270000076293945,0.021036621183156967,RightFoot,OpenPlay,MissedShots
696316,La_liga,Sevilla,Barcelona,1,40,Felix Correia,0.8919999694824219,0.47400001525878904,0.08916381746530533,RightFoot,OpenPlay,MissedShots
696318,La_liga,Sevilla,Barcelona,1,44,Robbie Ure,0.7930000305175782,0.36,0.01760580576956272,LeftFoot,OpenPlay,SavedShot
696328,La_liga,Sevilla,Barcelona,1,76,José Ángel Carmona,0.8680000305175781,0.5229999923706055,0.046601951122283936,Head,SetPiece,MissedShots
696333,La_liga,Sevilla,Barcelona,1,85,Alfon,0.7680000305175781,0.7709999847412109,0.03242520987987518,RightFoot,OpenPlay,SavedShot
696337,La_liga,Sevilla,Barcelona,1,93,Isaac Romero,0.749000015258789,0.6220000076293946,0.018812064081430435,LeftFoot,OpenPlay,MissedShots
696307,La_liga,Barcelona,Sevilla,0,7,Lamine Yamal,0.7319999694824219,0.43400001525878906,0.021029016003012657,LeftFoot,OpenPlay,SavedShot
696309,La_liga,Barcelona,Sevilla,0,20,Anthony Gordon,0.835999984741211,0.710999984741211,0.029811682179570198,RightFoot,OpenPlay,MissedShots
696310,La_liga,Barcelona,Sevilla,0,21,Raphinha,0.875,0.6480000305175782,0.07036686688661575,RightFoot,OpenPlay,Goal
696312,La_liga,Barcelona,Sevilla,0,26,Pau Cubarsí,0.700999984741211,0.45799999237060546,0.016484417021274567,RightFoot,OpenPlay,BlockedShot
696313,La_liga,Barcelona,Sevilla,0,31,Eric Garcia,0.8080000305175781,0.33099998474121095,0.028793666511774063,RightFoot,OpenPlay,MissedShots
696314,La_liga,Barcelona,Sevilla,0,36,Lamine Yamal,0.815,0.37200000762939456,0.03939548879861832,RightFoot,OpenPlay,MissedShots
696315,La_liga,Barcelona,Sevilla,0,38,Pedri,0.7869999694824219,0.4420000076293945,0.037440281361341476,LeftFoot,OpenPlay,MissedShots
696317,La_liga,Barcelona,Sevilla,0,42,Pedri,0.8669999694824219,0.40900001525878904,0.07033462822437286,RightFoot,OpenPlay,MissedShots
696319,La_liga,Barcelona,Sevilla,0,45,Lamine Yamal,0.8069999694824219,0.3060000038146973,0.027219267562031746,LeftFoot,OpenPlay,MissedShots
696320,La_liga,Barcelona,Sevilla,0,46,Lamine Yamal,0.8530000305175781,0.36,0.05789484828710556,LeftFoot,OpenPlay,MissedShots
696321,La_liga,Barcelona,Sevilla,0,48,Andreas Christensen,0.825,0.549000015258789,0.06788133829832077,RightFoot,OpenPlay,BlockedShot
696322,La_liga,Barcelona,Sevilla,0,51,Raphinha,0.9269999694824219,0.47200000762939454,0.4316464960575104,Head,OpenPlay,Goal
696323,La_liga,Barcelona,Sevilla,0,62,Rodri,0.7369999694824219,0.4829999923706055,0.02635396085679531,RightFoot,OpenPlay,BlockedShot
696324,La_liga,Barcelona,Sevilla,0,63,Raphinha,0.9969999694824219,0.0030000001192092896,0.013391002081334591,LeftFoot,FromCorner,ShotOnPost
696325,La_liga,Barcelona,Sevilla,0,63,Rodri,0.965,0.4759999847412109,0.6181589961051941,LeftFoot,FromCorner,MissedShots
696326,La_liga,Barcelona,Sevilla,0,64,João Cancelo,0.8490000152587891,0.6869999694824219,0.04432208463549614,RightFoot,OpenPlay,SavedShot
696327,La_liga,Barcelona,Sevilla,0,68,Raphinha,0.860999984741211,0.53,0.37336426973342896,LeftFoot,OpenPlay,Goal
696329,La_liga,Barcelona,Sevilla,0,77,Anthony Gordon,0.8480000305175781,0.46900001525878904,0.1274908483028412,RightFoot,OpenPlay,MissedShots
696330,La_liga,Barcelona,Sevilla,0,77,Dani Olmo,0.92,0.26399999618530273,0.07144912332296371,RightFoot,OpenPlay,BlockedShot
696331,La_liga,Barcelona,Sevilla,0,77,Anthony Gordon,0.9359999847412109,0.5029999923706054,0.6477109789848328,RightFoot,OpenPlay,MissedShots
696332,La_liga,Barcelona,Sevilla,0,83,Lamine Yamal,0.805,0.36,0.10353256016969681,LeftFoot,DirectFreekick,BlockedShot
696334,La_liga,Barcelona,Sevilla,0,87,Dani Olmo,0.9059999847412109,0.8190000152587891,0.06920046359300613,RightFoot,DirectFreekick,SavedShot
696335,La_liga,Barcelona,Sevilla,0,89,Karim Adeyemi,0.914000015258789,0.56,0.5249532461166382,LeftFoot,OpenPlay,SavedShot
696336,La_liga,Barcelona,Sevilla,0,90,Marc Bernal,0.785,0.534000015258789,0.05349017679691315,RightFoot,OpenPlay,MissedShots
696368,La_liga,Getafe,Malaga,1,5,Andrés García,0.825,0.6990000152587891,0.04574086144566536,RightFoot,OpenPlay,SavedShot
696369,La_liga,Getafe,Malaga,1,7,Martín Satriano,0.9209999847412109,0.43200000762939456,0.04971912130713463,Head,OpenPlay,MissedShots
696371,La_liga,Getafe,Malaga,1,12,Enes Ünal,0.9219999694824219,0.5709999847412109,0.053552255034446716,Head,OpenPlay,SavedShot
696372,La_liga,Getafe,Malaga,1,13,Iván Azón,0.9230000305175782,0.7019999694824218,0.10124338418245316,LeftFoot,OpenPlay,SavedShot
696376,La_liga,Getafe,Malaga,1,37,Enes Ünal,0.69,0.504000015258789,0.039377208799123764,RightFoot,DirectFreekick,BlockedShot
696377,La_liga,Getafe,Malaga,1,37,Martín Satriano,0.9330000305175781,0.43,0.09497952461242676,Head,FromCorner,MissedShots
696378,La_liga,Getafe,Malaga,1,39,Andrés García,0.7769999694824219,0.48400001525878905,0.023383717983961105,RightFoot,SetPiece,MissedShots
696382,La_liga,Getafe,Malaga,1,51,Johan Mojica,0.9440000152587891,0.16799999237060548,0.06892901659011841,LeftFoot,DirectFreekick,MissedShots
696383,La_liga,Getafe,Malaga,1,48,Johan Mojica,0.9219999694824219,0.7480000305175781,0.03693044185638428,LeftFoot,OpenPlay,MissedShots
696384,La_liga,Getafe,Malaga,1,51,Ramón Terrats,0.774000015258789,0.345,0.03508763760328293,LeftFoot,FromCorner,SavedShot
696385,La_liga,Getafe,Malaga,1,51,Ramón Terrats,0.91,0.315,0.010085124522447586,Head,OpenPlay,SavedShot
696386,La_liga,Getafe,Malaga,1,53,Iván Azón,0.855,0.7580000305175781,0.026492279022932053,RightFoot,OpenPlay,BlockedShot
696387,La_liga,Getafe,Malaga,1,57,Francho Serrano,0.77,0.710999984741211,0.016882656142115593,RightFoot,OpenPlay,BlockedShot
696388,La_liga,Getafe,Malaga,1,62,Iván Azón,0.9369999694824219,0.6840000152587891,0.012514961883425713,Head,OpenPlay,SavedShot
696389,La_liga,Getafe,Malaga,1,63,Johan Mojica,0.8859999847412109,0.6819999694824219,0.06001640856266022,RightFoot,OpenPlay,MissedShots
696390,La_liga,Getafe,Malaga,1,63,Enes Ünal,0.9219999694824219,0.5309999847412109,0.1080649197101593,Head,FromCorner,MissedShots
696392,La_liga,Getafe,Malaga,1,70,Andrés García,0.745999984741211,0.39299999237060546,0.01572943478822708,LeftFoot,OpenPlay,MissedShots
696393,La_liga,Getafe,Malaga,1,84,Iván Azón,0.8919999694824219,0.395,0.37033575773239136,RightFoot,OpenPlay,Goal
696397,La_liga,Getafe,Malaga,1,97,Davinchi,0.5920000076293945,0.9280000305175782,0.018896551802754402,LeftFoot,OpenPlay,BlockedShot
696370,La_liga,Malaga,Getafe,0,11,Eneko Jauregi,0.950999984741211,0.41700000762939454,0.08216097205877304,LeftFoot,FromCorner,SavedShot
696373,La_liga,Malaga,Getafe,0,21,Juan Berrocal,0.7609999847412109,0.625999984741211,0.06929124891757965,RightFoot,DirectFreekick,BlockedShot
696374,La_liga,Malaga,Getafe,0,29,Dani Lorenzo,0.835,0.4420000076293945,0.07527728378772736,RightFoot,OpenPlay,BlockedShot
696375,La_liga,Malaga,Getafe,0,29,Joaquín Muñoz,0.8490000152587891,0.43,0.10611703991889954,RightFoot,OpenPlay,BlockedShot
696379,La_liga,Malaga,Getafe,0,42,Rafa Rodríguez,0.7569999694824219,0.45299999237060545,0.022917592898011208,RightFoot,OpenPlay,SavedShot
696380,La_liga,Malaga,Getafe,0,42,José Salinas,0.720999984741211,0.62,0.01737978868186474,LeftFoot,OpenPlay,BlockedShot
696381,La_liga,Malaga,Getafe,0,44,David Larrubia,0.8090000152587891,0.47400001525878904,0.054785050451755524,LeftFoot,OpenPlay,BlockedShot
696391,La_liga,Malaga,Getafe,0,66,Adrián Niño,0.8930000305175781,0.6669999694824219,0.13115756213665009,RightFoot,OpenPlay,MissedShots
696394,La_liga,Malaga,Getafe,0,90,Carlos Dotor,0.8619999694824219,0.34700000762939454,0.048226382583379745,LeftFoot,OpenPlay,SavedShot
696395,La_liga,Malaga,Getafe,0,90,Ángel Recio,0.894000015258789,0.5420000076293945,0.0181743074208498,Head,FromCorner,MissedShots
696396,La_liga,Malaga,Getafe,0,96,Juan Cruz,0.8019999694824219,0.52,0.03501066565513611,LeftFoot,FromCorner,SavedShot
696594,La_liga,Atletico Madrid,Real Madrid,1,14,Jonathan Christian David,0.97,0.600999984741211,0.08014389872550964,Head,OpenPlay,MissedShots
696596,La_liga,Atletico Madrid,Real Madrid,1,21,Giuliano Simeone,0.865,0.2610000038146973,0.030537154525518417,RightFoot,OpenPlay,MissedShots
696599,La_liga,Atletico Madrid,Real Madrid,1,31,David Hancko,0.8209999847412109,0.6270000076293946,0.04391416534781456,LeftFoot,OpenPlay,BlockedShot
696600,La_liga,Atletico Madrid,Real Madrid,1,32,Lee Kang-In,0.795,0.205,0.020351309329271317,LeftFoot,OpenPlay,BlockedShot
696603,La_liga,Atletico Madrid,Real Madrid,1,46,Álex Baena,0.815,0.705999984741211,0.023219697177410126,RightFoot,OpenPlay,SavedShot
696604,La_liga,Atletico Madrid,Real Madrid,1,52,Álex Grimaldo,0.885,0.5,0.7432776093482971,LeftFoot,Penalty,Goal
696605,La_liga,Atletico Madrid,Real Madrid,1,55,Lee Kang-In,0.73,0.37,0.018846699967980385,LeftFoot,OpenPlay,SavedShot
696606,La_liga,Atletico Madrid,Real Madrid,1,58,Jonathan Christian David,0.92,0.49400001525878906,0.4217643737792969,LeftFoot,OpenPlay,Goal
696607,La_liga,Atletico Madrid,Real Madrid,1,64,Johnny Cardoso,0.9119999694824219,0.5459999847412109,0.05280667170882225,Head,OpenPlay,MissedShots
696608,La_liga,Atletico Madrid,Real Madrid,1,64,Álex Grimaldo,0.8590000152587891,0.5890000152587891,0.07356777042150497,LeftFoot,OpenPlay,BlockedShot
696609,La_liga,Atletico Madrid,Real Madrid,1,65,Cristian Romero,0.9169999694824219,0.5,0.05205457657575607,Head,FromCorner,SavedShot
696610,La_liga,Atletico Madrid,Real Madrid,1,65,Julián Álvarez,0.9009999847412109,0.5890000152587891,0.3765261173248291,RightFoot,FromCorner,BlockedShot
696611,La_liga,Atletico Madrid,Real Madrid,1,65,David Hancko,0.9540000152587891,0.32099998474121094,0.025371169671416283,Head,FromCorner,BlockedShot
696612,La_liga,Atletico Madrid,Real Madrid,1,76,Julián Álvarez,0.879000015258789,0.6630000305175782,0.09361764788627625,LeftFoot,OpenPlay,SavedShot
696614,La_liga,Atletico Madrid,Real Madrid,1,83,David Hancko,0.9119999694824219,0.6759999847412109,0.08044493198394775,LeftFoot,OpenPlay,BlockedShot
696615,La_liga,Atletico Madrid,Real Madrid,1,83,David Hancko,0.9740000152587891,0.595,0.06827066093683243,LeftFoot,FromCorner,BlockedShot
696617,La_liga,Atletico Madrid,Real Madrid,1,89,Julián Álvarez,0.865,0.475,0.099376380443573,LeftFoot,OpenPlay,MissedShots
696618,La_liga,Atletico Madrid,Real Madrid,1,91,Koke,0.825999984741211,0.4829999923706055,0.11553548276424408,RightFoot,OpenPlay,SavedShot
696593,La_liga,Real Madrid,Atletico Madrid,0,6,Aurelien Tchouameni,0.8869999694824219,0.529000015258789,0.049683038145303726,Head,FromCorner,MissedShots
696595,La_liga,Real Madrid,Atletico Madrid,0,20,Aurelien Tchouameni,0.7330000305175781,0.63,0.015487724915146828,RightFoot,OpenPlay,MissedShots
696597,La_liga,Real Madrid,Atletico Madrid,0,22,Vinícius Júnior,0.8719999694824219,0.6959999847412109,0.04796556755900383,LeftFoot,OpenPlay,MissedShots
696598,La_liga,Real Madrid,Atletico Madrid,0,25,Vinícius Júnior,0.755,0.7180000305175781,0.01523135881870985,RightFoot,OpenPlay,MissedShots
696601,La_liga,Real Madrid,Atletico Madrid,0,39,Arda Güler,0.6909999847412109,0.3970000076293945,0.01060493290424347,LeftFoot,SetPiece,SavedShot
696602,La_liga,Real Madrid,Atletico Madrid,0,39,Kylian Mbappe-Lottin,0.764000015258789,0.8169999694824219,0.0172109492123127,RightFoot,OpenPlay,BlockedShot
696613,La_liga,Real Madrid,Atletico Madrid,0,76,Yan Diomande,0.794000015258789,0.49700000762939456,0.2058025747537613,RightFoot,OpenPlay,SavedShot
696616,La_liga,Real Madrid,Atletico Madrid,0,88,Antonio Rüdiger,0.914000015258789,0.48,0.058787401765584946,Head,SetPiece,Goal
696767,La_liga,Deportivo La Coruna,Real Betis,1,6,Mario Soriano,0.764000015258789,0.4470000076293945,0.017842531204223633,RightFoot,SetPiece,BlockedShot
696769,La_liga,Deportivo La Coruna,Real Betis,1,21,Jonathan Asp Jensen,0.69,0.524000015258789,0.012136134319007397,RightFoot,OpenPlay,SavedShot
696770,La_liga,Deportivo La Coruna,Real Betis,1,37,David Mella,0.7969999694824219,0.3029999923706055,0.024720512330532074,LeftFoot,OpenPlay,SavedShot
696774,La_liga,Deportivo La Coruna,Real Betis,1,45,Riki Rodríguez,0.865999984741211,0.365,0.0651904046535492,RightFoot,OpenPlay,MissedShots
696775,La_liga,Deportivo La Coruna,Real Betis,1,49,Jonathan Asp Jensen,0.874000015258789,0.7019999694824218,0.04593616724014282,RightFoot,OpenPlay,BlockedShot
696777,La_liga,Deportivo La Coruna,Real Betis,1,53,Bil Nsongo,0.865999984741211,0.35,0.05127239599823952,RightFoot,OpenPlay,BlockedShot
696778,La_liga,Deportivo La Coruna,Real Betis,1,53,Giménez,0.93,0.5379999923706055,0.058545541018247604,Head,FromCorner,SavedShot
696779,La_liga,Deportivo La Coruna,Real Betis,1,55,Jonathan Asp Jensen,0.870999984741211,0.7080000305175781,0.038213301450014114,RightFoot,OpenPlay,SavedShot
696780,La_liga,Deportivo La Coruna,Real Betis,1,59,David Mella,0.8959999847412109,0.35,0.30934664607048035,RightFoot,OpenPlay,SavedShot
696781,La_liga,Deportivo La Coruna,Real Betis,1,60,Giménez,0.909000015258789,0.585,0.019751304760575294,Head,FromCorner,MissedShots
696784,La_liga,Deportivo La Coruna,Real Betis,1,65,Bil Nsongo,0.7969999694824219,0.3240000152587891,0.023935183882713318,RightFoot,OpenPlay,BlockedShot
696785,La_liga,Deportivo La Coruna,Real Betis,1,65,Bil Nsongo,0.895,0.3820000076293945,0.06929482519626617,RightFoot,OpenPlay,BlockedShot
696786,La_liga,Deportivo La Coruna,Real Betis,1,66,Bright Ede,0.9419999694824219,0.455,0.12780030071735382,Head,FromCorner,MissedShots
696787,La_liga,Deportivo La Coruna,Real Betis,1,66,Pierre-Emerick Aubameyang,0.8959999847412109,0.6909999847412109,0.0488319918513298,RightFoot,OpenPlay,MissedShots
696788,La_liga,Deportivo La Coruna,Real Betis,1,67,Bil Nsongo,0.9380000305175781,0.47299999237060547,0.12906363606452942,Head,FromCorner,BlockedShot
696789,La_liga,Deportivo La Coruna,Real Betis,1,67,Mario Soriano,0.75,0.415,0.020928364247083664,RightFoot,FromCorner,MissedShots
696790,La_liga,Deportivo La Coruna,Real Betis,1,68,Giménez,0.9330000305175781,0.5,0.07044240087270737,Head,FromCorner,BlockedShot
696793,La_liga,Deportivo La Coruna,Real Betis,1,76,Pierre-Emerick Aubameyang,0.914000015258789,0.53,0.33478420972824097,RightFoot,OpenPlay,SavedShot
696794,La_liga,Deportivo La Coruna,Real Betis,1,76,Ximo Navarro,0.935,0.5209999847412109,0.0776691734790802,Head,FromCorner,MissedShots
696795,La_liga,Deportivo La Coruna,Real Betis,1,79,Giacomo Quagliata,0.8569999694824219,0.605999984741211,0.057141706347465515,RightFoot,OpenPlay,MissedShots
696796,La_liga,Deportivo La Coruna,Real Betis,1,81,Pierre-Emerick Aubameyang,0.7719999694824219,0.6609999847412109,0.018276818096637726,RightFoot,OpenPlay,BlockedShot
696797,La_liga,Deportivo La Coruna,Real Betis,1,86,Diego Villares,0.9169999694824219,0.47200000762939454,0.27177664637565613,Head,OpenPlay,Goal
696799,La_liga,Deportivo La Coruna,Real Betis,1,89,Adama Traoré,0.870999984741211,0.315,0.045824386179447174,LeftFoot,OpenPlay,MissedShots
696766,La_liga,Real Betis,Deportivo La Coruna,0,3,Marc Bartra,0.9119999694824219,0.4640000152587891,0.08046022057533264,RightFoot,SetPiece,SavedShot
696768,La_liga,Real Betis,Deportivo La Coruna,0,14,Juan Camilo Hernández,0.885,0.5820000076293945,0.10790720582008362,RightFoot,OpenPlay,BlockedShot
696771,La_liga,Real Betis,Deportivo La Coruna,0,39,Juan Camilo Hernández,0.8819999694824219,0.35400001525878905,0.013228660449385643,Head,FromCorner,BlockedShot
696772,La_liga,Real Betis,Deportivo La Coruna,0,40,Nelson Deossa,0.875999984741211,0.43599998474121093,0.06730987876653671,RightFoot,FromCorner,MissedShots
696773,La_liga,Real Betis,Deportivo La Coruna,0,42,Juan Camilo Hernández,0.799000015258789,0.49200000762939455,0.045615144073963165,RightFoot,OpenPlay,Goal
696776,La_liga,Real Betis,Deportivo La Coruna,0,52,Abdessamad Ezzalzouli,0.7619999694824219,0.8119999694824219,0.014962314628064632,RightFoot,OpenPlay,MissedShots
696782,La_liga,Real Betis,Deportivo La Coruna,0,64,Abdessamad Ezzalzouli,0.960999984741211,0.5920000076293945,0.3115054965019226,RightFoot,OpenPlay,SavedShot
696783,La_liga,Real Betis,Deportivo La Coruna,0,64,Juan Camilo Hernández,0.870999984741211,0.5940000152587891,0.09821637719869614,RightFoot,OpenPlay,BlockedShot
696791,La_liga,Real Betis,Deportivo La Coruna,0,68,Abdessamad Ezzalzouli,0.8190000152587891,0.47700000762939454,0.12767815589904785,RightFoot,OpenPlay,BlockedShot
696792,La_liga,Real Betis,Deportivo La Coruna,0,69,Natan,0.9569999694824218,0.5670000076293945,0.12423937767744064,Head,FromCorner,ShotOnPost
696798,La_liga,Real Betis,Deportivo La Coruna,0,87,Juan Camilo Hernández,0.8180000305175781,0.6459999847412109,0.042005375027656555,RightFoot,OpenPlay,BlockedShot
696800,La_liga,Villarreal,Levante,1,3,Ayoze Pérez,0.9519999694824218,0.445,0.568927526473999,RightFoot,OpenPlay,BlockedShot
696801,La_liga,Villarreal,Levante,1,14,Ayoze Pérez,0.9430000305175781,0.46,0.6041516065597534,RightFoot,OpenPlay,MissedShots
696802,La_liga,Villarreal,Levante,1,14,Nathan Saliba,0.764000015258789,0.49,0.02979295328259468,RightFoot,OpenPlay,BlockedShot
696803,La_liga,Villarreal,Levante,1,15,Nathan Saliba,0.9230000305175782,0.3890000152587891,0.03827519714832306,Head,FromCorner,MissedShots
696805,La_liga,Villarreal,Levante,1,18,Tajon Buchanan,0.740999984741211,0.6819999694824219,0.013760840520262718,RightFoot,OpenPlay,MissedShots
696806,La_liga,Villarreal,Levante,1,20,Ayoze Pérez,0.855,0.5459999847412109,0.3657137453556061,RightFoot,OpenPlay,SavedShot
696807,La_liga,Villarreal,Levante,1,27,Alberto Moleiro,0.769000015258789,0.41,0.02551920898258686,RightFoot,OpenPlay,MissedShots
696808,La_liga,Villarreal,Levante,1,31,Nathan Saliba,0.8109999847412109,0.6170000076293946,0.039811041206121445,LeftFoot,OpenPlay,BlockedShot
696809,La_liga,Villarreal,Levante,1,32,Alberto Moleiro,0.8430000305175781,0.68,0.035099927335977554,RightFoot,OpenPlay,SavedShot
696810,La_liga,Villarreal,Levante,1,34,Ilias Akhomach,0.8159999847412109,0.435,0.05364096537232399,LeftFoot,OpenPlay,BlockedShot
696811,La_liga,Villarreal,Levante,1,36,Alexander Freeman,0.874000015258789,0.3679999923706055,0.08160725235939026,LeftFoot,OpenPlay,BlockedShot
696812,La_liga,Villarreal,Levante,1,38,Ayoze Pérez,0.924000015258789,0.5370000076293945,0.5370966196060181,RightFoot,OpenPlay,BlockedShot
696813,La_liga,Villarreal,Levante,1,40,Ayoze Pérez,0.860999984741211,0.46799999237060547,0.39817628264427185,RightFoot,OpenPlay,Goal
696815,La_liga,Villarreal,Levante,1,44,Tajon Buchanan,0.7930000305175782,0.7440000152587891,0.010068132542073727,RightFoot,SetPiece,BlockedShot
696816,La_liga,Villarreal,Levante,1,53,Alberto Moleiro,0.9180000305175782,0.5020000076293946,0.5677744746208191,LeftFoot,OpenPlay,Goal
696818,La_liga,Villarreal,Levante,1,56,Tajon Buchanan,0.8019999694824219,0.509000015258789,0.06357566267251968,RightFoot,OpenPlay,MissedShots
696819,La_liga,Villarreal,Levante,1,75,Sergi Cardona,0.7559999847412109,0.515,0.01958344504237175,LeftFoot,FromCorner,MissedShots
696820,La_liga,Villarreal,Levante,1,77,Gerard Moreno,0.855,0.5309999847412109,0.0911618322134018,LeftFoot,OpenPlay,MissedShots
696821,La_liga,Villarreal,Levante,1,80,Gerard Moreno,0.870999984741211,0.47299999237060547,0.06731554865837097,Head,OpenPlay,MissedShots
696824,La_liga,Villarreal,Levante,1,85,Georges Mikautadze,0.905,0.544000015258789,0.47972995042800903,LeftFoot,OpenPlay,Goal
696825,La_liga,Villarreal,Levante,1,92,Georges Mikautadze,0.98,0.580999984741211,0.19491136074066162,RightFoot,OpenPlay,SavedShot
696804,La_liga,Levante,Villarreal,0,16,Thiago Fernández,0.8690000152587891,0.6559999847412109,0.23172567784786224,RightFoot,OpenPlay,MissedShots
696814,La_liga,Levante,Villarreal,0,41,Iván Romero,0.855999984741211,0.4979999923706055,0.06217539310455322,RightFoot,OpenPlay,Goal
696817,La_liga,Levante,Villarreal,0,54,Jeremy Toljan,0.875,0.42200000762939455,0.06682013720273972,LeftFoot,OpenPlay,MissedShots
696822,La_liga,Levante,Villarreal,0,82,Jeremy Toljan,0.86,0.40599998474121096,0.027297135442495346,RightFoot,OpenPlay,BlockedShot
696823,La_liga,Levante,Villarreal,0,83,Roger Brugué,0.9459999847412109,0.505,0.51105797290802,OtherBodyPart,FromCorner,MissedShots
696826,La_liga,Levante,Villarreal,0,93,Yanis Musuayi,0.95,0.605999984741211,0.042716134339571,Head,OpenPlay,MissedShots
696927,La_liga,Valencia,Real Sociedad,1,18,Javier Guerra,0.794000015258789,0.26899999618530274,0.06287383288145065,RightFoot,DirectFreekick,BlockedShot
696928,La_liga,Valencia,Real Sociedad,1,18,Justin de Haas,0.7769999694824219,0.3529999923706055,0.023062054067850113,RightFoot,OpenPlay,MissedShots
696932,La_liga,Valencia,Real Sociedad,1,27,Javier Guerra,0.7609999847412109,0.45599998474121095,0.02651575207710266,LeftFoot,OpenPlay,MissedShots
696935,La_liga,Valencia,Real Sociedad,1,36,José Gayá,0.915,0.7219999694824218,0.03303215652704239,LeftFoot,OpenPlay,BlockedShot
696936,La_liga,Valencia,Real Sociedad,1,41,Hugo Duro,0.9430000305175781,0.5409999847412109,0.08058928698301315,Head,FromCorner,MissedShots
696941,La_liga,Valencia,Real Sociedad,1,47,Arnaut Danjuma Groeneveld,0.799000015258789,0.685,0.022996066138148308,RightFoot,OpenPlay,MissedShots
696942,La_liga,Valencia,Real Sociedad,1,47,Javier Guerra,0.7240000152587891,0.3770000076293945,0.029881451278924942,RightFoot,OpenPlay,BlockedShot
696943,La_liga,Valencia,Real Sociedad,1,49,Hugo Duro,0.9340000152587891,0.49700000762939456,0.12205300480127335,RightFoot,OpenPlay,BlockedShot
696944,La_liga,Valencia,Real Sociedad,1,50,Hugo Duro,0.9230000305175782,0.5529999923706055,0.04163060337305069,Head,FromCorner,BlockedShot
696945,La_liga,Valencia,Real Sociedad,1,51,Aaron Mayol,0.8209999847412109,0.47,0.040032774209976196,LeftFoot,FromCorner,MissedShots
696948,La_liga,Valencia,Real Sociedad,1,56,Aaron Mayol,0.835999984741211,0.35700000762939454,0.027463307604193687,RightFoot,OpenPlay,Goal
696950,La_liga,Valencia,Real Sociedad,1,61,Javier Guerra,0.9459999847412109,0.34599998474121096,0.07564333826303482,RightFoot,OpenPlay,MissedShots
696951,La_liga,Valencia,Real Sociedad,1,62,David Otorbi,0.8640000152587891,0.2510000038146973,0.08274079114198685,RightFoot,OpenPlay,SavedShot
696952,La_liga,Valencia,Real Sociedad,1,66,Javier Guerra,0.8,0.36,0.03165757656097412,RightFoot,OpenPlay,MissedShots
696955,La_liga,Valencia,Real Sociedad,1,77,Arnaut Danjuma Groeneveld,0.9830000305175781,0.654000015258789,0.07105528563261032,RightFoot,OpenPlay,MissedShots
696956,La_liga,Valencia,Real Sociedad,1,78,Harvey Elliott,0.8530000305175781,0.245,0.07194472849369049,LeftFoot,OpenPlay,SavedShot
696958,La_liga,Valencia,Real Sociedad,1,81,David Otorbi,0.845,0.46,0.1086665540933609,LeftFoot,OpenPlay,BlockedShot
696959,La_liga,Valencia,Real Sociedad,1,81,Javier Guerra,0.765,0.629000015258789,0.01807568222284317,RightFoot,FromCorner,SavedShot
696962,La_liga,Valencia,Real Sociedad,1,93,Aimar Blázquez,0.9390000152587891,0.509000015258789,0.4738985002040863,Head,OpenPlay,SavedShot
696963,La_liga,Valencia,Real Sociedad,1,96,Pepelu,0.845999984741211,0.5840000152587891,0.056294772773981094,RightFoot,SetPiece,BlockedShot
696964,La_liga,Valencia,Real Sociedad,1,96,Pablo Maffeo,0.7959999847412109,0.505,0.029149390757083893,RightFoot,SetPiece,BlockedShot
696922,La_liga,Real Sociedad,Valencia,0,5,Luken Beitia,0.9230000305175782,0.5709999847412109,0.11480648815631866,RightFoot,SetPiece,SavedShot
696923,La_liga,Real Sociedad,Valencia,0,5,Luken Beitia,0.915,0.620999984741211,0.017813581973314285,Head,SetPiece,MissedShots
696924,La_liga,Real Sociedad,Valencia,0,12,Job Ochieng,0.7859999847412109,0.45299999237060545,0.03369372710585594,RightFoot,OpenPlay,BlockedShot
696925,La_liga,Real Sociedad,Valencia,0,13,Luken Beitia,0.935,0.5559999847412109,0.051596857607364655,Head,FromCorner,BlockedShot
696926,La_liga,Real Sociedad,Valencia,0,14,Gonçalo Guedes,0.8830000305175781,0.7030000305175781,0.06504793465137482,RightFoot,OpenPlay,BlockedShot
696929,La_liga,Real Sociedad,Valencia,0,22,Luka Sucic,0.855,0.345,0.048485167324543,LeftFoot,OpenPlay,BlockedShot
696930,La_liga,Real Sociedad,Valencia,0,22,Carlos Soler,0.7730000305175782,0.33599998474121096,0.021727776154875755,RightFoot,OpenPlay,MissedShots
696931,La_liga,Real Sociedad,Valencia,0,25,Luka Sucic,0.8580000305175781,0.435,0.08407151699066162,LeftFoot,OpenPlay,Goal
696933,La_liga,Real Sociedad,Valencia,0,28,Job Ochieng,0.695,0.36400001525878906,0.0221750158816576,RightFoot,OpenPlay,BlockedShot
696934,La_liga,Real Sociedad,Valencia,0,30,Mikel Oyarzabal,0.7930000305175782,0.685,0.031196637079119682,LeftFoot,OpenPlay,MissedShots
696937,La_liga,Real Sociedad,Valencia,0,42,Mikel Oyarzabal,0.9059999847412109,0.6630000305175782,0.12409330904483795,LeftFoot,OpenPlay,SavedShot
696938,La_liga,Real Sociedad,Valencia,0,43,Carlos Soler,0.8869999694824219,0.5470000076293945,0.15752336382865906,LeftFoot,OpenPlay,BlockedShot
696939,La_liga,Real Sociedad,Valencia,0,43,Jon Martín,0.9290000152587891,0.5609999847412109,0.09739341586828232,Head,FromCorner,MissedShots
696940,La_liga,Real Sociedad,Valencia,0,45,Gonçalo Guedes,0.785,0.45099998474121095,0.04641217365860939,RightFoot,OpenPlay,BlockedShot
696946,La_liga,Real Sociedad,Valencia,0,51,Job Ochieng,0.8780000305175781,0.6370000076293946,0.09074465930461884,RightFoot,OpenPlay,MissedShots
696947,La_liga,Real Sociedad,Valencia,0,55,Mikel Oyarzabal,0.8780000305175781,0.5220000076293946,0.38262608647346497,LeftFoot,OpenPlay,MissedShots
696949,La_liga,Real Sociedad,Valencia,0,58,Job Ochieng,0.8369999694824218,0.685,0.033872514963150024,RightFoot,OpenPlay,MissedShots
696953,La_liga,Real Sociedad,Valencia,0,71,Ander Barrenetxea,0.8569999694824219,0.5609999847412109,0.1217343807220459,LeftFoot,OpenPlay,MissedShots
696954,La_liga,Real Sociedad,Valencia,0,74,Carlos Soler,0.885,0.5,0.7432776093482971,RightFoot,Penalty,Goal
696957,La_liga,Real Sociedad,Valencia,0,80,Gonçalo Guedes,0.835,0.7930000305175782,0.02263001725077629,RightFoot,OpenPlay,SavedShot
696960,La_liga,Real Sociedad,Valencia,0,83,Luken Beitia,0.045999999046325686,0.49200000762939455,0,RightFoot,OpenPlay,OwnGoal
696961,La_liga,Real Sociedad,Valencia,0,90,Ander Barrenetxea,0.8780000305175781,0.30200000762939455,0.04273388534784317,RightFoot,FromCorner,Goal
688786,Serie_A,Inter,Monza,1,5,Hakan Calhanoglu,0.735,0.33799999237060546,0.013272741809487343,RightFoot,OpenPlay,Goal
688787,Serie_A,Inter,Monza,1,9,Francesco Pio Esposito,0.855999984741211,0.575999984741211,0.1063079759478569,RightFoot,OpenPlay,BlockedShot
688788,Serie_A,Inter,Monza,1,25,Nicolò Barella,0.8569999694824219,0.7119999694824218,0.04580744355916977,RightFoot,OpenPlay,MissedShots
688791,Serie_A,Inter,Monza,1,31,Federico Dimarco,0.79,0.6459999847412109,0.02689659595489502,LeftFoot,OpenPlay,SavedShot
688792,Serie_A,Inter,Monza,1,31,Francesco Pio Esposito,0.7719999694824219,0.6580000305175782,0.02429133467376232,LeftFoot,OpenPlay,MissedShots
688793,Serie_A,Inter,Monza,1,37,Nicolò Barella,0.8469999694824218,0.295,0.022941822186112404,RightFoot,SetPiece,MissedShots
688796,Serie_A,Inter,Monza,1,46,Francesco Pio Esposito,0.925,0.575999984741211,0.13012851774692535,RightFoot,OpenPlay,BlockedShot
688797,Serie_A,Inter,Monza,1,47,Piotr Zielinski,0.835999984741211,0.5829999923706055,0.3323720395565033,RightFoot,FromCorner,Goal
688799,Serie_A,Inter,Monza,1,54,Francesco Pio Esposito,0.9519999694824218,0.43099998474121093,0.15129655599594116,RightFoot,OpenPlay,Goal
688800,Serie_A,Inter,Monza,1,62,Yann Bisseck,0.8569999694824219,0.5890000152587891,0.0776367038488388,LeftFoot,OpenPlay,Goal
688801,Serie_A,Inter,Monza,1,65,Ange-Yoan Bonny,0.9,0.6680000305175782,0.0977863296866417,RightFoot,OpenPlay,BlockedShot
688802,Serie_A,Inter,Monza,1,66,Manuel Akanji,0.9,0.46700000762939453,0.05890629440546036,Head,FromCorner,ShotOnPost
688805,Serie_A,Inter,Monza,1,91,Francesco Pio Esposito,0.9469999694824218,0.5379999923706055,0.45085257291793823,Head,OpenPlay,MissedShots
688789,Serie_A,Monza,Inter,0,28,Gustavo Varela,0.8780000305175781,0.36,0.06918638944625854,RightFoot,OpenPlay,Goal
688790,Serie_A,Monza,Inter,0,30,Gustavo Varela,0.9180000305175782,0.47400001525878904,0.2949027717113495,Head,OpenPlay,MissedShots
688794,Serie_A,Monza,Inter,0,39,Gustavo Varela,0.9119999694824219,0.47200000762939454,0.2991747260093689,Head,OpenPlay,MissedShots
688795,Serie_A,Monza,Inter,0,40,Mathis Mout,0.8640000152587891,0.28,0.06451217085123062,LeftFoot,OpenPlay,BlockedShot
688798,Serie_A,Monza,Inter,0,49,Ricardo Mangas,0.955,0.5329999923706055,0.4208485782146454,LeftFoot,OpenPlay,SavedShot
688803,Serie_A,Monza,Inter,0,75,Samuele Birindelli,0.9059999847412109,0.36400001525878906,0.05106077343225479,RightFoot,OpenPlay,SavedShot
688804,Serie_A,Monza,Inter,0,77,Nicolas Galazzi,0.745999984741211,0.605,0.016976090148091316,LeftFoot,OpenPlay,MissedShots
688844,Serie_A,Udinese,Como,1,14,Nicolo Zaniolo,0.765,0.5509999847412109,0.02889600209891796,LeftFoot,OpenPlay,BlockedShot
688845,Serie_A,Udinese,Como,1,14,Mergim Vojvoda,0.874000015258789,0.26,0.02953128144145012,RightFoot,OpenPlay,MissedShots
688846,Serie_A,Udinese,Como,1,16,Hassane Kamara,0.7909999847412109,0.6309999847412109,0.023944668471813202,LeftFoot,OpenPlay,SavedShot
688849,Serie_A,Udinese,Como,1,23,Nicolo Zaniolo,0.8040000152587891,0.62,0.0344330295920372,LeftFoot,OpenPlay,BlockedShot
688850,Serie_A,Udinese,Como,1,23,Jakub Piotrowski,0.7280000305175781,0.49200000762939455,0.013194508850574493,RightFoot,OpenPlay,MissedShots
688851,Serie_A,Udinese,Como,1,25,Hassane Kamara,0.6569999694824219,0.6830000305175781,0.011428620666265488,LeftFoot,OpenPlay,MissedShots
688852,Serie_A,Udinese,Como,1,28,Hassane Kamara,0.860999984741211,0.610999984741211,0.5192677974700928,LeftFoot,OpenPlay,Goal
688853,Serie_A,Udinese,Como,1,30,Idrissa Gueye,0.87,0.47,0.022822150960564613,Head,OpenPlay,MissedShots
688854,Serie_A,Udinese,Como,1,34,Jurgen Ekkelenkamp,0.85,0.9359999847412109,0.02872467413544655,RightFoot,DirectFreekick,MissedShots
688860,Serie_A,Udinese,Como,1,48,Idrissa Gueye,0.8490000152587891,0.7559999847412109,0.2866029441356659,LeftFoot,OpenPlay,MissedShots
688861,Serie_A,Udinese,Como,1,51,Mergim Vojvoda,0.8930000305175781,0.2620000076293945,0.04422883316874504,RightFoot,OpenPlay,MissedShots
688865,Serie_A,Udinese,Como,1,55,Nicolo Zaniolo,0.8930000305175781,0.35,0.05049761384725571,LeftFoot,SetPiece,MissedShots
688870,Serie_A,Udinese,Como,1,67,Idrissa Gueye,0.935,0.5170000076293946,0.08791839331388474,Head,OpenPlay,MissedShots
688874,Serie_A,Udinese,Como,1,80,Lennon Miller,0.909000015258789,0.32099998474121094,0.06808232516050339,RightFoot,OpenPlay,SavedShot
688875,Serie_A,Udinese,Como,1,80,Jurgen Ekkelenkamp,0.895,0.4540000152587891,0.11326136440038681,LeftFoot,OpenPlay,MissedShots
688877,Serie_A,Udinese,Como,1,83,Vakoun Bayo,0.914000015258789,0.37599998474121094,0.25827261805534363,RightFoot,OpenPlay,MissedShots
688878,Serie_A,Udinese,Como,1,87,Vakoun Bayo,0.9290000152587891,0.45299999237060545,0.5086237192153931,LeftFoot,OpenPlay,MissedShots
688843,Serie_A,Como,Udinese,0,1,Álex Valle,0.8440000152587891,0.769000015258789,0.021498430520296097,LeftFoot,OpenPlay,BlockedShot
688847,Serie_A,Como,Udinese,0,21,Jesús Rodriguez,0.9669999694824218,0.3240000152587891,0.06042356416583061,RightFoot,OpenPlay,BlockedShot
688848,Serie_A,Como,Udinese,0,22,Jesús Rodriguez,0.855,0.5109999847412109,0.06544779986143112,RightFoot,FromCorner,MissedShots
688855,Serie_A,Como,Udinese,0,42,Tasos Douvikas,0.925,0.475,0.05043822526931763,Head,FromCorner,SavedShot
688856,Serie_A,Como,Udinese,0,42,Martin Baturina,0.78,0.3679999923706055,0.018739815801382065,RightFoot,FromCorner,BlockedShot
688857,Serie_A,Como,Udinese,0,43,Álex Valle,0.7819999694824219,0.55,0.03172856196761131,LeftFoot,FromCorner,BlockedShot
688858,Serie_A,Como,Udinese,0,43,Yan Couto,0.7069999694824218,0.43400001525878906,0.01495963055640459,RightFoot,FromCorner,MissedShots
688859,Serie_A,Como,Udinese,0,45,Nico Paz,0.7219999694824218,0.37799999237060544,0.016443375498056412,LeftFoot,OpenPlay,SavedShot
688862,Serie_A,Como,Udinese,0,52,Tasos Douvikas,0.8980000305175782,0.30100000381469727,0.04756719991564751,RightFoot,OpenPlay,BlockedShot
688863,Serie_A,Como,Udinese,0,53,Trevoh Chalobah,0.9059999847412109,0.509000015258789,0.07447326928377151,Head,FromCorner,SavedShot
688864,Serie_A,Como,Udinese,0,53,Tasos Douvikas,0.9680000305175781,0.47200000762939454,0.7121649384498596,RightFoot,FromCorner,Goal
688866,Serie_A,Como,Udinese,0,57,Nico Paz,0.7190000152587891,0.5409999847412109,0.018296286463737488,LeftFoot,OpenPlay,BlockedShot
688867,Serie_A,Como,Udinese,0,60,Tasos Douvikas,0.899000015258789,0.45,0.5456601977348328,LeftFoot,OpenPlay,SavedShot
688868,Serie_A,Como,Udinese,0,60,Assane Diao,0.875,0.705999984741211,0.04022693261504173,LeftFoot,OpenPlay,MissedShots
688869,Serie_A,Como,Udinese,0,64,Assane Diao,0.874000015258789,0.705,0.043969810009002686,RightFoot,OpenPlay,MissedShots
688871,Serie_A,Como,Udinese,0,74,Mattia Liberali,0.825,0.3039999961853027,0.03036941960453987,LeftFoot,OpenPlay,SavedShot
688872,Serie_A,Como,Udinese,0,77,Nico Paz,0.8280000305175781,0.5529999923706055,0.07225365191698074,LeftFoot,OpenPlay,BlockedShot
688873,Serie_A,Como,Udinese,0,79,Mattia Liberali,0.8490000152587891,0.610999984741211,0.06148940324783325,LeftFoot,OpenPlay,MissedShots
688876,Serie_A,Como,Udinese,0,83,Nico Paz,0.9109999847412109,0.5029999923706054,0.03419996798038483,Head,FromCorner,MissedShots
688879,Serie_A,Como,Udinese,0,94,Jacobo Ramón,0.950999984741211,0.49700000762939456,0.4785401523113251,Head,FromCorner,ShotOnPost
688931,Serie_A,Parma Calcio 1913,Cagliari,1,6,Niakhate Ndiaye,0.970999984741211,0.44400001525878907,0.45347023010253906,Head,FromCorner,MissedShots
688932,Serie_A,Parma Calcio 1913,Cagliari,1,10,Enrico Del Prato,0.8680000305175781,0.47700000762939454,0.03820762038230896,Head,SetPiece,MissedShots
688933,Serie_A,Parma Calcio 1913,Cagliari,1,12,El Bilal Touré,0.7930000305175782,0.4109999847412109,0.03269925341010094,RightFoot,OpenPlay,SavedShot
688935,Serie_A,Parma Calcio 1913,Cagliari,1,19,Abdou-Salam Konate,0.76,0.49599998474121093,0.011492544785141945,RightFoot,SetPiece,MissedShots
688937,Serie_A,Parma Calcio 1913,Cagliari,1,33,Christian Ordóñez,0.8180000305175781,0.52,0.05359756946563721,RightFoot,OpenPlay,MissedShots
688940,Serie_A,Parma Calcio 1913,Cagliari,1,41,Adrián Bernabé,0.785,0.3189999961853027,0.02419697493314743,LeftFoot,OpenPlay,MissedShots
688941,Serie_A,Parma Calcio 1913,Cagliari,1,43,Christian Ordóñez,0.8869999694824219,0.5840000152587891,0.04865017905831337,Head,SetPiece,MissedShots
688945,Serie_A,Parma Calcio 1913,Cagliari,1,57,Emanuele Valeri,0.7240000152587891,0.544000015258789,0.018499204888939857,LeftFoot,SetPiece,SavedShot
688946,Serie_A,Parma Calcio 1913,Cagliari,1,58,Simone Lontani,0.8730000305175781,0.6090000152587891,0.06322773545980453,LeftFoot,OpenPlay,MissedShots
688953,Serie_A,Parma Calcio 1913,Cagliari,1,83,Emanuele Valeri,0.7580000305175781,0.6780000305175782,0.018019376322627068,LeftFoot,OpenPlay,MissedShots
688954,Serie_A,Parma Calcio 1913,Cagliari,1,87,Enrico Del Prato,0.865,0.46799999237060547,0.040511347353458405,Head,SetPiece,MissedShots
688955,Serie_A,Parma Calcio 1913,Cagliari,1,92,Nesta Elphege,0.905,0.5220000076293946,0.2271450161933899,Head,SetPiece,MissedShots
688930,Serie_A,Cagliari,Parma Calcio 1913,0,3,Paul Mendy,0.9280000305175782,0.3559999847412109,0.08441579341888428,RightFoot,OpenPlay,BlockedShot
688934,Serie_A,Cagliari,Parma Calcio 1913,0,14,Daniel Maldini,0.754000015258789,0.62,0.020285312086343765,RightFoot,OpenPlay,MissedShots
688936,Serie_A,Cagliari,Parma Calcio 1913,0,25,Paul Mendy,0.8680000305175781,0.33099998474121095,0.05968280881643295,RightFoot,OpenPlay,SavedShot
688938,Serie_A,Cagliari,Parma Calcio 1913,0,35,Paul Mendy,0.9180000305175782,0.57,0.10529346764087677,RightFoot,OpenPlay,BlockedShot
688939,Serie_A,Cagliari,Parma Calcio 1913,0,36,Zé Pedro,0.924000015258789,0.4809999847412109,0.33542928099632263,Head,FromCorner,MissedShots
688942,Serie_A,Cagliari,Parma Calcio 1913,0,45,Alessandro Deiola,0.925,0.4329999923706055,0.2644155025482178,Head,SetPiece,MissedShots
688943,Serie_A,Cagliari,Parma Calcio 1913,0,49,Paul Mendy,0.8980000305175782,0.4829999923706055,0.04219847545027733,Head,OpenPlay,MissedShots
688944,Serie_A,Cagliari,Parma Calcio 1913,0,51,Harry Winks,0.764000015258789,0.6419999694824219,0.019002245739102364,RightFoot,OpenPlay,SavedShot
688947,Serie_A,Cagliari,Parma Calcio 1913,0,59,Jacopo Fazzini,0.8119999694824219,0.495,0.06816183030605316,RightFoot,OpenPlay,SavedShot
688948,Serie_A,Cagliari,Parma Calcio 1913,0,63,Ndary Adopo,0.914000015258789,0.3089999961853027,0.059290561825037,RightFoot,OpenPlay,BlockedShot
688949,Serie_A,Cagliari,Parma Calcio 1913,0,64,Alessandro Romano,0.8869999694824219,0.6220000076293946,0.0708564966917038,LeftFoot,OpenPlay,SavedShot
688950,Serie_A,Cagliari,Parma Calcio 1913,0,68,Harry Winks,0.815,0.5429999923706055,0.037222519516944885,RightFoot,FromCorner,MissedShots
688951,Serie_A,Cagliari,Parma Calcio 1913,0,72,Gennaro Borrelli,0.889000015258789,0.47299999237060547,0.06982602924108505,Head,OpenPlay,MissedShots
688952,Serie_A,Cagliari,Parma Calcio 1913,0,78,Alessandro Romano,0.7269999694824218,0.5059999847412109,0.021320393308997154,LeftFoot,OpenPlay,Goal
689061,Serie_A,Genoa,Napoli,1,5,Morten Frendrup,0.78,0.555,0.031965769827365875,RightFoot,OpenPlay,MissedShots
689062,Serie_A,Genoa,Napoli,1,5,Vitinha,0.8930000305175781,0.6730000305175782,0.06196822226047516,RightFoot,OpenPlay,MissedShots
689063,Serie_A,Genoa,Napoli,1,6,Vitinha,0.830999984741211,0.44,0.07531723380088806,RightFoot,OpenPlay,MissedShots
689065,Serie_A,Genoa,Napoli,1,20,Tommaso Baldanzi,0.885,0.3940000152587891,0.028502075001597404,LeftFoot,FromCorner,BlockedShot
689066,Serie_A,Genoa,Napoli,1,21,Alex Amorim,0.740999984741211,0.7030000305175781,0.017475035041570663,RightFoot,OpenPlay,SavedShot
689067,Serie_A,Genoa,Napoli,1,36,Tommaso Baldanzi,0.8730000305175781,0.485,0.08452215045690536,LeftFoot,OpenPlay,BlockedShot
689068,Serie_A,Genoa,Napoli,1,36,Vitinha,0.715,0.5720000076293945,0.01652284525334835,RightFoot,OpenPlay,SavedShot
689071,Serie_A,Genoa,Napoli,1,49,Mikael Ellertsson,0.87,0.7090000152587891,0.03961539641022682,LeftFoot,OpenPlay,BlockedShot
689072,Serie_A,Genoa,Napoli,1,50,Tommaso Baldanzi,0.8540000152587891,0.3579999923706055,0.020313257351517677,RightFoot,FromCorner,BlockedShot
689078,Serie_A,Genoa,Napoli,1,64,Tommaso Baldanzi,0.759000015258789,0.6,0.02025451324880123,LeftFoot,OpenPlay,BlockedShot
689082,Serie_A,Genoa,Napoli,1,78,Djibril Sow,0.8769999694824219,0.3220000076293945,0.10438989847898483,RightFoot,OpenPlay,MissedShots
689064,Serie_A,Napoli,Genoa,0,16,Amir Rrahmani,0.6759999847412109,0.49599998474121093,0.009548828937113285,RightFoot,OpenPlay,BlockedShot
689069,Serie_A,Napoli,Genoa,0,38,Alisson Santos,0.8219999694824218,0.705999984741211,0.028846463188529015,RightFoot,OpenPlay,MissedShots
689070,Serie_A,Napoli,Genoa,0,43,Leonardo Spinazzola,0.7980000305175782,0.625,0.031814202666282654,RightFoot,OpenPlay,SavedShot
689073,Serie_A,Napoli,Genoa,0,53,Alisson Santos,0.7269999694824218,0.5070000076293946,0.014709045179188251,RightFoot,FromCorner,MissedShots
689074,Serie_A,Napoli,Genoa,0,61,Alisson Santos,0.7869999694824219,0.7659999847412109,0.01457923837006092,RightFoot,OpenPlay,BlockedShot
689075,Serie_A,Napoli,Genoa,0,62,Scott McTominay,0.730999984741211,0.415,0.02035471610724926,RightFoot,OpenPlay,SavedShot
689076,Serie_A,Napoli,Genoa,0,63,Stanislav Lobotka,0.8159999847412109,0.5070000076293946,0.052859146147966385,LeftFoot,OpenPlay,BlockedShot
689077,Serie_A,Napoli,Genoa,0,63,Amir Rrahmani,0.7030000305175781,0.4809999847412109,0.011094087734818459,RightFoot,OpenPlay,MissedShots
689079,Serie_A,Napoli,Genoa,0,73,Stanislav Lobotka,0.7669999694824219,0.5820000076293945,0.022854404523968697,RightFoot,OpenPlay,MissedShots
689080,Serie_A,Napoli,Genoa,0,75,Leonardo Spinazzola,0.9359999847412109,0.6719999694824219,0.07587140053510666,LeftFoot,OpenPlay,BlockedShot
689081,Serie_A,Napoli,Genoa,0,78,Antonio Vergara,0.8530000305175781,0.5270000076293946,0.08113664388656616,LeftFoot,OpenPlay,BlockedShot
689083,Serie_A,Napoli,Genoa,0,81,Kevin De Bruyne,0.9109999847412109,0.4490000152587891,0.45273253321647644,RightFoot,OpenPlay,Goal
689084,Serie_A,Napoli,Genoa,0,86,Antonio Vergara,0.8930000305175781,0.6680000305175782,0.3415709435939789,LeftFoot,OpenPlay,Goal
689432,Serie_A,Frosinone,Juventus,1,3,Ilario Monterisi,0.9269999694824219,0.41900001525878905,0.0373021699488163,Head,SetPiece,MissedShots
689435,Serie_A,Frosinone,Juventus,1,12,Antonio Raimondo,0.8519999694824218,0.5990000152587891,0.07958833128213882,LeftFoot,OpenPlay,BlockedShot
689443,Serie_A,Frosinone,Juventus,1,39,Gabriele Bracaglia,0.7769999694824219,0.4779999923706055,0.03014686144888401,LeftFoot,OpenPlay,SavedShot
689444,Serie_A,Frosinone,Juventus,1,39,Giorgi Kvernadze,0.8769999694824219,0.6630000305175782,0.048899535089731216,RightFoot,OpenPlay,MissedShots
689451,Serie_A,Frosinone,Juventus,1,52,Seydou Fini,0.8669999694824219,0.30100000381469727,0.046847887337207794,LeftFoot,OpenPlay,SavedShot
689452,Serie_A,Frosinone,Juventus,1,57,Giorgi Kvernadze,0.89,0.740999984741211,0.03281349316239357,LeftFoot,OpenPlay,MissedShots
689455,Serie_A,Frosinone,Juventus,1,69,Gabriele Calvani,0.895,0.5459999847412109,0.016140511259436607,Head,FromCorner,MissedShots
689457,Serie_A,Frosinone,Juventus,1,73,Giorgi Kvernadze,0.860999984741211,0.845,0.018213994801044464,RightFoot,OpenPlay,BlockedShot
689459,Serie_A,Frosinone,Juventus,1,86,Luis Hasa,0.7880000305175782,0.6179999923706054,0.02015674114227295,LeftFoot,OpenPlay,MissedShots
689461,Serie_A,Frosinone,Juventus,1,92,Gabriele Calvani,0.9019999694824219,0.51,0.023445487022399902,Head,FromCorner,ShotOnPost
689462,Serie_A,Frosinone,Juventus,1,95,Aleksa Terzic,0.73,0.7480000305175781,0.013416200876235962,LeftFoot,OpenPlay,MissedShots
689433,Serie_A,Juventus,Frosinone,0,6,Randal Kolo Muani,0.8159999847412109,0.505,0.06112487614154816,LeftFoot,OpenPlay,SavedShot
689434,Serie_A,Juventus,Frosinone,0,6,Francisco Conceição,0.85,0.405,0.10696648806333542,LeftFoot,OpenPlay,BlockedShot
689436,Serie_A,Juventus,Frosinone,0,16,Bremer,0.9059999847412109,0.544000015258789,0.2416076511144638,Head,FromCorner,MissedShots
689437,Serie_A,Juventus,Frosinone,0,18,Randal Kolo Muani,0.9569999694824218,0.43599998474121093,0.4913389980792999,RightFoot,FromCorner,MissedShots
689438,Serie_A,Juventus,Frosinone,0,21,Bremer,0.9380000305175781,0.4979999923706055,0.3832777738571167,Head,FromCorner,Goal
689439,Serie_A,Juventus,Frosinone,0,30,Douglas Luiz,0.7340000152587891,0.6090000152587891,0.04826987907290459,RightFoot,DirectFreekick,MissedShots
689440,Serie_A,Juventus,Frosinone,0,34,Kenan Yildiz,0.9119999694824219,0.6869999694824219,0.04727887362241745,LeftFoot,FromCorner,BlockedShot
689441,Serie_A,Juventus,Frosinone,0,34,Lloyd Kelly,0.924000015258789,0.5409999847412109,0.11873103678226471,LeftFoot,FromCorner,MissedShots
689442,Serie_A,Juventus,Frosinone,0,37,Douglas Luiz,0.8130000305175781,0.47700000762939454,0.1022307276725769,RightFoot,OpenPlay,BlockedShot
689445,Serie_A,Juventus,Frosinone,0,41,Pierre Kalulu Kyatengwa,0.865,0.355,0.07590045779943466,RightFoot,OpenPlay,SavedShot
689446,Serie_A,Juventus,Frosinone,0,41,Kenan Yildiz,0.8630000305175781,0.5740000152587891,0.08500443398952484,RightFoot,OpenPlay,SavedShot
689447,Serie_A,Juventus,Frosinone,0,45,Douglas Luiz,0.715,0.46,0.018096566200256348,RightFoot,OpenPlay,MissedShots
689448,Serie_A,Juventus,Frosinone,0,47,Randal Kolo Muani,0.8640000152587891,0.6519999694824219,0.09445920586585999,RightFoot,OpenPlay,BlockedShot
689449,Serie_A,Juventus,Frosinone,0,47,Francisco Conceição,0.850999984741211,0.30700000762939456,0.044214729219675064,LeftFoot,OpenPlay,SavedShot
689450,Serie_A,Juventus,Frosinone,0,51,Francisco Conceição,0.9069999694824219,0.4620000076293945,0.47600626945495605,LeftFoot,OpenPlay,MissedShots
689453,Serie_A,Juventus,Frosinone,0,62,Weston McKennie,0.8569999694824219,0.34,0.07189016789197922,LeftFoot,OpenPlay,BlockedShot
689454,Serie_A,Juventus,Frosinone,0,65,Francisco Conceição,0.745,0.3189999961853027,0.016527138650417328,LeftFoot,OpenPlay,MissedShots
689456,Serie_A,Juventus,Frosinone,0,70,Weston McKennie,0.9169999694824219,0.54,0.0843922421336174,Head,FromCorner,MissedShots
689458,Serie_A,Juventus,Frosinone,0,82,Edon Zhegrova,0.6840000152587891,0.435,0.01938627101480961,LeftFoot,OpenPlay,MissedShots
689460,Serie_A,Juventus,Frosinone,0,87,Teun Koopmeiners,0.79,0.36,0.03688788414001465,RightFoot,OpenPlay,BlockedShot
689401,Serie_A,Venezia,Lecce,1,7,Antoine Hainaut,0.8230000305175781,0.3089999961853027,0.03201298788189888,RightFoot,OpenPlay,MissedShots
689402,Serie_A,Venezia,Lecce,1,10,John Yeboah,0.9109999847412109,0.385,0.05064038559794426,LeftFoot,SetPiece,MissedShots
689403,Serie_A,Venezia,Lecce,1,10,Akor Adams,0.9309999847412109,0.549000015258789,0.04957342520356178,Head,SetPiece,MissedShots
689404,Serie_A,Venezia,Lecce,1,15,Thierry Correia,0.879000015258789,0.5940000152587891,0.3452032804489136,RightFoot,OpenPlay,BlockedShot
689405,Serie_A,Venezia,Lecce,1,21,John Yeboah,0.8780000305175781,0.39599998474121095,0.48639410734176636,LeftFoot,OpenPlay,SavedShot
689407,Serie_A,Venezia,Lecce,1,23,Thierry Correia,0.7419999694824219,0.5970000076293945,0.0157932061702013,RightFoot,OpenPlay,MissedShots
689408,Serie_A,Venezia,Lecce,1,31,Gianluca Busio,0.8240000152587891,0.4859999847412109,0.08505605906248093,LeftFoot,OpenPlay,ShotOnPost
689411,Serie_A,Venezia,Lecce,1,46,Thierry Correia,0.924000015258789,0.5729999923706055,0.11305467039346695,LeftFoot,OpenPlay,BlockedShot
689413,Serie_A,Venezia,Lecce,1,48,Armel Bella Kotchap,0.955999984741211,0.45599998474121095,0.4938496947288513,Head,SetPiece,MissedShots
689414,Serie_A,Venezia,Lecce,1,49,Gianluca Busio,0.799000015258789,0.5929999923706055,0.03890662640333176,RightFoot,OpenPlay,BlockedShot
689415,Serie_A,Venezia,Lecce,1,56,Gianluca Busio,0.8069999694824219,0.46,0.13946682214736938,RightFoot,DirectFreekick,MissedShots
689416,Serie_A,Venezia,Lecce,1,58,Akor Adams,0.78,0.6759999847412109,0.02351287752389908,RightFoot,OpenPlay,SavedShot
689417,Serie_A,Venezia,Lecce,1,63,Akor Adams,0.925,0.5520000076293945,0.04190674051642418,Head,OpenPlay,MissedShots
689418,Serie_A,Venezia,Lecce,1,66,Antoine Hainaut,0.9219999694824219,0.4329999923706055,0.2572977542877197,Head,OpenPlay,MissedShots
689419,Serie_A,Venezia,Lecce,1,71,Bartol Franjic,0.9569999694824218,0.5670000076293945,0.3223833739757538,Head,FromCorner,SavedShot
689420,Serie_A,Venezia,Lecce,1,71,Bartol Franjic,0.9640000152587891,0.595,0.11452190577983856,RightFoot,FromCorner,SavedShot
689429,Serie_A,Venezia,Lecce,1,90,Ridgeciano Haps,0.9569999694824218,0.5520000076293945,0.5742291808128357,Head,OpenPlay,SavedShot
689430,Serie_A,Venezia,Lecce,1,90,Albion Rrahmani,0.8680000305175781,0.5020000076293946,0.07125745713710785,RightFoot,OpenPlay,MissedShots
689431,Serie_A,Venezia,Lecce,1,93,Albion Rrahmani,0.765,0.6659999847412109,0.02002852037549019,RightFoot,OpenPlay,SavedShot
689406,Serie_A,Lecce,Venezia,0,22,Konan N’Dri,0.7819999694824219,0.6559999847412109,0.050709452480077744,LeftFoot,OpenPlay,MissedShots
689409,Serie_A,Lecce,Venezia,0,33,Antonino Gallo,0.6880000305175781,0.6930000305175781,0.011043170467019081,LeftFoot,OpenPlay,MissedShots
689410,Serie_A,Lecce,Venezia,0,35,Lassana Coulibaly,0.9630000305175781,0.34099998474121096,0.05130332335829735,RightFoot,FromCorner,ShotOnPost
689412,Serie_A,Lecce,Venezia,0,45,Olaf Gorter,0.8340000152587891,0.4759999847412109,0.06215522810816765,RightFoot,OpenPlay,Goal
689421,Serie_A,Lecce,Venezia,0,76,Youssef Maleh,0.7880000305175782,0.5659999847412109,0.04692384600639343,LeftFoot,OpenPlay,SavedShot
689422,Serie_A,Lecce,Venezia,0,78,Santiago Pierotti,0.7419999694824219,0.43,0.02573743648827076,RightFoot,OpenPlay,BlockedShot
689423,Serie_A,Lecce,Venezia,0,78,Nikola Stulic,0.904000015258789,0.745999984741211,0.036932867020368576,RightFoot,OpenPlay,SavedShot
689424,Serie_A,Lecce,Venezia,0,78,Oumar Ngom,0.7219999694824218,0.6409999847412109,0.01607929915189743,RightFoot,OpenPlay,BlockedShot
689425,Serie_A,Lecce,Venezia,0,79,Tiago Gabriel,0.9830000305175781,0.4759999847412109,0.8139055371284485,Head,FromCorner,Goal
689426,Serie_A,Lecce,Venezia,0,81,Nikola Stulic,0.9590000152587891,0.56,0.5750685930252075,LeftFoot,OpenPlay,MissedShots
689427,Serie_A,Lecce,Venezia,0,83,Santiago Pierotti,0.960999984741211,0.5659999847412109,0.1487121433019638,RightFoot,OpenPlay,MissedShots
689428,Serie_A,Lecce,Venezia,0,83,Nikola Stulic,0.97,0.43599998474121093,0.6148409247398376,LeftFoot,OpenPlay,MissedShots
689542,Serie_A,Torino,AC Milan,1,8,Giovanni Simeone,0.9009999847412109,0.34700000762939454,0.06408829241991043,RightFoot,OpenPlay,BlockedShot
689551,Serie_A,Torino,AC Milan,1,52,Saúl Coco,0.92,0.39099998474121095,0.0629090666770935,OtherBodyPart,SetPiece,MissedShots
689555,Serie_A,Torino,AC Milan,1,62,Giovanni Simeone,0.8519999694824218,0.49700000762939456,0.0996403694152832,RightFoot,OpenPlay,BlockedShot
689561,Serie_A,Torino,AC Milan,1,73,Alieu Njie,0.9480000305175781,0.6609999847412109,0.27752840518951416,RightFoot,OpenPlay,ShotOnPost
689562,Serie_A,Torino,AC Milan,1,78,Pietro Comuzzo,0.8980000305175782,0.509000015258789,0.2812153697013855,LeftFoot,OpenPlay,MissedShots
689563,Serie_A,Torino,AC Milan,1,82,Kian Fitz-Jim,0.7440000152587891,0.7440000152587891,0.007675164844840765,RightFoot,OpenPlay,MissedShots
689564,Serie_A,Torino,AC Milan,1,83,Zakaria Aboukhlal,0.93,0.4279999923706055,0.2839096188545227,LeftFoot,OpenPlay,MissedShots
689565,Serie_A,Torino,AC Milan,1,92,Che Adams,0.874000015258789,0.5679999923706055,0.053387466818094254,RightFoot,SetPiece,Goal
689539,Serie_A,AC Milan,Torino,0,1,Alphadjo Cissè,0.9840000152587891,0.6580000305175782,0.033629462122917175,LeftFoot,OpenPlay,MissedShots
689540,Serie_A,AC Milan,Torino,0,2,Gonçalo Ramos,0.92,0.33599998474121096,0.08509033918380737,RightFoot,OpenPlay,BlockedShot
689541,Serie_A,AC Milan,Torino,0,5,Ruben Loftus-Cheek,0.8440000152587891,0.45,0.04673934355378151,RightFoot,OpenPlay,MissedShots
689543,Serie_A,AC Milan,Torino,0,20,Ruben Loftus-Cheek,0.9230000305175782,0.3820000076293945,0.10814416408538818,RightFoot,OpenPlay,BlockedShot
689544,Serie_A,AC Milan,Torino,0,22,Estupiñán,0.9119999694824219,0.5529999923706055,0.04685386270284653,Head,OpenPlay,BlockedShot
689545,Serie_A,AC Milan,Torino,0,24,Ruben Loftus-Cheek,0.9369999694824219,0.35400001525878905,0.09323994070291519,RightFoot,OpenPlay,MissedShots
689546,Serie_A,AC Milan,Torino,0,27,Alphadjo Cissè,0.8530000305175781,0.6990000152587891,0.041906192898750305,RightFoot,OpenPlay,BlockedShot
689547,Serie_A,AC Milan,Torino,0,29,Samuel Chukwueze,0.915,0.34799999237060547,0.08401156961917877,LeftFoot,OpenPlay,SavedShot
689548,Serie_A,AC Milan,Torino,0,29,Samuel Chukwueze,0.9030000305175782,0.40700000762939453,0.09470044821500778,LeftFoot,OpenPlay,MissedShots
689549,Serie_A,AC Milan,Torino,0,31,Alphadjo Cissè,0.9769999694824218,0.65,0.010902374051511288,Head,OpenPlay,MissedShots
689550,Serie_A,AC Milan,Torino,0,45,Ruben Loftus-Cheek,0.8859999847412109,0.42700000762939455,0.025712961331009865,Head,OpenPlay,MissedShots
689552,Serie_A,AC Milan,Torino,0,53,Gonçalo Ramos,0.9030000305175782,0.605999984741211,0.025679372251033783,Head,OpenPlay,MissedShots
689553,Serie_A,AC Milan,Torino,0,57,Gonçalo Ramos,0.905,0.53,0.10389932245016098,Head,OpenPlay,MissedShots
689554,Serie_A,AC Milan,Torino,0,57,Koni de Winter,0.965,0.40900001525878904,0.02447928674519062,Head,FromCorner,BlockedShot
689556,Serie_A,AC Milan,Torino,0,63,Alphadjo Cissè,0.8680000305175781,0.6459999847412109,0.031937126070261,RightFoot,OpenPlay,Goal
689557,Serie_A,AC Milan,Torino,0,66,Adrien Rabiot,0.965,0.5620000076293945,0.5211921334266663,LeftFoot,OpenPlay,Goal
689558,Serie_A,AC Milan,Torino,0,68,Gonçalo Ramos,0.8580000305175781,0.5479999923706055,0.1142195612192154,RightFoot,OpenPlay,BlockedShot
689559,Serie_A,AC Milan,Torino,0,68,Alexis Saelemaekers,0.845999984741211,0.53,0.11601155251264572,LeftFoot,OpenPlay,MissedShots
689560,Serie_A,AC Milan,Torino,0,71,Gonçalo Ramos,0.9580000305175781,0.5729999923706055,0.14106786251068115,LeftFoot,OpenPlay,SavedShot
689566,Serie_A,Atalanta,Sassuolo,1,5,Giacomo Raspadori,0.889000015258789,0.66,0.07293302565813065,LeftFoot,OpenPlay,Goal
689568,Serie_A,Atalanta,Sassuolo,1,9,Nicola Zalewski,0.8680000305175781,0.36,0.08692677319049835,RightFoot,OpenPlay,SavedShot
689569,Serie_A,Atalanta,Sassuolo,1,17,Giacomo Raspadori,0.8619999694824219,0.649000015258789,0.10093066096305847,LeftFoot,OpenPlay,BlockedShot
689570,Serie_A,Atalanta,Sassuolo,1,18,Éderson,0.7390000152587891,0.7180000305175781,0.013906747102737427,RightFoot,OpenPlay,SavedShot
689572,Serie_A,Atalanta,Sassuolo,1,24,Davide Zappacosta,0.9009999847412109,0.29600000381469727,0.058171115815639496,RightFoot,OpenPlay,ShotOnPost
689583,Serie_A,Atalanta,Sassuolo,1,44,Gianluca Gaetano,0.6790000152587891,0.6519999694824219,0.010919957421720028,RightFoot,OpenPlay,SavedShot
689585,Serie_A,Atalanta,Sassuolo,1,49,Éderson,0.7369999694824219,0.610999984741211,0.022654231637716293,RightFoot,OpenPlay,SavedShot
689586,Serie_A,Atalanta,Sassuolo,1,51,Giacomo Raspadori,0.8959999847412109,0.6669999694824219,0.07880966365337372,LeftFoot,OpenPlay,BlockedShot
689591,Serie_A,Atalanta,Sassuolo,1,64,Nikola Krstovic,0.840999984741211,0.4490000152587891,0.317706823348999,RightFoot,OpenPlay,Goal
689593,Serie_A,Atalanta,Sassuolo,1,69,Lazar Samardzic,0.7769999694824219,0.3609999847412109,0.03326035663485527,LeftFoot,OpenPlay,MissedShots
689596,Serie_A,Atalanta,Sassuolo,1,77,Nikola Krstovic,0.795,0.29399999618530276,0.026363302022218704,LeftFoot,OpenPlay,MissedShots
689597,Serie_A,Atalanta,Sassuolo,1,81,Nikola Krstovic,0.8580000305175781,0.32099998474121094,0.054807163774967194,RightFoot,OpenPlay,SavedShot
689599,Serie_A,Atalanta,Sassuolo,1,91,Davide Zappacosta,0.77,0.27299999237060546,0.017034882679581642,RightFoot,OpenPlay,BlockedShot
689600,Serie_A,Atalanta,Sassuolo,1,91,Giorgio Scalvini,0.9680000305175781,0.6129999923706054,0.0283904280513525,Head,FromCorner,MissedShots
689567,Serie_A,Sassuolo,Atalanta,0,9,Kieron Bowie,0.909000015258789,0.5609999847412109,0.08979575335979462,LeftFoot,OpenPlay,MissedShots
689571,Serie_A,Sassuolo,Atalanta,0,24,Darryl Bakola,0.815,0.45799999237060546,0.054870303720235825,LeftFoot,OpenPlay,MissedShots
689573,Serie_A,Sassuolo,Atalanta,0,26,Vasilije Adzic,0.7719999694824219,0.33799999237060546,0.019681517034769058,RightFoot,SetPiece,BlockedShot
689574,Serie_A,Sassuolo,Atalanta,0,26,Josh Doig,0.735999984741211,0.6170000076293946,0.01741953380405903,LeftFoot,SetPiece,BlockedShot
689575,Serie_A,Sassuolo,Atalanta,0,28,Armand Lauriente,0.8380000305175781,0.7280000305175781,0.030412815511226654,RightFoot,OpenPlay,BlockedShot
689576,Serie_A,Sassuolo,Atalanta,0,29,Armand Lauriente,0.7619999694824219,0.7,0.012120059691369534,RightFoot,OpenPlay,SavedShot
689577,Serie_A,Sassuolo,Atalanta,0,30,Vasilije Adzic,0.8969999694824219,0.465,0.4401110112667084,RightFoot,OpenPlay,SavedShot
689578,Serie_A,Sassuolo,Atalanta,0,31,Kieron Bowie,0.9680000305175781,0.535,0.5067192316055298,Head,FromCorner,MissedShots
689579,Serie_A,Sassuolo,Atalanta,0,35,Vasilije Adzic,0.904000015258789,0.45299999237060545,0.11833346635103226,RightFoot,OpenPlay,BlockedShot
689580,Serie_A,Sassuolo,Atalanta,0,39,Vasilije Adzic,0.9180000305175782,0.37400001525878906,0.08395663648843765,RightFoot,OpenPlay,SavedShot
689581,Serie_A,Sassuolo,Atalanta,0,41,Armand Lauriente,0.7180000305175781,0.72,0.032159894704818726,RightFoot,DirectFreekick,MissedShots
689582,Serie_A,Sassuolo,Atalanta,0,42,Cristian Volpato,0.9569999694824218,0.34200000762939453,0.062265362590551376,RightFoot,OpenPlay,SavedShot
689584,Serie_A,Sassuolo,Atalanta,0,49,Armand Lauriente,0.8730000305175781,0.605,0.05432065203785896,RightFoot,OpenPlay,MissedShots
689587,Serie_A,Sassuolo,Atalanta,0,54,Cas Odenthal,0.9630000305175781,0.51,0.5228176116943359,Head,OpenPlay,Goal
689588,Serie_A,Sassuolo,Atalanta,0,59,Armand Lauriente,0.8809999847412109,0.514000015258789,0.4269575774669647,RightFoot,OpenPlay,MissedShots
689589,Serie_A,Sassuolo,Atalanta,0,63,Nemanja Matic,0.7730000305175782,0.495,0.047021619975566864,LeftFoot,OpenPlay,MissedShots
689590,Serie_A,Sassuolo,Atalanta,0,64,Cristian Volpato,0.850999984741211,0.65,0.056816019117832184,RightFoot,OpenPlay,SavedShot
689592,Serie_A,Sassuolo,Atalanta,0,68,Kristian Thorstvedt,0.7819999694824219,0.40299999237060546,0.029541872441768646,LeftFoot,OpenPlay,SavedShot
689594,Serie_A,Sassuolo,Atalanta,0,70,Kristian Thorstvedt,0.8,0.455,0.04719197005033493,RightFoot,OpenPlay,BlockedShot
689595,Serie_A,Sassuolo,Atalanta,0,72,Armand Lauriente,0.764000015258789,0.7580000305175781,0.015928635373711586,RightFoot,FromCorner,SavedShot
689598,Serie_A,Sassuolo,Atalanta,0,89,Benjamín Domínguez,0.7390000152587891,0.7619999694824219,0.013829386793076992,RightFoot,OpenPlay,MissedShots
689601,Serie_A,Sassuolo,Atalanta,0,93,Simone Cinquegrano,0.8880000305175781,0.33,0.018757732585072517,RightFoot,OpenPlay,MissedShots
689650,Serie_A,Bologna,Lazio,1,16,Roberto Piccoli,0.905,0.5770000076293945,0.0583978071808815,LeftFoot,FromCorner,MissedShots
689652,Serie_A,Bologna,Lazio,1,35,Nadir Zortea,0.8590000152587891,0.2879999923706055,0.03542040288448334,RightFoot,OpenPlay,BlockedShot
689653,Serie_A,Bologna,Lazio,1,37,Jens Odgaard,0.97,0.42900001525878906,0.12377490103244781,RightFoot,FromCorner,MissedShots
689654,Serie_A,Bologna,Lazio,1,48,Eivind Helland,0.9209999847412109,0.6,0.037884846329689026,Head,FromCorner,MissedShots
689655,Serie_A,Bologna,Lazio,1,47,Jens Odgaard,0.9459999847412109,0.514000015258789,0.44898515939712524,Head,FromCorner,SavedShot
689656,Serie_A,Bologna,Lazio,1,47,Nicolò Cambiaghi,0.9519999694824218,0.55,0.1430547535419464,RightFoot,FromCorner,MissedShots
689657,Serie_A,Bologna,Lazio,1,50,Nicolò Cambiaghi,0.875999984741211,0.6559999847412109,0.053967010229825974,LeftFoot,OpenPlay,BlockedShot
689662,Serie_A,Bologna,Lazio,1,75,Federico Bernardeschi,0.7819999694824219,0.30100000381469727,0.057849738746881485,LeftFoot,DirectFreekick,SavedShot
689663,Serie_A,Bologna,Lazio,1,75,Eivind Helland,0.9209999847412109,0.5159999847412109,0.12310540676116943,RightFoot,FromCorner,BlockedShot
689664,Serie_A,Bologna,Lazio,1,76,Jonathan Rowe,0.9519999694824218,0.5029999923706054,0.4926746189594269,RightFoot,FromCorner,SavedShot
689666,Serie_A,Bologna,Lazio,1,81,Federico Bernardeschi,0.7969999694824219,0.2620000076293945,0.021152565255761147,LeftFoot,OpenPlay,MissedShots
689668,Serie_A,Bologna,Lazio,1,91,Emil Holm,0.725999984741211,0.525,0.04946599155664444,RightFoot,DirectFreekick,BlockedShot
689669,Serie_A,Bologna,Lazio,1,92,Jens Odgaard,0.8419999694824218,0.48700000762939455,0.06154492124915123,LeftFoot,SetPiece,MissedShots
689670,Serie_A,Bologna,Lazio,1,95,Lewis Ferguson,0.9519999694824218,0.5109999847412109,0.42124706506729126,LeftFoot,OpenPlay,BlockedShot
689647,Serie_A,Lazio,Bologna,0,7,Mattia Zaccagni,0.8680000305175781,0.6609999847412109,0.06462578475475311,RightFoot,OpenPlay,MissedShots
689648,Serie_A,Lazio,Bologna,0,12,Alfonso,0.845,0.7180000305175781,0.02391268126666546,RightFoot,OpenPlay,BlockedShot
689649,Serie_A,Lazio,Bologna,0,13,Matteo Cancellieri,0.8130000305175781,0.30100000381469727,0.027149327099323273,LeftFoot,FromCorner,SavedShot
689651,Serie_A,Lazio,Bologna,0,19,Matteo Cancellieri,0.7530000305175781,0.3390000152587891,0.0186875332146883,LeftFoot,OpenPlay,MissedShots
689658,Serie_A,Lazio,Bologna,0,57,Romano Floriani,0.8909999847412109,0.5309999847412109,0.06212911009788513,Head,FromCorner,MissedShots
689659,Serie_A,Lazio,Bologna,0,58,Davide Frattesi,0.93,0.39299999237060546,0.4022709131240845,RightFoot,OpenPlay,Goal
689660,Serie_A,Lazio,Bologna,0,62,Mattia Zaccagni,0.7469999694824219,0.624000015258789,0.017572656273841858,RightFoot,OpenPlay,SavedShot
689661,Serie_A,Lazio,Bologna,0,69,Mattia Zaccagni,0.7980000305175782,0.515,0.05850662291049957,RightFoot,OpenPlay,BlockedShot
689665,Serie_A,Lazio,Bologna,0,80,Nicolo Rovella,0.715999984741211,0.639000015258789,0.03821427375078201,RightFoot,DirectFreekick,MissedShots
689667,Serie_A,Lazio,Bologna,0,88,Gustav Isaksen,0.884000015258789,0.35700000762939454,0.09207892417907715,RightFoot,OpenPlay,MissedShots
689721,Serie_A,Roma,Fiorentina,1,3,Paulo Dybala,0.77,0.38799999237060545,0.03842644765973091,LeftFoot,OpenPlay,SavedShot
689722,Serie_A,Roma,Fiorentina,1,5,Paulo Dybala,0.830999984741211,0.3659999847412109,0.05444784089922905,LeftFoot,OpenPlay,MissedShots
689724,Serie_A,Roma,Fiorentina,1,13,Paulo Dybala,0.8780000305175781,0.36,0.043032705783843994,LeftFoot,OpenPlay,MissedShots
689725,Serie_A,Roma,Fiorentina,1,18,Rodrigo Mora,0.8869999694824219,0.6880000305175781,0.05268191173672676,RightFoot,OpenPlay,SavedShot
689726,Serie_A,Roma,Fiorentina,1,19,Evan Ndicka,0.9340000152587891,0.47,0.45131152868270874,Head,OpenPlay,MissedShots
689727,Serie_A,Roma,Fiorentina,1,24,Emanuele Lulli,0.9309999847412109,0.46099998474121096,0.06298177689313889,Head,OpenPlay,MissedShots
689728,Serie_A,Roma,Fiorentina,1,26,Donyell Malen,0.93,0.514000015258789,0.5867090225219727,LeftFoot,OpenPlay,Goal
689729,Serie_A,Roma,Fiorentina,1,30,Paulo Dybala,0.720999984741211,0.4879999923706055,0.0471002459526062,LeftFoot,DirectFreekick,BlockedShot
689730,Serie_A,Roma,Fiorentina,1,31,Donyell Malen,0.8590000152587891,0.5929999923706055,0.10022353380918503,RightFoot,OpenPlay,BlockedShot
689732,Serie_A,Roma,Fiorentina,1,40,Rodrigo Mora,0.7819999694824219,0.6840000152587891,0.029047468677163124,RightFoot,OpenPlay,SavedShot
689734,Serie_A,Roma,Fiorentina,1,51,Donyell Malen,0.9480000305175781,0.6559999847412109,0.09347377717494965,LeftFoot,OpenPlay,Goal
689736,Serie_A,Roma,Fiorentina,1,57,Donyell Malen,0.789000015258789,0.405,0.05142786726355553,RightFoot,OpenPlay,MissedShots
689737,Serie_A,Roma,Fiorentina,1,59,Donyell Malen,0.9730000305175781,0.4640000152587891,0.8310564756393433,RightFoot,OpenPlay,Goal
689743,Serie_A,Roma,Fiorentina,1,83,Santiago Castro,0.855999984741211,0.5459999847412109,0.12464580684900284,LeftFoot,OpenPlay,MissedShots
689744,Serie_A,Roma,Fiorentina,1,84,Matìas Soulè Malvano,0.945,0.38299999237060545,0.4595735967159271,LeftFoot,OpenPlay,SavedShot
689745,Serie_A,Roma,Fiorentina,1,85,Niccolò Pisilli,0.9519999694824218,0.4879999923706055,0.6463994979858398,RightFoot,OpenPlay,Goal
689746,Serie_A,Roma,Fiorentina,1,91,Matìas Soulè Malvano,0.8919999694824219,0.34,0.10267656296491623,LeftFoot,OpenPlay,BlockedShot
689723,Serie_A,Fiorentina,Roma,0,11,Marco Brescianini,0.7430000305175781,0.7130000305175781,0.015101534314453602,LeftFoot,OpenPlay,SavedShot
689731,Serie_A,Fiorentina,Roma,0,39,Cher Ndour,0.7369999694824219,0.37099998474121093,0.016107013449072838,RightFoot,OpenPlay,SavedShot
689733,Serie_A,Fiorentina,Roma,0,49,Franco Mastantuono,0.7390000152587891,0.29200000762939454,0.03873424232006073,LeftFoot,DirectFreekick,MissedShots
689735,Serie_A,Fiorentina,Roma,0,53,Cher Ndour,0.889000015258789,0.46599998474121096,0.04599360004067421,Head,OpenPlay,MissedShots
689738,Serie_A,Fiorentina,Roma,0,66,Christ Inao Oulaï,0.7559999847412109,0.34799999237060547,0.015219743363559246,RightFoot,FromCorner,MissedShots
689739,Serie_A,Fiorentina,Roma,0,70,Moise Kean,0.855,0.34700000762939454,0.1058669462800026,RightFoot,OpenPlay,SavedShot
689740,Serie_A,Fiorentina,Roma,0,71,Dodô,0.7140000152587891,0.3820000076293945,0.012313642539083958,RightFoot,FromCorner,MissedShots
689741,Serie_A,Fiorentina,Roma,0,72,Moise Kean,0.8209999847412109,0.7030000305175781,0.019305910915136337,RightFoot,OpenPlay,SavedShot
689742,Serie_A,Fiorentina,Roma,0,80,Radu Dragusin,0.9,0.37200000762939456,0.019333718344569206,Head,SetPiece,MissedShots
690019,Serie_A,AC Milan,Venezia,1,0,Gonçalo Ramos,0.8819999694824219,0.4570000076293945,0.09037931263446808,RightFoot,OpenPlay,MissedShots
690020,Serie_A,AC Milan,Venezia,1,4,Alphadjo Cissè,0.7769999694824219,0.5879999923706055,0.028464097529649734,RightFoot,OpenPlay,MissedShots
690021,Serie_A,AC Milan,Venezia,1,11,Gonçalo Ramos,0.8590000152587891,0.36900001525878906,0.278531938791275,LeftFoot,OpenPlay,SavedShot
690023,Serie_A,AC Milan,Venezia,1,21,Gonçalo Ramos,0.765,0.37,0.02117961272597313,LeftFoot,OpenPlay,MissedShots
690025,Serie_A,AC Milan,Venezia,1,32,Gonçalo Ramos,0.87,0.45799999237060546,0.10860191285610199,RightFoot,OpenPlay,SavedShot
690027,Serie_A,AC Milan,Venezia,1,39,Koni de Winter,0.9369999694824219,0.47,0.06394646316766739,Head,FromCorner,MissedShots
690028,Serie_A,AC Milan,Venezia,1,41,Gonçalo Ramos,0.92,0.5259999847412109,0.3787437975406647,LeftFoot,OpenPlay,MissedShots
690029,Serie_A,AC Milan,Venezia,1,43,Samuel Chukwueze,0.7319999694824219,0.4809999847412109,0.015244761481881142,LeftFoot,OpenPlay,SavedShot
690031,Serie_A,AC Milan,Venezia,1,50,Gonçalo Ramos,0.8109999847412109,0.475,0.05597592890262604,RightFoot,OpenPlay,BlockedShot
690032,Serie_A,AC Milan,Venezia,1,51,Koni de Winter,0.9159999847412109,0.48700000762939455,0.09336672723293304,Head,FromCorner,MissedShots
690033,Serie_A,AC Milan,Venezia,1,54,Yunus Musah,0.9540000152587891,0.5259999847412109,0.6009324789047241,RightFoot,SetPiece,ShotOnPost
690034,Serie_A,AC Milan,Venezia,1,59,Gonçalo Ramos,0.9480000305175781,0.465,0.5056936740875244,Head,OpenPlay,MissedShots
690035,Serie_A,AC Milan,Venezia,1,64,Strahinja Pavlovic,0.835999984741211,0.5920000076293945,0.06810557842254639,LeftFoot,OpenPlay,MissedShots
690037,Serie_A,AC Milan,Venezia,1,68,Gonçalo Ramos,0.9019999694824219,0.6359999847412109,0.35782667994499207,LeftFoot,OpenPlay,Goal
690039,Serie_A,AC Milan,Venezia,1,85,Adrien Rabiot,0.7609999847412109,0.5259999847412109,0.03546654060482979,RightFoot,OpenPlay,BlockedShot
690040,Serie_A,AC Milan,Venezia,1,88,Ardon Jashari,0.850999984741211,0.5829999923706055,0.5152838826179504,LeftFoot,OpenPlay,SavedShot
690022,Serie_A,Venezia,AC Milan,0,18,Akor Adams,0.9380000305175781,0.6719999694824219,0.07478322088718414,LeftFoot,OpenPlay,SavedShot
690024,Serie_A,Venezia,AC Milan,0,23,John Yeboah,0.9180000305175782,0.4829999923706055,0.10481403023004532,LeftFoot,OpenPlay,BlockedShot
690026,Serie_A,Venezia,AC Milan,0,36,John Yeboah,0.7340000152587891,0.3189999961853027,0.009822623804211617,LeftFoot,OpenPlay,MissedShots
690030,Serie_A,Venezia,AC Milan,0,48,Antoine Hainaut,0.91,0.29200000762939454,0.02688649110496044,RightFoot,OpenPlay,MissedShots
690036,Serie_A,Venezia,AC Milan,0,66,Akor Adams,0.8780000305175781,0.49599998474121093,0.13104067742824554,LeftFoot,OpenPlay,BlockedShot
690038,Serie_A,Venezia,AC Milan,0,72,John Yeboah,0.8419999694824218,0.3039999961853027,0.04900981858372688,LeftFoot,OpenPlay,SavedShot
690041,Serie_A,Venezia,AC Milan,0,88,Redouane Halal,0.13199999809265137,0.4779999923706055,0,LeftFoot,OpenPlay,OwnGoal
690042,Serie_A,Venezia,AC Milan,0,90,Akor Adams,0.8419999694824218,0.46,0.042765062302351,LeftFoot,OpenPlay,BlockedShot
690043,Serie_A,Venezia,AC Milan,0,90,Armel Bella Kotchap,0.6919999694824219,0.46799999237060547,0.009144832380115986,RightFoot,OpenPlay,MissedShots
690044,Serie_A,Venezia,AC Milan,0,92,Albion Rrahmani,0.9690000152587891,0.590999984741211,0.07333052158355713,RightFoot,FromCorner,BlockedShot
690596,Serie_A,Monza,Udinese,1,5,Manga Foe Ondoa,0.6969999694824218,0.47400001525878904,0.022536395117640495,RightFoot,FromCorner,BlockedShot
690597,Serie_A,Monza,Udinese,1,7,Manga Foe Ondoa,0.8580000305175781,0.6070000076293945,0.0749749019742012,RightFoot,OpenPlay,SavedShot
690599,Serie_A,Monza,Udinese,1,11,Andrea Colpani,0.8780000305175781,0.5309999847412109,0.11691274493932724,LeftFoot,OpenPlay,MissedShots
690600,Serie_A,Monza,Udinese,1,19,Gustavo Varela,0.7559999847412109,0.5990000152587891,0.02390645071864128,RightFoot,OpenPlay,BlockedShot
690601,Serie_A,Monza,Udinese,1,26,Patrick Cutrone,0.9619999694824218,0.455,0.635704517364502,RightFoot,OpenPlay,BlockedShot
690602,Serie_A,Monza,Udinese,1,27,Samuele Birindelli,0.9540000152587891,0.3509999847412109,0.013049154542386532,Head,OpenPlay,SavedShot
690603,Serie_A,Monza,Udinese,1,27,Andrea Carboni,0.965,0.55,0.1612214595079422,Head,OpenPlay,MissedShots
690607,Serie_A,Monza,Udinese,1,36,Andrea Colpani,0.909000015258789,0.37200000762939456,0.2781335115432739,RightFoot,OpenPlay,Goal
690615,Serie_A,Monza,Udinese,1,59,Gustavo Varela,0.785,0.4909999847412109,0.04053580388426781,RightFoot,OpenPlay,MissedShots
690616,Serie_A,Monza,Udinese,1,62,Gustavo Varela,0.9180000305175782,0.485,0.32058584690093994,Head,OpenPlay,Goal
690618,Serie_A,Monza,Udinese,1,70,Andrea Carboni,0.9269999694824219,0.515,0.11247564852237701,Head,FromCorner,SavedShot
690619,Serie_A,Monza,Udinese,1,86,Dany Mota,0.9880000305175781,0.3089999961853027,0.023039638996124268,RightFoot,SetPiece,MissedShots
690620,Serie_A,Monza,Udinese,1,92,Michael Folorunsho,0.745999984741211,0.45799999237060546,0.019492240622639656,RightFoot,OpenPlay,BlockedShot
690621,Serie_A,Monza,Udinese,1,92,Michael Folorunsho,0.8980000305175782,0.565,0.05750663951039314,Head,OpenPlay,MissedShots
690598,Serie_A,Udinese,Monza,0,8,Keinan Davis,0.899000015258789,0.7580000305175781,0.03510401025414467,LeftFoot,OpenPlay,BlockedShot
690604,Serie_A,Udinese,Monza,0,28,Jakub Piotrowski,0.9059999847412109,0.3890000152587891,0.1050240620970726,RightFoot,OpenPlay,BlockedShot
690605,Serie_A,Udinese,Monza,0,31,Jurgen Ekkelenkamp,0.8430000305175781,0.600999984741211,0.07341831177473068,RightFoot,OpenPlay,BlockedShot
690606,Serie_A,Udinese,Monza,0,31,Jakub Piotrowski,0.8980000305175782,0.42900001525878906,0.10116665065288544,LeftFoot,OpenPlay,Goal
690608,Serie_A,Udinese,Monza,0,43,Unai Gómez,0.84,0.42700000762939455,0.09238144755363464,LeftFoot,OpenPlay,BlockedShot
690609,Serie_A,Udinese,Monza,0,44,Hassane Kamara,0.6959999847412109,0.5629999923706055,0.01254954282194376,LeftFoot,FromCorner,Goal
690610,Serie_A,Udinese,Monza,0,47,Jakub Piotrowski,0.9369999694824219,0.46799999237060547,0.12147928774356842,Head,FromCorner,MissedShots
690611,Serie_A,Udinese,Monza,0,47,Jurgen Ekkelenkamp,0.8230000305175781,0.555,0.05129355937242508,RightFoot,FromCorner,Goal
690612,Serie_A,Udinese,Monza,0,47,Unai Gómez,0.85,0.485,0.11966873705387115,LeftFoot,OpenPlay,SavedShot
690613,Serie_A,Udinese,Monza,0,53,Keinan Davis,0.9019999694824219,0.6580000305175782,0.0974445566534996,LeftFoot,OpenPlay,MissedShots
690614,Serie_A,Udinese,Monza,0,57,Jurgen Ekkelenkamp,0.8680000305175781,0.624000015258789,0.1234082579612732,RightFoot,OpenPlay,SavedShot
690617,Serie_A,Udinese,Monza,0,67,Idrissa Gueye,0.8519999694824218,0.41700000762939454,0.09602534025907516,LeftFoot,OpenPlay,MissedShots
690622,Serie_A,Sassuolo,Torino,1,1,Simone Cinquegrano,0.9080000305175782,0.30100000381469727,0.027201035991311073,RightFoot,OpenPlay,ShotOnPost
690624,Serie_A,Sassuolo,Torino,1,10,Armand Lauriente,0.8930000305175781,0.735999984741211,0.03459055349230766,LeftFoot,OpenPlay,SavedShot
690625,Serie_A,Sassuolo,Torino,1,10,Vasilije Adzic,0.7280000305175781,0.5929999923706055,0.017862476408481598,RightFoot,OpenPlay,BlockedShot
690627,Serie_A,Sassuolo,Torino,1,17,Cristian Volpato,0.79,0.3240000152587891,0.023011136800050735,LeftFoot,OpenPlay,SavedShot
690628,Serie_A,Sassuolo,Torino,1,18,Armand Lauriente,0.8119999694824219,0.5520000076293945,0.06013353168964386,RightFoot,OpenPlay,BlockedShot
690629,Serie_A,Sassuolo,Torino,1,23,Kieron Bowie,0.9009999847412109,0.5379999923706055,0.08565415441989899,RightFoot,SetPiece,MissedShots
690630,Serie_A,Sassuolo,Torino,1,27,Kieron Bowie,0.8869999694824219,0.665,0.0661005899310112,RightFoot,OpenPlay,BlockedShot
690633,Serie_A,Sassuolo,Torino,1,31,Cristian Volpato,0.7530000305175781,0.3729999923706055,0.019232558086514473,LeftFoot,OpenPlay,Goal
690634,Serie_A,Sassuolo,Torino,1,37,Kieron Bowie,0.9309999847412109,0.5270000076293946,0.5777344107627869,LeftFoot,OpenPlay,SavedShot
690637,Serie_A,Sassuolo,Torino,1,47,Cristian Volpato,0.8530000305175781,0.34200000762939453,0.0851730927824974,LeftFoot,OpenPlay,BlockedShot
690638,Serie_A,Sassuolo,Torino,1,49,Armand Lauriente,0.7559999847412109,0.6869999694824219,0.017171289771795273,RightFoot,OpenPlay,MissedShots
690639,Serie_A,Sassuolo,Torino,1,51,Armand Lauriente,0.8119999694824219,0.6419999694824219,0.057772018015384674,RightFoot,OpenPlay,MissedShots
690640,Serie_A,Sassuolo,Torino,1,54,Simone Cinquegrano,0.9369999694824219,0.28399999618530275,0.07654337584972382,RightFoot,OpenPlay,SavedShot
690643,Serie_A,Sassuolo,Torino,1,58,Nemanja Matic,0.710999984741211,0.3060000038146973,0.010624922811985016,LeftFoot,OpenPlay,BlockedShot
690644,Serie_A,Sassuolo,Torino,1,64,Kristian Thorstvedt,0.794000015258789,0.64,0.028726428747177124,LeftFoot,OpenPlay,MissedShots
690645,Serie_A,Sassuolo,Torino,1,67,Armand Lauriente,0.889000015258789,0.6769999694824219,0.0635477751493454,RightFoot,OpenPlay,SavedShot
690646,Serie_A,Sassuolo,Torino,1,77,Domenico Berardi,0.8809999847412109,0.37200000762939456,0.09619040042161942,LeftFoot,SetPiece,Goal
690647,Serie_A,Sassuolo,Torino,1,82,Armand Lauriente,0.8430000305175781,0.38,0.07071702927350998,RightFoot,OpenPlay,BlockedShot
690650,Serie_A,Sassuolo,Torino,1,93,Armand Lauriente,0.889000015258789,0.3579999923706055,0.12724745273590088,RightFoot,OpenPlay,MissedShots
690623,Serie_A,Torino,Sassuolo,0,6,Che Adams,0.9019999694824219,0.66,0.25997620820999146,LeftFoot,OpenPlay,SavedShot
690626,Serie_A,Torino,Sassuolo,0,12,Nikola Vlasic,0.8369999694824218,0.5970000076293945,0.08263759315013885,RightFoot,OpenPlay,BlockedShot
690631,Serie_A,Torino,Sassuolo,0,27,Nikola Vlasic,0.9330000305175781,0.664000015258789,0.08002215623855591,LeftFoot,OpenPlay,SavedShot
690632,Serie_A,Torino,Sassuolo,0,30,Gvidas Gineitis,0.8719999694824219,0.55,0.10880263149738312,LeftFoot,OpenPlay,MissedShots
690635,Serie_A,Torino,Sassuolo,0,40,Saúl Coco,0.9259999847412109,0.4470000076293945,0.3401920199394226,Head,SetPiece,SavedShot
690636,Serie_A,Torino,Sassuolo,0,46,Pietro Comuzzo,0.9230000305175782,0.46599998474121096,0.3513087034225464,Head,OpenPlay,Goal
690641,Serie_A,Torino,Sassuolo,0,56,Giovanni Simeone,0.9319999694824219,0.5120000076293946,0.08988752961158752,Head,OpenPlay,MissedShots
690642,Serie_A,Torino,Sassuolo,0,57,Alessio Cacciamani,0.8469999694824218,0.5070000076293946,0.13142065703868866,LeftFoot,OpenPlay,BlockedShot
690648,Serie_A,Torino,Sassuolo,0,92,Kian Fitz-Jim,0.725,0.5540000152587891,0.018497316166758537,RightFoot,OpenPlay,MissedShots
690649,Serie_A,Torino,Sassuolo,0,93,Zakaria Aboukhlal,0.8159999847412109,0.3729999923706055,0.039381373673677444,LeftFoot,OpenPlay,BlockedShot
690652,Serie_A,Fiorentina,Frosinone,1,8,Cher Ndour,0.9209999847412109,0.29399999618530276,0.05184074491262436,LeftFoot,OpenPlay,BlockedShot
690654,Serie_A,Fiorentina,Frosinone,1,12,Albert Gudmundsson,0.8809999847412109,0.664000015258789,0.06866529583930969,RightFoot,OpenPlay,SavedShot
690655,Serie_A,Fiorentina,Frosinone,1,15,Franco Mastantuono,0.7719999694824219,0.385,0.07143959403038025,LeftFoot,DirectFreekick,BlockedShot
690656,Serie_A,Fiorentina,Frosinone,1,16,Franco Mastantuono,0.8519999694824218,0.3509999847412109,0.05219380557537079,LeftFoot,OpenPlay,MissedShots
690657,Serie_A,Fiorentina,Frosinone,1,19,Albert Gudmundsson,0.8030000305175782,0.515,0.0487932413816452,LeftFoot,OpenPlay,BlockedShot
690658,Serie_A,Fiorentina,Frosinone,1,19,Arthur Atta,0.7680000305175781,0.5220000076293946,0.02024865709245205,RightFoot,OpenPlay,BlockedShot
690661,Serie_A,Fiorentina,Frosinone,1,32,Arthur Atta,0.759000015258789,0.34599998474121096,0.019047856330871582,LeftFoot,OpenPlay,SavedShot
690662,Serie_A,Fiorentina,Frosinone,1,33,Mateo Pellegrino,0.92,0.395,0.07910561561584473,RightFoot,OpenPlay,MissedShots
690663,Serie_A,Fiorentina,Frosinone,1,34,Franco Mastantuono,0.899000015258789,0.34,0.05937468260526657,RightFoot,OpenPlay,ShotOnPost
690664,Serie_A,Fiorentina,Frosinone,1,34,Mateo Pellegrino,0.9490000152587891,0.5970000076293945,0.11944115161895752,LeftFoot,OpenPlay,MissedShots
690665,Serie_A,Fiorentina,Frosinone,1,35,Valde,0.88,0.6029999923706054,0.07307203114032745,LeftFoot,OpenPlay,ShotOnPost
690666,Serie_A,Fiorentina,Frosinone,1,36,Albert Gudmundsson,0.865999984741211,0.43900001525878907,0.08283423632383347,RightFoot,OpenPlay,BlockedShot
690667,Serie_A,Fiorentina,Frosinone,1,36,Franco Mastantuono,0.74,0.34200000762939453,0.016720149666070938,LeftFoot,OpenPlay,SavedShot
690669,Serie_A,Fiorentina,Frosinone,1,39,Albert Gudmundsson,0.914000015258789,0.649000015258789,0.05463071167469025,LeftFoot,OpenPlay,MissedShots
690672,Serie_A,Fiorentina,Frosinone,1,50,Arthur Atta,0.8919999694824219,0.5509999847412109,0.05873050540685654,Head,FromCorner,MissedShots
690673,Serie_A,Fiorentina,Frosinone,1,50,Arthur Atta,0.9419999694824219,0.4909999847412109,0.5989786386489868,RightFoot,OpenPlay,MissedShots
690674,Serie_A,Fiorentina,Frosinone,1,51,Cher Ndour,0.785,0.6179999923706054,0.02204000949859619,RightFoot,OpenPlay,MissedShots
690676,Serie_A,Fiorentina,Frosinone,1,55,Alejandro Jiménez,0.7619999694824219,0.3129999923706055,0.026333553716540337,RightFoot,FromCorner,BlockedShot
690677,Serie_A,Fiorentina,Frosinone,1,56,Franco Mastantuono,0.86,0.2620000076293945,0.02978713996708393,LeftFoot,OpenPlay,MissedShots
690678,Serie_A,Fiorentina,Frosinone,1,62,Franco Mastantuono,0.8669999694824219,0.5509999847412109,0.09789974242448807,LeftFoot,OpenPlay,MissedShots
690680,Serie_A,Fiorentina,Frosinone,1,64,Nicolo Fagioli,0.815,0.3629999923706055,0.03216741979122162,RightFoot,OpenPlay,BlockedShot
690682,Serie_A,Fiorentina,Frosinone,1,80,Arthur Atta,0.7319999694824219,0.3129999923706055,0.0081064747646451,RightFoot,OpenPlay,BlockedShot
690684,Serie_A,Fiorentina,Frosinone,1,82,Mateo Pellegrino,0.875999984741211,0.6090000152587891,0.08709792792797089,LeftFoot,OpenPlay,MissedShots
690686,Serie_A,Fiorentina,Frosinone,1,88,Franco Mastantuono,0.74,0.4,0.015871873125433922,LeftFoot,OpenPlay,MissedShots
690687,Serie_A,Fiorentina,Frosinone,1,93,Rolando Mandragora,0.674000015258789,0.24100000381469727,0.024150971323251724,LeftFoot,DirectFreekick,SavedShot
690651,Serie_A,Frosinone,Fiorentina,0,3,Giorgi Kvernadze,0.845999984741211,0.6990000152587891,0.03796069696545601,RightFoot,OpenPlay,MissedShots
690653,Serie_A,Frosinone,Fiorentina,0,10,Gabriele Bracaglia,0.8219999694824218,0.48400001525878905,0.061776742339134216,LeftFoot,OpenPlay,SavedShot
690659,Serie_A,Frosinone,Fiorentina,0,24,Seydou Fini,0.924000015258789,0.6090000152587891,0.3246402144432068,RightFoot,OpenPlay,BlockedShot
690660,Serie_A,Frosinone,Fiorentina,0,25,Antonio Raimondo,0.9619999694824218,0.5620000076293945,0.5981650352478027,LeftFoot,OpenPlay,Goal
690668,Serie_A,Frosinone,Fiorentina,0,37,Gabriele Bracaglia,0.92,0.48400001525878905,0.19158370792865753,Head,FromCorner,Goal
690670,Serie_A,Frosinone,Fiorentina,0,45,Anthony Oyono,0.7869999694824219,0.34799999237060547,0.07643209397792816,RightFoot,OpenPlay,SavedShot
690671,Serie_A,Frosinone,Fiorentina,0,46,Ilario Monterisi,0.9159999847412109,0.44799999237060545,0.07436154037714005,Head,FromCorner,MissedShots
690675,Serie_A,Frosinone,Fiorentina,0,53,Anthony Oyono,0.945,0.38299999237060545,0.01411414798349142,Head,FromCorner,BlockedShot
690679,Serie_A,Frosinone,Fiorentina,0,64,Ilario Monterisi,0.91,0.5520000076293945,0.0838264673948288,RightFoot,SetPiece,SavedShot
690681,Serie_A,Frosinone,Fiorentina,0,67,Antonio Raimondo,0.925,0.33799999237060546,0.31298574805259705,LeftFoot,OpenPlay,Goal
690683,Serie_A,Frosinone,Fiorentina,0,81,Giorgio Cittadini,0.915,0.51,0.039530690759420395,Head,FromCorner,MissedShots
690685,Serie_A,Frosinone,Fiorentina,0,86,Giorgi Kvernadze,0.8919999694824219,0.7090000152587891,0.13734427094459534,RightFoot,OpenPlay,BlockedShot
690881,Serie_A,Juventus,Parma Calcio 1913,1,7,Douglas Luiz,0.7769999694824219,0.47900001525878905,0,RightFoot,OpenPlay,MissedShots
690883,Serie_A,Juventus,Parma Calcio 1913,1,18,Douglas Luiz,0.7240000152587891,0.4979999923706055,0,RightFoot,DirectFreekick,BlockedShot
690884,Serie_A,Juventus,Parma Calcio 1913,1,25,Douglas Luiz,0.8119999694824219,0.47900001525878905,0,RightFoot,OpenPlay,MissedShots
690885,Serie_A,Juventus,Parma Calcio 1913,1,32,Francisco Conceição,0.7469999694824219,0.46799999237060547,0,LeftFoot,OpenPlay,ShotOnPost
690886,Serie_A,Juventus,Parma Calcio 1913,1,37,Francisco Conceição,0.7680000305175781,0.33299999237060546,0,LeftFoot,DirectFreekick,MissedShots
690887,Serie_A,Juventus,Parma Calcio 1913,1,41,Douglas Luiz,0.9080000305175782,0.5459999847412109,0,Head,OpenPlay,SavedShot
690888,Serie_A,Juventus,Parma Calcio 1913,1,45,Jonathan Christian David,0.8240000152587891,0.4929999923706055,0,RightFoot,OpenPlay,BlockedShot
690889,Serie_A,Juventus,Parma Calcio 1913,1,48,Douglas Luiz,0.9119999694824219,0.4620000076293945,0,Head,FromCorner,MissedShots
690890,Serie_A,Juventus,Parma Calcio 1913,1,48,Jhon Lucumí,0.8780000305175781,0.515,0,LeftFoot,FromCorner,MissedShots
690891,Serie_A,Juventus,Parma Calcio 1913,1,51,Jonathan Christian David,0.830999984741211,0.5770000076293945,0,RightFoot,OpenPlay,MissedShots
690892,Serie_A,Juventus,Parma Calcio 1913,1,55,Randal Kolo Muani,0.875,0.43,0,RightFoot,OpenPlay,BlockedShot
690893,Serie_A,Juventus,Parma Calcio 1913,1,55,Randal Kolo Muani,0.8780000305175781,0.4379999923706055,0,RightFoot,OpenPlay,MissedShots
690894,Serie_A,Juventus,Parma Calcio 1913,1,59,Nicolás González,0.8190000152587891,0.6519999694824219,0,LeftFoot,FromCorner,SavedShot
690895,Serie_A,Juventus,Parma Calcio 1913,1,60,Bremer,0.9230000305175782,0.49900001525878906,0,Head,FromCorner,MissedShots
690896,Serie_A,Juventus,Parma Calcio 1913,1,61,Nicolás González,0.700999984741211,0.40099998474121096,0,LeftFoot,OpenPlay,ShotOnPost
690897,Serie_A,Juventus,Parma Calcio 1913,1,61,Nicolás González,0.7430000305175781,0.5129999923706055,0,LeftFoot,OpenPlay,Goal
690900,Serie_A,Juventus,Parma Calcio 1913,1,69,Randal Kolo Muani,0.9269999694824219,0.395,0,RightFoot,OpenPlay,SavedShot
690901,Serie_A,Juventus,Parma Calcio 1913,1,69,Randal Kolo Muani,0.95,0.49599998474121093,0,Head,FromCorner,MissedShots
690902,Serie_A,Juventus,Parma Calcio 1913,1,82,Nicolás González,0.7180000305175781,0.45599998474121095,0,LeftFoot,DirectFreekick,MissedShots
690904,Serie_A,Juventus,Parma Calcio 1913,1,87,Teun Koopmeiners,0.8380000305175781,0.64,0,LeftFoot,OpenPlay,Goal
690905,Serie_A,Juventus,Parma Calcio 1913,1,93,Douglas Luiz,0.8159999847412109,0.65,0,RightFoot,SetPiece,SavedShot
690882,Serie_A,Parma Calcio 1913,Juventus,0,12,Christian Ordóñez,0.8680000305175781,0.539000015258789,0,LeftFoot,SetPiece,MissedShots
690898,Serie_A,Parma Calcio 1913,Juventus,0,63,David Romero,0.725999984741211,0.5279999923706055,0,RightFoot,OpenPlay,SavedShot
690899,Serie_A,Parma Calcio 1913,Juventus,0,63,David Romero,0.909000015258789,0.5070000076293946,0,Head,OpenPlay,SavedShot
690903,Serie_A,Parma Calcio 1913,Juventus,0,84,David Romero,0.8490000152587891,0.5840000152587891,0,LeftFoot,OpenPlay,SavedShot
691389,Serie_A,Napoli,Como,1,5,Rasmus Højlund,0.965999984741211,0.5429999923706055,0.15136128664016724,RightFoot,OpenPlay,MissedShots
691390,Serie_A,Napoli,Como,1,5,Scott McTominay,0.9590000152587891,0.46900001525878904,0.15529963374137878,RightFoot,OpenPlay,BlockedShot
691391,Serie_A,Napoli,Como,1,6,Mathías Olivera,0.8640000152587891,0.625,0.059823859483003616,LeftFoot,OpenPlay,MissedShots
691395,Serie_A,Napoli,Como,1,18,Noa Lang,0.9680000305175781,0.575999984741211,0.2839755713939667,Head,OpenPlay,MissedShots
691398,Serie_A,Napoli,Como,1,29,Rasmus Højlund,0.8169999694824219,0.5320000076293945,0.06928355246782303,LeftFoot,OpenPlay,Goal
691409,Serie_A,Napoli,Como,1,54,Mathías Olivera,0.8930000305175781,0.61,0.09464391320943832,LeftFoot,OpenPlay,MissedShots
691410,Serie_A,Napoli,Como,1,57,Franck Zambo,0.899000015258789,0.5940000152587891,0.03922438248991966,Head,OpenPlay,MissedShots
691411,Serie_A,Napoli,Como,1,59,Giovanni Di Lorenzo,0.9130000305175782,0.6930000305175781,0.012472892180085182,Head,FromCorner,BlockedShot
691412,Serie_A,Napoli,Como,1,59,Alisson Santos,0.750999984741211,0.6930000305175781,0.017276598140597343,RightFoot,FromCorner,BlockedShot
691416,Serie_A,Napoli,Como,1,79,Kevin De Bruyne,0.715,0.5170000076293946,0.013337329961359501,RightFoot,OpenPlay,MissedShots
691417,Serie_A,Napoli,Como,1,82,Alisson Santos,0.8719999694824219,0.6809999847412109,0.056064680218696594,RightFoot,OpenPlay,MissedShots
691419,Serie_A,Napoli,Como,1,89,Lorenzo Lucca,0.95,0.515,0.08034532517194748,Head,FromCorner,SavedShot
691421,Serie_A,Napoli,Como,1,91,David Neres,0.784000015258789,0.3270000076293945,0.022721735760569572,LeftFoot,OpenPlay,BlockedShot
691388,Serie_A,Como,Napoli,0,4,Álex Valle,0.860999984741211,0.6890000152587891,0.043453894555568695,LeftFoot,OpenPlay,MissedShots
691392,Serie_A,Como,Napoli,0,13,Lucas Da Cunha,0.764000015258789,0.7,0.016507122665643692,LeftFoot,OpenPlay,BlockedShot
691393,Serie_A,Como,Napoli,0,14,Álex Valle,0.9109999847412109,0.4379999923706055,0.05961710214614868,Head,FromCorner,MissedShots
691394,Serie_A,Como,Napoli,0,16,Martin Baturina,0.8969999694824219,0.47400001525878904,0.13242031633853912,LeftFoot,OpenPlay,Goal
691396,Serie_A,Como,Napoli,0,21,Assane Diao,0.905,0.4809999847412109,0.07083366811275482,Head,FromCorner,SavedShot
691397,Serie_A,Como,Napoli,0,27,Jacobo Ramón,0.8440000152587891,0.40200000762939453,0.020203998312354088,RightFoot,FromCorner,MissedShots
691399,Serie_A,Como,Napoli,0,32,Lucas Da Cunha,0.395,0.4229999923706055,0.0068541159853339195,LeftFoot,SetPiece,MissedShots
691400,Serie_A,Como,Napoli,0,33,Tasos Douvikas,0.8619999694824219,0.48400001525878905,0.0315031036734581,Head,OpenPlay,MissedShots
691401,Serie_A,Como,Napoli,0,33,Tasos Douvikas,0.8640000152587891,0.48,0.08911946415901184,RightFoot,OpenPlay,Goal
691402,Serie_A,Como,Napoli,0,42,Nico Paz,0.8780000305175781,0.29399999618530276,0.10718140006065369,LeftFoot,OpenPlay,BlockedShot
691403,Serie_A,Como,Napoli,0,43,Martin Baturina,0.735999984741211,0.4329999923706055,0.02347319945693016,RightFoot,OpenPlay,MissedShots
691404,Serie_A,Como,Napoli,0,48,Lucas Da Cunha,0.7,0.4540000152587891,0.018520500510931015,LeftFoot,OpenPlay,BlockedShot
691405,Serie_A,Como,Napoli,0,48,Martin Baturina,0.8819999694824219,0.4759999847412109,0.0788746178150177,Head,OpenPlay,SavedShot
691406,Serie_A,Como,Napoli,0,48,Assane Diao,0.9030000305175782,0.445,0.04695391654968262,Head,OpenPlay,MissedShots
691407,Serie_A,Como,Napoli,0,51,Nico Paz,0.895,0.21899999618530275,0.03411304950714111,LeftFoot,OpenPlay,MissedShots
691408,Serie_A,Como,Napoli,0,51,Martin Baturina,0.785,0.6890000152587891,0.027891919016838074,RightFoot,OpenPlay,MissedShots
691413,Serie_A,Como,Napoli,0,77,Nico Paz,0.7930000305175782,0.35700000762939454,0.03258645161986351,RightFoot,OpenPlay,MissedShots
691414,Serie_A,Como,Napoli,0,77,Nico Paz,0.8519999694824218,0.39599998474121095,0.09109954535961151,LeftFoot,OpenPlay,BlockedShot
691415,Serie_A,Como,Napoli,0,77,Nico Paz,0.725999984741211,0.4640000152587891,0.025805534794926643,LeftFoot,OpenPlay,BlockedShot
691418,Serie_A,Como,Napoli,0,87,Kaiki,0.799000015258789,0.5420000076293945,0.06007097288966179,RightFoot,OpenPlay,SavedShot
691420,Serie_A,Como,Napoli,0,90,Tasos Douvikas,0.9319999694824219,0.4570000076293945,0.08041650056838989,Head,OpenPlay,SavedShot
691480,Serie_A,Cagliari,Inter,1,48,Daniel Maldini,0.75,0.41400001525878904,0.05994540452957153,RightFoot,DirectFreekick,BlockedShot
691481,Serie_A,Cagliari,Inter,1,49,Jacopo Fazzini,0.740999984741211,0.38,0.014725293032824993,RightFoot,FromCorner,MissedShots
691486,Serie_A,Cagliari,Inter,1,60,Alieu Fadera,0.8240000152587891,0.715999984741211,0.02330186404287815,RightFoot,OpenPlay,MissedShots
691490,Serie_A,Cagliari,Inter,1,69,Alessandro Romano,0.845999984741211,0.285,0.023404451087117195,RightFoot,FromCorner,MissedShots
691492,Serie_A,Cagliari,Inter,1,76,Alieu Fadera,0.7719999694824219,0.5579999923706055,0.016050849109888077,RightFoot,OpenPlay,MissedShots
691495,Serie_A,Cagliari,Inter,1,79,Adam Obert,0.889000015258789,0.6480000305175782,0.06874082237482071,LeftFoot,OpenPlay,MissedShots
691496,Serie_A,Cagliari,Inter,1,83,Ndary Adopo,0.8640000152587891,0.5459999847412109,0.03288455680012703,LeftFoot,OpenPlay,BlockedShot
691497,Serie_A,Cagliari,Inter,1,84,Gennaro Borrelli,0.960999984741211,0.600999984741211,0.016582699492573738,Head,FromCorner,MissedShots
691502,Serie_A,Cagliari,Inter,1,89,Juan Rodríguez,0.74,0.46799999237060547,0.02013535238802433,LeftFoot,OpenPlay,MissedShots
691503,Serie_A,Cagliari,Inter,1,91,Riccardo Ciervo,0.9030000305175782,0.6830000305175781,0.0475543774664402,RightFoot,FromCorner,MissedShots
691464,Serie_A,Inter,Cagliari,0,4,Lautaro Martínez,0.9269999694824219,0.44400001525878907,0.11958739161491394,Head,OpenPlay,MissedShots
691465,Serie_A,Inter,Cagliari,0,8,Hakan Calhanoglu,0.775,0.5320000076293945,0.03170663118362427,RightFoot,OpenPlay,Goal
691466,Serie_A,Inter,Cagliari,0,22,Lautaro Martínez,0.8019999694824219,0.3390000152587891,0.02273368649184704,RightFoot,OpenPlay,MissedShots
691467,Serie_A,Inter,Cagliari,0,24,Manuel Akanji,0.9169999694824219,0.45,0.11032509803771973,Head,SetPiece,MissedShots
691468,Serie_A,Inter,Cagliari,0,25,Nicolò Barella,0.79,0.315,0.0658247247338295,RightFoot,OpenPlay,SavedShot
691469,Serie_A,Inter,Cagliari,0,27,Federico Dimarco,0.875,0.5520000076293945,0.2979958951473236,RightFoot,OpenPlay,SavedShot
691470,Serie_A,Inter,Cagliari,0,28,Alessandro Bastoni,0.9380000305175781,0.58,0.029058365151286125,Head,FromCorner,MissedShots
691471,Serie_A,Inter,Cagliari,0,28,Francesco Pio Esposito,0.9340000152587891,0.44,0.10006418079137802,Head,FromCorner,BlockedShot
691472,Serie_A,Inter,Cagliari,0,28,Lautaro Martínez,0.9540000152587891,0.47400001525878904,0.12882199883460999,RightFoot,FromCorner,BlockedShot
691473,Serie_A,Inter,Cagliari,0,28,Benjamin Pavard,0.8430000305175781,0.3990000152587891,0.04468739405274391,RightFoot,FromCorner,MissedShots
691474,Serie_A,Inter,Cagliari,0,31,Nicolò Barella,0.79,0.295,0.27514928579330444,RightFoot,OpenPlay,BlockedShot
691475,Serie_A,Inter,Cagliari,0,32,Lautaro Martínez,0.9390000152587891,0.4979999923706055,0.07045108824968338,Head,FromCorner,MissedShots
691476,Serie_A,Inter,Cagliari,0,34,Lautaro Martínez,0.884000015258789,0.4540000152587891,0.11411511898040771,RightFoot,OpenPlay,BlockedShot
691477,Serie_A,Inter,Cagliari,0,40,Luis Henrique,0.87,0.30100000381469727,0.05645207315683365,RightFoot,OpenPlay,MissedShots
691478,Serie_A,Inter,Cagliari,0,43,Federico Dimarco,0.88,0.6580000305175782,0.3042411506175995,LeftFoot,OpenPlay,MissedShots
691479,Serie_A,Inter,Cagliari,0,45,Francesco Pio Esposito,0.815,0.4929999923706055,0.06748168915510178,RightFoot,OpenPlay,SavedShot
691482,Serie_A,Inter,Cagliari,0,50,Lautaro Martínez,0.8869999694824219,0.5770000076293945,0.12506572902202606,RightFoot,OpenPlay,MissedShots
691483,Serie_A,Inter,Cagliari,0,52,Francesco Pio Esposito,0.9290000152587891,0.46700000762939453,0.5855926275253296,RightFoot,OpenPlay,SavedShot
691484,Serie_A,Inter,Cagliari,0,56,Hakan Calhanoglu,0.75,0.6959999847412109,0.044120904058218,RightFoot,DirectFreekick,BlockedShot
691485,Serie_A,Inter,Cagliari,0,57,Francesco Pio Esposito,0.9209999847412109,0.4570000076293945,0.06307147443294525,Head,OpenPlay,MissedShots
691487,Serie_A,Inter,Cagliari,0,64,Curtis Jones,0.8430000305175781,0.7219999694824218,0.040478404611349106,RightFoot,OpenPlay,BlockedShot
691488,Serie_A,Inter,Cagliari,0,65,Lautaro Martínez,0.8590000152587891,0.5029999923706054,0.14111578464508057,RightFoot,OpenPlay,MissedShots
691489,Serie_A,Inter,Cagliari,0,66,Lautaro Martínez,0.855,0.6909999847412109,0.05679779127240181,RightFoot,OpenPlay,BlockedShot
691491,Serie_A,Inter,Cagliari,0,75,Alessandro Bastoni,0.905,0.600999984741211,0.11884808540344238,LeftFoot,OpenPlay,MissedShots
691493,Serie_A,Inter,Cagliari,0,76,Marcus Thuram,0.8519999694824218,0.48700000762939455,0.2854534685611725,Head,OpenPlay,MissedShots
691494,Serie_A,Inter,Cagliari,0,78,Marcus Thuram,0.855,0.5459999847412109,0.06728475540876389,RightFoot,OpenPlay,MissedShots
691498,Serie_A,Inter,Cagliari,0,85,Lautaro Martínez,0.9209999847412109,0.6730000305175782,0.2510550320148468,LeftFoot,OpenPlay,SavedShot
691499,Serie_A,Inter,Cagliari,0,86,John Stones,0.925,0.5329999923706055,0.04783868417143822,Head,FromCorner,MissedShots
691500,Serie_A,Inter,Cagliari,0,88,Marcus Thuram,0.9269999694824219,0.44599998474121094,0.13428504765033722,RightFoot,OpenPlay,BlockedShot
691501,Serie_A,Inter,Cagliari,0,88,Piotr Zielinski,0.85,0.37200000762939456,0.07120323181152344,LeftFoot,OpenPlay,MissedShots
691504,Serie_A,Inter,Cagliari,0,91,Lautaro Martínez,0.9280000305175782,0.7290000152587891,0.10133188962936401,LeftFoot,OpenPlay,MissedShots
691505,Serie_A,Lazio,Genoa,1,10,Danilho Doekhi,0.9640000152587891,0.48200000762939454,0.517301619052887,Head,FromCorner,MissedShots
691506,Serie_A,Lazio,Genoa,1,12,Nuno Tavares,0.7680000305175781,0.605,0.021543355658650398,RightFoot,OpenPlay,BlockedShot
691507,Serie_A,Lazio,Genoa,1,13,Nuno Tavares,0.795,0.754000015258789,0.01773397997021675,LeftFoot,OpenPlay,MissedShots
691509,Serie_A,Lazio,Genoa,1,24,Davide Frattesi,0.8930000305175781,0.575,0.38229402899742126,LeftFoot,OpenPlay,Goal
691510,Serie_A,Lazio,Genoa,1,32,Nuno Tavares,0.7169999694824218,0.6780000305175782,0.01683904230594635,RightFoot,OpenPlay,MissedShots
691511,Serie_A,Lazio,Genoa,1,44,Nuno Tavares,0.9009999847412109,0.5159999847412109,0.30378633737564087,Head,OpenPlay,ShotOnPost
691512,Serie_A,Lazio,Genoa,1,49,Nuno Tavares,0.9340000152587891,0.7030000305175781,0.074649877846241,LeftFoot,OpenPlay,SavedShot
691514,Serie_A,Lazio,Genoa,1,57,Mattia Zaccagni,0.7190000152587891,0.5940000152587891,0.018234679475426674,RightFoot,OpenPlay,BlockedShot
691515,Serie_A,Lazio,Genoa,1,60,Matteo Cancellieri,0.8780000305175781,0.30700000762939456,0.060781385749578476,LeftFoot,OpenPlay,MissedShots
691516,Serie_A,Lazio,Genoa,1,67,Mattia Zaccagni,0.745,0.6179999923706054,0.024625351652503014,RightFoot,OpenPlay,MissedShots
691517,Serie_A,Lazio,Genoa,1,74,Gustav Isaksen,0.7340000152587891,0.2520000076293945,0.020944692194461823,RightFoot,FromCorner,BlockedShot
691518,Serie_A,Lazio,Genoa,1,74,Danilho Doekhi,0.9219999694824219,0.43599998474121093,0.4231165051460266,RightFoot,FromCorner,MissedShots
691519,Serie_A,Lazio,Genoa,1,75,Mattia Zaccagni,0.8769999694824219,0.7,0.05769618973135948,RightFoot,OpenPlay,BlockedShot
691520,Serie_A,Lazio,Genoa,1,75,Davide Frattesi,0.7969999694824219,0.5059999847412109,0.07694607973098755,LeftFoot,OpenPlay,BlockedShot
691525,Serie_A,Lazio,Genoa,1,87,Andrea Pinamonti,0.884000015258789,0.620999984741211,0.10560739040374756,RightFoot,OpenPlay,MissedShots
691508,Serie_A,Genoa,Lazio,0,18,Lorenzo Colombo,0.8190000152587891,0.5259999847412109,0.06692512333393097,LeftFoot,OpenPlay,BlockedShot
691513,Serie_A,Genoa,Lazio,0,53,Vitinha,0.8580000305175781,0.645,0.0557858869433403,LeftFoot,OpenPlay,BlockedShot
691521,Serie_A,Genoa,Lazio,0,78,Ethan Meichtry,0.8980000305175782,0.41900001525878905,0.41834717988967896,RightFoot,OpenPlay,MissedShots
691522,Serie_A,Genoa,Lazio,0,79,Lorenzo Colombo,0.874000015258789,0.5529999923706055,0.03438492491841316,Head,OpenPlay,MissedShots
691523,Serie_A,Genoa,Lazio,0,83,Brooke Norton-Cuffy,0.8140000152587891,0.36,0.03957424312829971,RightFoot,OpenPlay,MissedShots
691524,Serie_A,Genoa,Lazio,0,85,Junior Messias,0.759000015258789,0.61,0.06270505487918854,LeftFoot,DirectFreekick,BlockedShot
691526,Serie_A,Genoa,Lazio,0,92,Milutin Osmajic,0.8630000305175781,0.4379999923706055,0.02509431168437004,Head,OpenPlay,MissedShots
691527,Serie_A,Genoa,Lazio,0,92,Morten Frendrup,0.909000015258789,0.5429999923706055,0.04066908732056618,Head,OpenPlay,SavedShot
691611,Serie_A,Lecce,Roma,1,6,Willem Geubbels,0.9330000305175781,0.425,0.029512930661439896,Head,FromCorner,MissedShots
691617,Serie_A,Lecce,Roma,1,37,Willem Geubbels,0.8159999847412109,0.5070000076293946,0.2284357100725174,RightFoot,OpenPlay,SavedShot
691622,Serie_A,Lecce,Roma,1,55,Konan N’Dri,0.9340000152587891,0.7269999694824218,0.0870082750916481,LeftFoot,OpenPlay,MissedShots
691624,Serie_A,Lecce,Roma,1,57,Santiago Pierotti,0.7380000305175781,0.3,0.010435705073177814,RightFoot,OpenPlay,SavedShot
691625,Serie_A,Lecce,Roma,1,60,Kialonda Gaspar,0.9680000305175781,0.5259999847412109,0.7669241428375244,OtherBodyPart,FromCorner,BlockedShot
691630,Serie_A,Lecce,Roma,1,76,Youssef Maleh,0.8,0.664000015258789,0.01811259612441063,LeftFoot,OpenPlay,MissedShots
691631,Serie_A,Lecce,Roma,1,87,Konan N’Dri,0.799000015258789,0.3290000152587891,0.06213008239865303,LeftFoot,OpenPlay,MissedShots
691610,Serie_A,Roma,Lecce,0,3,Donyell Malen,0.875,0.4229999923706055,0.3659076988697052,RightFoot,OpenPlay,Goal
691612,Serie_A,Roma,Lecce,0,11,Matìas Soulè Malvano,0.8619999694824219,0.47400001525878904,0.11065555363893509,LeftFoot,OpenPlay,SavedShot
691613,Serie_A,Roma,Lecce,0,22,Donyell Malen,0.960999984741211,0.545,0.6460464596748352,RightFoot,OpenPlay,Goal
691614,Serie_A,Roma,Lecce,0,24,Matìas Soulè Malvano,0.8109999847412109,0.5259999847412109,0.10745255649089813,LeftFoot,OpenPlay,SavedShot
691615,Serie_A,Roma,Lecce,0,24,Matìas Soulè Malvano,0.9119999694824219,0.44299999237060544,0.48590371012687683,LeftFoot,OpenPlay,Goal
691616,Serie_A,Roma,Lecce,0,31,Donyell Malen,0.9259999847412109,0.46099998474121096,0.5639259815216064,RightFoot,OpenPlay,SavedShot
691618,Serie_A,Roma,Lecce,0,39,Matìas Soulè Malvano,0.8580000305175781,0.610999984741211,0.09258425235748291,RightFoot,OpenPlay,MissedShots
691619,Serie_A,Roma,Lecce,0,43,Paulo Dybala,0.7959999847412109,0.33299999237060546,0.030672134831547737,LeftFoot,OpenPlay,SavedShot
691620,Serie_A,Roma,Lecce,0,46,Donyell Malen,0.8680000305175781,0.5129999923706055,0.4955894351005554,RightFoot,OpenPlay,MissedShots
691621,Serie_A,Roma,Lecce,0,49,Donyell Malen,0.8240000152587891,0.5170000076293946,0.06794463098049164,LeftFoot,OpenPlay,MissedShots
691623,Serie_A,Roma,Lecce,0,57,Wesley,0.8130000305175781,0.6969999694824218,0.025653459131717682,RightFoot,OpenPlay,MissedShots
691626,Serie_A,Roma,Lecce,0,61,Paulo Dybala,0.905,0.4209999847412109,0.39817512035369873,LeftFoot,OpenPlay,MissedShots
691627,Serie_A,Roma,Lecce,0,64,Rodrigo Mora,0.9380000305175781,0.5,0.6475932002067566,RightFoot,OpenPlay,Goal
691628,Serie_A,Roma,Lecce,0,74,Paulo Dybala,0.805,0.34400001525878904,0.037669919431209564,LeftFoot,OpenPlay,MissedShots
691629,Serie_A,Roma,Lecce,0,76,Santiago Castro,0.8869999694824219,0.675,0.11260518431663513,LeftFoot,OpenPlay,MissedShots
691680,Serie_A,Atalanta,Bologna,1,27,Giacomo Raspadori,0.9530000305175781,0.664000015258789,0.03310558944940567,LeftFoot,OpenPlay,MissedShots
691682,Serie_A,Atalanta,Bologna,1,35,Giacomo Raspadori,0.8480000305175781,0.6969999694824218,0.036180268973112106,RightFoot,OpenPlay,MissedShots
691683,Serie_A,Atalanta,Bologna,1,41,Gianluca Scamacca,0.7469999694824219,0.3890000152587891,0.021614234894514084,RightFoot,OpenPlay,SavedShot
691693,Serie_A,Atalanta,Bologna,1,88,Nicola Zalewski,0.9130000305175782,0.7030000305175781,0.056419163942337036,LeftFoot,OpenPlay,BlockedShot
691694,Serie_A,Atalanta,Bologna,1,90,Nicola Zalewski,0.8119999694824219,0.3089999961853027,0.014708313159644604,LeftFoot,OpenPlay,BlockedShot
691695,Serie_A,Atalanta,Bologna,1,95,Lazar Samardzic,0.6980000305175781,0.34,0.014316576533019543,LeftFoot,OpenPlay,Goal
691674,Serie_A,Bologna,Atalanta,0,7,Jens Odgaard,0.8640000152587891,0.23799999237060546,0.027750058099627495,RightFoot,OpenPlay,MissedShots
691675,Serie_A,Bologna,Atalanta,0,7,Nicolò Cambiaghi,0.8669999694824219,0.705999984741211,0.04032566398382187,LeftFoot,OpenPlay,SavedShot
691676,Serie_A,Bologna,Atalanta,0,14,Emil Holm,0.8569999694824219,0.3,0.038252152502536774,RightFoot,OpenPlay,MissedShots
691677,Serie_A,Bologna,Atalanta,0,17,Federico Bernardeschi,0.8490000152587891,0.27100000381469724,0.03070136159658432,LeftFoot,OpenPlay,BlockedShot
691678,Serie_A,Bologna,Atalanta,0,17,Roberto Piccoli,0.9540000152587891,0.485,0.5487391352653503,Head,OpenPlay,SavedShot
691679,Serie_A,Bologna,Atalanta,0,25,Tommaso Pobega,0.7369999694824219,0.675,0.013986663892865181,LeftFoot,OpenPlay,MissedShots
691681,Serie_A,Bologna,Atalanta,0,30,Roberto Piccoli,0.8019999694824219,0.33099998474121095,0.026571348309516907,RightFoot,OpenPlay,MissedShots
691684,Serie_A,Bologna,Atalanta,0,44,Nicolò Cambiaghi,0.85,0.6630000305175782,0.054050788283348083,RightFoot,OpenPlay,BlockedShot
691685,Serie_A,Bologna,Atalanta,0,49,Jens Odgaard,0.7530000305175781,0.385,0.023408658802509308,LeftFoot,OpenPlay,MissedShots
691686,Serie_A,Bologna,Atalanta,0,49,Roberto Piccoli,0.8730000305175781,0.37599998474121094,0.12198960036039352,RightFoot,OpenPlay,MissedShots
691687,Serie_A,Bologna,Atalanta,0,51,Nicolò Cambiaghi,0.775,0.6959999847412109,0.020619060844182968,RightFoot,OpenPlay,ShotOnPost
691688,Serie_A,Bologna,Atalanta,0,56,Lewis Ferguson,0.6659999847412109,0.4929999923706055,0.013404140248894691,RightFoot,OpenPlay,MissedShots
691689,Serie_A,Bologna,Atalanta,0,85,Artem Dovbyk,0.8490000152587891,0.544000015258789,0.07576650381088257,LeftFoot,OpenPlay,BlockedShot
691690,Serie_A,Bologna,Atalanta,0,85,Artem Dovbyk,0.8809999847412109,0.5879999923706055,0.07805255800485611,LeftFoot,OpenPlay,MissedShots
691691,Serie_A,Bologna,Atalanta,0,87,Mikel Amondarain,0.919000015258789,0.3129999923706055,0.06002231314778328,RightFoot,OpenPlay,MissedShots
691692,Serie_A,Bologna,Atalanta,0,87,Federico Bernardeschi,0.8240000152587891,0.48700000762939455,0.06750110536813736,LeftFoot,OpenPlay,SavedShot
691913,Serie_A,Genoa,Como,1,5,Lorenzo Colombo,0.72,0.53,0.014902021735906601,LeftFoot,OpenPlay,MissedShots
691919,Serie_A,Genoa,Como,1,18,Milutin Osmajic,0.915,0.5690000152587891,0.4321022927761078,LeftFoot,OpenPlay,Goal
691921,Serie_A,Genoa,Como,1,23,Tommaso Baldanzi,0.8780000305175781,0.5579999923706055,0.11849434673786163,RightFoot,OpenPlay,BlockedShot
691929,Serie_A,Genoa,Como,1,44,Tommaso Baldanzi,0.7769999694824219,0.6830000305175781,0.01466293353587389,LeftFoot,OpenPlay,BlockedShot
691930,Serie_A,Genoa,Como,1,49,Tommaso Baldanzi,0.8959999847412109,0.7390000152587891,0.026947828009724617,RightFoot,OpenPlay,MissedShots
691931,Serie_A,Genoa,Como,1,50,Johan Vásquez,0.874000015258789,0.5329999923706055,0.013335024937987328,Head,FromCorner,MissedShots
691933,Serie_A,Genoa,Como,1,56,Mikael Ellertsson,0.9580000305175781,0.6819999694824219,0.06663591414690018,LeftFoot,OpenPlay,BlockedShot
691934,Serie_A,Genoa,Como,1,60,Milutin Osmajic,0.8980000305175782,0.45799999237060546,0.07260610163211823,RightFoot,OpenPlay,MissedShots
691938,Serie_A,Genoa,Como,1,73,Junior Messias,0.8830000305175781,0.38299999237060545,0.09124107658863068,LeftFoot,OpenPlay,BlockedShot
691941,Serie_A,Genoa,Como,1,83,Vitinha,0.7669999694824219,0.3579999923706055,0.009569060057401657,LeftFoot,OpenPlay,SavedShot
691942,Serie_A,Genoa,Como,1,90,Junior Messias,0.894000015258789,0.4540000152587891,0.06008034944534302,LeftFoot,FromCorner,MissedShots
691912,Serie_A,Como,Genoa,0,1,Tasos Douvikas,0.914000015258789,0.3659999847412109,0.09746701270341873,RightFoot,OpenPlay,BlockedShot
691914,Serie_A,Como,Genoa,0,6,Yan Couto,0.8040000152587891,0.24799999237060547,0.016477245837450027,LeftFoot,OpenPlay,SavedShot
691915,Serie_A,Como,Genoa,0,9,Máximo Perrone,0.8130000305175781,0.44799999237060545,0.03357132524251938,RightFoot,OpenPlay,MissedShots
691916,Serie_A,Como,Genoa,0,12,Lucas Da Cunha,0.860999984741211,0.590999984741211,0.06574330478906631,LeftFoot,OpenPlay,MissedShots
691917,Serie_A,Como,Genoa,0,16,Nico Paz,0.735,0.5509999847412109,0.020686136558651924,LeftFoot,OpenPlay,SavedShot
691918,Serie_A,Como,Genoa,0,17,Lucas Da Cunha,0.7980000305175782,0.355,0.028841597959399223,LeftFoot,OpenPlay,BlockedShot
691920,Serie_A,Como,Genoa,0,21,Álex Valle,0.76,0.395,0.02118558995425701,LeftFoot,OpenPlay,SavedShot
691922,Serie_A,Como,Genoa,0,24,Martin Baturina,0.7619999694824219,0.5770000076293945,0.025736084207892418,RightFoot,OpenPlay,Goal
691923,Serie_A,Como,Genoa,0,29,Assane Diao,0.9169999694824219,0.36400001525878906,0.07387644052505493,LeftFoot,OpenPlay,Goal
691924,Serie_A,Como,Genoa,0,32,Yan Couto,0.7630000305175781,0.25,0.01827424392104149,RightFoot,OpenPlay,MissedShots
691925,Serie_A,Como,Genoa,0,37,Assane Diao,0.8130000305175781,0.4259999847412109,0.08087361603975296,LeftFoot,OpenPlay,MissedShots
691926,Serie_A,Como,Genoa,0,39,Nico Paz,0.9330000305175781,0.3970000076293945,0.310075044631958,RightFoot,OpenPlay,Goal
691927,Serie_A,Como,Genoa,0,42,Máximo Perrone,0.8059999847412109,0.4829999923706055,0.06748800724744797,LeftFoot,OpenPlay,BlockedShot
691928,Serie_A,Como,Genoa,0,43,Tasos Douvikas,0.860999984741211,0.6320000076293946,0.08861437439918518,LeftFoot,OpenPlay,BlockedShot
691932,Serie_A,Como,Genoa,0,51,Lucas Da Cunha,0.8230000305175781,0.5170000076293946,0.057363688945770264,LeftFoot,OpenPlay,BlockedShot
691935,Serie_A,Como,Genoa,0,64,Tasos Douvikas,0.9390000152587891,0.4570000076293945,0.4857752323150635,Head,OpenPlay,MissedShots
691936,Serie_A,Como,Genoa,0,67,Nico Paz,0.8469999694824218,0.5679999923706055,0.07558368891477585,LeftFoot,OpenPlay,ShotOnPost
691937,Serie_A,Como,Genoa,0,68,Jacobo Ramón,0.9009999847412109,0.43099998474121093,0.04295075312256813,Head,FromCorner,SavedShot
691939,Serie_A,Como,Genoa,0,77,Assane Diao,0.9009999847412109,0.37,0.308595210313797,RightFoot,OpenPlay,Goal
691940,Serie_A,Como,Genoa,0,82,Samuele Ricci,0.769000015258789,0.44599998474121094,0.08794767409563065,RightFoot,OpenPlay,SavedShot
692076,Serie_A,Fiorentina,Torino,1,1,Franco Mastantuono,0.875999984741211,0.37900001525878907,0.3227795958518982,RightFoot,OpenPlay,SavedShot
692077,Serie_A,Fiorentina,Torino,1,1,Alieu Njie,0.895,0.6480000305175782,0.28968122601509094,RightFoot,OpenPlay,BlockedShot
692078,Serie_A,Fiorentina,Torino,1,3,Franco Mastantuono,0.8569999694824219,0.3340000152587891,0.07181446999311447,LeftFoot,OpenPlay,BlockedShot
692083,Serie_A,Fiorentina,Torino,1,45,Nicolo Fagioli,0.7319999694824219,0.5820000076293945,0.016200175508856773,RightFoot,OpenPlay,MissedShots
692084,Serie_A,Fiorentina,Torino,1,46,Mateo Pellegrino,0.754000015258789,0.5629999923706055,0.05139552429318428,LeftFoot,OpenPlay,Goal
692085,Serie_A,Fiorentina,Torino,1,50,Wilfried Gnonto,0.8159999847412109,0.325,0.03969944268465042,LeftFoot,OpenPlay,SavedShot
692086,Serie_A,Fiorentina,Torino,1,51,Arthur Atta,0.9009999847412109,0.5929999923706055,0.09647002816200256,RightFoot,OpenPlay,MissedShots
692087,Serie_A,Fiorentina,Torino,1,51,Wilfried Gnonto,0.9369999694824219,0.3370000076293945,0.07289862632751465,RightFoot,OpenPlay,MissedShots
692088,Serie_A,Fiorentina,Torino,1,58,Arthur Atta,0.9269999694824219,0.4470000076293945,0.12268003076314926,LeftFoot,OpenPlay,SavedShot
692089,Serie_A,Fiorentina,Torino,1,60,Arthur Atta,0.7369999694824219,0.4420000076293945,0.02496800385415554,RightFoot,OpenPlay,MissedShots
692090,Serie_A,Fiorentina,Torino,1,65,Wilfried Gnonto,0.875,0.3189999961853027,0.0688181221485138,LeftFoot,OpenPlay,BlockedShot
692091,Serie_A,Fiorentina,Torino,1,65,Arthur Atta,0.904000015258789,0.43400001525878906,0.10356562584638596,Head,OpenPlay,SavedShot
692094,Serie_A,Fiorentina,Torino,1,75,Radu Dragusin,0.9669999694824218,0.43099998474121093,0.11441944539546967,Head,FromCorner,MissedShots
692095,Serie_A,Fiorentina,Torino,1,77,Beto,0.9630000305175781,0.6519999694824219,0.06391305476427078,RightFoot,OpenPlay,MissedShots
692079,Serie_A,Torino,Fiorentina,0,11,Rolando Mandragora,0.7430000305175781,0.6270000076293946,0.016095329076051712,LeftFoot,OpenPlay,SavedShot
692080,Serie_A,Torino,Fiorentina,0,14,Nikola Vlasic,0.7419999694824219,0.4209999847412109,0.020628955215215683,LeftFoot,OpenPlay,BlockedShot
692081,Serie_A,Torino,Fiorentina,0,21,Niccolò Fortini,0.9169999694824219,0.405,0.05455248802900314,Head,OpenPlay,MissedShots
692082,Serie_A,Torino,Fiorentina,0,26,Rolando Mandragora,0.79,0.4859999847412109,0.04038099944591522,LeftFoot,OpenPlay,BlockedShot
692092,Serie_A,Torino,Fiorentina,0,71,Nikola Vlasic,0.9,0.3609999847412109,0.0762375071644783,LeftFoot,OpenPlay,SavedShot
692093,Serie_A,Torino,Fiorentina,0,73,Rolando Mandragora,0.7609999847412109,0.3890000152587891,0.023655856028199196,LeftFoot,OpenPlay,Goal
692096,Serie_A,Torino,Fiorentina,0,81,Che Adams,0.950999984741211,0.5159999847412109,0.5401998162269592,RightFoot,OpenPlay,Goal
692495,Serie_A,Inter,Napoli,1,1,Piotr Zielinski,0.7430000305175781,0.685,0.011532481759786606,LeftFoot,OpenPlay,BlockedShot
692496,Serie_A,Inter,Napoli,1,1,Andy Diouf,0.8119999694824219,0.5209999847412109,0.059354495257139206,RightFoot,OpenPlay,SavedShot
692499,Serie_A,Inter,Napoli,1,8,Piotr Zielinski,0.7659999847412109,0.5029999923706054,0.027122877538204193,LeftFoot,OpenPlay,BlockedShot
692500,Serie_A,Inter,Napoli,1,10,Piotr Zielinski,0.815,0.38,0.036559417843818665,RightFoot,OpenPlay,BlockedShot
692501,Serie_A,Inter,Napoli,1,11,Francesco Pio Esposito,0.9030000305175782,0.534000015258789,0.04471587389707565,Head,OpenPlay,SavedShot
692503,Serie_A,Inter,Napoli,1,22,Federico Dimarco,0.8680000305175781,0.7759999847412109,0.02065143547952175,LeftFoot,OpenPlay,MissedShots
692504,Serie_A,Inter,Napoli,1,24,Francesco Pio Esposito,0.914000015258789,0.544000015258789,0.051168981939554214,Head,OpenPlay,MissedShots
692506,Serie_A,Inter,Napoli,1,35,Yann Bisseck,0.8469999694824218,0.36400001525878906,0.05811320245265961,LeftFoot,OpenPlay,MissedShots
692509,Serie_A,Inter,Napoli,1,46,Lautaro Martínez,0.9219999694824219,0.7,0.050419729202985764,LeftFoot,OpenPlay,SavedShot
692510,Serie_A,Inter,Napoli,1,48,Federico Dimarco,0.7619999694824219,0.575999984741211,0.0701211616396904,LeftFoot,DirectFreekick,ShotOnPost
692514,Serie_A,Inter,Napoli,1,51,Piotr Zielinski,0.7769999694824219,0.45799999237060546,0.029887264594435692,LeftFoot,OpenPlay,SavedShot
692518,Serie_A,Inter,Napoli,1,54,Lautaro Martínez,0.89,0.4909999847412109,0.07717611640691757,RightFoot,OpenPlay,BlockedShot
692519,Serie_A,Inter,Napoli,1,54,Federico Dimarco,0.7580000305175781,0.620999984741211,0.016283925622701645,LeftFoot,FromCorner,MissedShots
692520,Serie_A,Inter,Napoli,1,55,Curtis Jones,0.75,0.32,0.010838649235665798,LeftFoot,OpenPlay,BlockedShot
692521,Serie_A,Inter,Napoli,1,55,Lautaro Martínez,0.975999984741211,0.48,0.7850890159606934,RightFoot,OpenPlay,Goal
692522,Serie_A,Inter,Napoli,1,58,Lautaro Martínez,0.88,0.4109999847412109,0.06820031255483627,RightFoot,OpenPlay,BlockedShot
692523,Serie_A,Inter,Napoli,1,59,Federico Dimarco,0.955,0.6730000305175782,0.020709648728370667,LeftFoot,OpenPlay,MissedShots
692524,Serie_A,Inter,Napoli,1,60,Lautaro Martínez,0.9519999694824218,0.465,0.14253324270248413,RightFoot,OpenPlay,MissedShots
692525,Serie_A,Inter,Napoli,1,62,Yann Bisseck,0.9230000305175782,0.43,0.024443984031677246,Head,FromCorner,MissedShots
692526,Serie_A,Inter,Napoli,1,64,Marcus Thuram,0.8909999847412109,0.6409999847412109,0.06724189966917038,RightFoot,OpenPlay,BlockedShot
692527,Serie_A,Inter,Napoli,1,66,Andy Diouf,0.9180000305175782,0.27700000762939453,0.04479437693953514,RightFoot,OpenPlay,MissedShots
692528,Serie_A,Inter,Napoli,1,72,Marcus Thuram,0.9719999694824218,0.539000015258789,0.5434432625770569,Head,OpenPlay,ShotOnPost
692529,Serie_A,Inter,Napoli,1,73,Manuel Akanji,0.925,0.49400001525878906,0.053553227335214615,Head,FromCorner,MissedShots
692531,Serie_A,Inter,Napoli,1,77,Marcus Thuram,0.9669999694824218,0.285,0.04768682271242142,RightFoot,OpenPlay,MissedShots
692532,Serie_A,Inter,Napoli,1,81,Marcus Thuram,0.8969999694824219,0.5079999923706054,0.30604755878448486,Head,OpenPlay,Goal
692533,Serie_A,Inter,Napoli,1,87,Marcus Thuram,0.899000015258789,0.38,0.31564441323280334,RightFoot,OpenPlay,MissedShots
692537,Serie_A,Inter,Napoli,1,89,Nicolò Barella,0.815,0.6430000305175781,0.03715210035443306,RightFoot,OpenPlay,SavedShot
692538,Serie_A,Inter,Napoli,1,90,Manuel Akanji,0.9580000305175781,0.4759999847412109,0.13176433742046356,RightFoot,FromCorner,MissedShots
692539,Serie_A,Inter,Napoli,1,90,Lautaro Martínez,0.98,0.5470000076293945,0.731941819190979,LeftFoot,FromCorner,Goal
692497,Serie_A,Napoli,Inter,0,5,Franck Zambo,0.9019999694824219,0.5309999847412109,0.10271376371383667,RightFoot,OpenPlay,SavedShot
692498,Serie_A,Napoli,Inter,0,5,Matteo Politano,0.96,0.34599998474121096,0.059838537126779556,RightFoot,OpenPlay,SavedShot
692502,Serie_A,Napoli,Inter,0,21,Alisson Santos,0.79,0.7190000152587891,0.023008039221167564,RightFoot,OpenPlay,SavedShot
692505,Serie_A,Napoli,Inter,0,28,Franck Zambo,0.905,0.37,0.09229594469070435,RightFoot,OpenPlay,BlockedShot
692507,Serie_A,Napoli,Inter,0,45,Rafa Marín,0.9080000305175782,0.509000015258789,0.03560350835323334,Head,FromCorner,MissedShots
692508,Serie_A,Napoli,Inter,0,45,Rasmus Højlund,0.9330000305175781,0.6079999923706054,0.09548065066337585,LeftFoot,FromCorner,SavedShot
692511,Serie_A,Napoli,Inter,0,49,Stanislav Lobotka,0.7480000305175781,0.455,0.02119520492851734,RightFoot,OpenPlay,SavedShot
692512,Serie_A,Napoli,Inter,0,49,Matteo Politano,0.8690000152587891,0.5379999923706055,0.09058315306901932,LeftFoot,OpenPlay,BlockedShot
692513,Serie_A,Napoli,Inter,0,49,Matteo Politano,0.855,0.47,0.3162403404712677,RightFoot,OpenPlay,Goal
692515,Serie_A,Napoli,Inter,0,52,Alisson Santos,0.8580000305175781,0.7369999694824219,0.03786526620388031,RightFoot,OpenPlay,BlockedShot
692516,Serie_A,Napoli,Inter,0,52,Franck Zambo,0.8719999694824219,0.4470000076293945,0.11474806070327759,RightFoot,OpenPlay,BlockedShot
692517,Serie_A,Napoli,Inter,0,52,Rasmus Højlund,0.83,0.28399999618530275,0.03540249168872833,LeftFoot,OpenPlay,Goal
692530,Serie_A,Napoli,Inter,0,75,Alisson Santos,0.8430000305175781,0.705999984741211,0.039688367396593094,RightFoot,OpenPlay,BlockedShot
692534,Serie_A,Napoli,Inter,0,87,David Neres,0.88,0.539000015258789,0.3657504618167877,RightFoot,OpenPlay,MissedShots
692535,Serie_A,Napoli,Inter,0,88,Lorenzo Lucca,0.899000015258789,0.35400001525878905,0.05502273142337799,RightFoot,OpenPlay,MissedShots
692536,Serie_A,Napoli,Inter,0,88,Franck Zambo,0.9769999694824218,0.519000015258789,0.92649245262146,RightFoot,OpenPlay,MissedShots
692608,Serie_A,Roma,Atalanta,1,2,Paulo Dybala,0.9409999847412109,0.4620000076293945,0.08842911571264267,Head,OpenPlay,MissedShots
692609,Serie_A,Roma,Atalanta,1,13,Gianluca Mancini,0.924000015258789,0.43599998474121093,0.31974855065345764,Head,OpenPlay,SavedShot
692610,Serie_A,Roma,Atalanta,1,14,Donyell Malen,0.8690000152587891,0.7680000305175781,0.0248322244733572,RightFoot,FromCorner,BlockedShot
692611,Serie_A,Roma,Atalanta,1,16,Kouadio Kone,0.7830000305175782,0.6179999923706054,0.02657225914299488,RightFoot,OpenPlay,MissedShots
692612,Serie_A,Roma,Atalanta,1,17,Donyell Malen,0.8859999847412109,0.7,0.04166986793279648,RightFoot,FromCorner,MissedShots
692613,Serie_A,Roma,Atalanta,1,20,Bryan Cristante,0.9169999694824219,0.49,0.05790885537862778,Head,OpenPlay,SavedShot
692614,Serie_A,Roma,Atalanta,1,20,Gianluca Mancini,0.8869999694824219,0.5279999923706055,0.0777994841337204,RightFoot,FromCorner,MissedShots
692615,Serie_A,Roma,Atalanta,1,23,Rodrigo Mora,0.7609999847412109,0.34400001525878904,0.028884470462799072,RightFoot,OpenPlay,MissedShots
692616,Serie_A,Roma,Atalanta,1,26,Rodrigo Mora,0.8159999847412109,0.38299999237060545,0.029050352051854134,LeftFoot,FromCorner,BlockedShot
692617,Serie_A,Roma,Atalanta,1,26,Kouadio Kone,0.7580000305175781,0.4640000152587891,0.025837291032075882,RightFoot,FromCorner,MissedShots
692618,Serie_A,Roma,Atalanta,1,28,Rodrigo Mora,0.7469999694824219,0.46599998474121096,0.021322883665561676,RightFoot,OpenPlay,MissedShots
692620,Serie_A,Roma,Atalanta,1,33,Paulo Dybala,0.9540000152587891,0.425,0.33687227964401245,Head,OpenPlay,SavedShot
692621,Serie_A,Roma,Atalanta,1,37,Rodrigo Mora,0.9019999694824219,0.6940000152587891,0.06728757172822952,RightFoot,OpenPlay,MissedShots
692622,Serie_A,Roma,Atalanta,1,39,Donyell Malen,0.9359999847412109,0.6580000305175782,0.10594762116670609,RightFoot,OpenPlay,SavedShot
692623,Serie_A,Roma,Atalanta,1,40,Rodrigo Mora,0.9059999847412109,0.500999984741211,0.09862075001001358,RightFoot,OpenPlay,MissedShots
692624,Serie_A,Roma,Atalanta,1,41,Kouadio Kone,0.8159999847412109,0.500999984741211,0.054649654775857925,RightFoot,OpenPlay,BlockedShot
692625,Serie_A,Roma,Atalanta,1,42,Rodrigo Mora,0.9259999847412109,0.519000015258789,0.06803596019744873,Head,OpenPlay,BlockedShot
692626,Serie_A,Roma,Atalanta,1,43,Evan Ndicka,0.9309999847412109,0.4979999923706055,0.060789406299591064,Head,FromCorner,MissedShots
692629,Serie_A,Roma,Atalanta,1,53,Kouadio Kone,0.8240000152587891,0.4420000076293945,0.04101254791021347,RightFoot,FromCorner,SavedShot
692633,Serie_A,Roma,Atalanta,1,61,Bryan Cristante,0.805,0.3170000076293945,0.026222562417387962,RightFoot,OpenPlay,BlockedShot
692634,Serie_A,Roma,Atalanta,1,61,Matìas Soulè Malvano,0.8090000152587891,0.525,0.0436645969748497,LeftFoot,OpenPlay,SavedShot
692635,Serie_A,Roma,Atalanta,1,63,Santiago Castro,0.909000015258789,0.695,0.33260953426361084,RightFoot,OpenPlay,ShotOnPost
692636,Serie_A,Roma,Atalanta,1,67,Mario Hermoso,0.870999984741211,0.6020000076293945,0.06293598562479019,LeftFoot,OpenPlay,BlockedShot
692637,Serie_A,Roma,Atalanta,1,70,Santiago Castro,0.8959999847412109,0.5790000152587891,0.10405366867780685,RightFoot,OpenPlay,MissedShots
692638,Serie_A,Roma,Atalanta,1,70,Matìas Soulè Malvano,0.8540000152587891,0.3559999847412109,0.04770814999938011,RightFoot,OpenPlay,BlockedShot
692639,Serie_A,Roma,Atalanta,1,70,Matìas Soulè Malvano,0.914000015258789,0.4929999923706055,0.047335583716630936,Head,OpenPlay,SavedShot
692640,Serie_A,Roma,Atalanta,1,71,Paulo Dybala,0.8830000305175781,0.23700000762939452,0.02447236329317093,LeftFoot,OpenPlay,MissedShots
692641,Serie_A,Roma,Atalanta,1,74,Bryan Cristante,0.9009999847412109,0.48700000762939455,0.07897663116455078,Head,OpenPlay,MissedShots
692642,Serie_A,Roma,Atalanta,1,77,Matìas Soulè Malvano,0.81,0.6459999847412109,0.03788166120648384,RightFoot,OpenPlay,BlockedShot
692643,Serie_A,Roma,Atalanta,1,80,Bryan Cristante,0.9159999847412109,0.4540000152587891,0.0336121991276741,Head,FromCorner,BlockedShot
692644,Serie_A,Roma,Atalanta,1,86,Paulo Dybala,0.8880000305175781,0.39799999237060546,0.08604609966278076,RightFoot,OpenPlay,MissedShots
692645,Serie_A,Roma,Atalanta,1,86,Matìas Soulè Malvano,0.754000015258789,0.455,0.023840799927711487,LeftFoot,OpenPlay,MissedShots
692646,Serie_A,Roma,Atalanta,1,87,Santiago Castro,0.915,0.4979999923706055,0.3177095651626587,Head,OpenPlay,ShotOnPost
692647,Serie_A,Roma,Atalanta,1,88,Paulo Dybala,0.8580000305175781,0.4570000076293945,0.08705653995275497,LeftFoot,OpenPlay,SavedShot
692648,Serie_A,Roma,Atalanta,1,88,Mario Hermoso,0.924000015258789,0.5540000152587891,0.08667440712451935,Head,FromCorner,Goal
692649,Serie_A,Roma,Atalanta,1,90,Paulo Dybala,0.92,0.5990000152587891,0.05061428248882294,Head,OpenPlay,MissedShots
692650,Serie_A,Roma,Atalanta,1,90,Matìas Soulè Malvano,0.9680000305175781,0.40400001525878904,0.3709842264652252,LeftFoot,OpenPlay,MissedShots
692651,Serie_A,Roma,Atalanta,1,91,Santiago Castro,0.8219999694824218,0.615,0.07232557237148285,RightFoot,OpenPlay,MissedShots
692652,Serie_A,Roma,Atalanta,1,92,Matìas Soulè Malvano,0.9269999694824219,0.30200000762939455,0.05649718642234802,LeftFoot,OpenPlay,Goal
692619,Serie_A,Atalanta,Roma,0,31,Gianluca Scamacca,0.8590000152587891,0.37,0.07335634529590607,RightFoot,OpenPlay,SavedShot
692627,Serie_A,Atalanta,Roma,0,46,Éderson,0.8719999694824219,0.600999984741211,0.0702204778790474,RightFoot,OpenPlay,Goal
692628,Serie_A,Atalanta,Roma,0,50,Odilon Kossounou,0.904000015258789,0.580999984741211,0.03866225481033325,Head,FromCorner,MissedShots
692630,Serie_A,Atalanta,Roma,0,55,Lazar Samardzic,0.8909999847412109,0.44400001525878907,0.14917777478694916,RightFoot,OpenPlay,MissedShots
692631,Serie_A,Atalanta,Roma,0,58,Nikola Krstovic,0.855,0.580999984741211,0.3696558475494385,RightFoot,OpenPlay,MissedShots
692632,Serie_A,Atalanta,Roma,0,59,Charles De Ketelaere,0.8380000305175781,0.3770000076293945,0.07105071097612381,LeftFoot,OpenPlay,BlockedShot
692883,Serie_A,Frosinone,Venezia,1,1,Giacomo Calo,0.92,0.28600000381469726,0.05160929262638092,RightFoot,OpenPlay,SavedShot
692886,Serie_A,Frosinone,Venezia,1,20,Antonio Raimondo,0.914000015258789,0.5529999923706055,0.2622244656085968,Head,OpenPlay,Goal
692887,Serie_A,Frosinone,Venezia,1,25,Antonio Raimondo,0.7819999694824219,0.3659999847412109,0.03840599209070206,LeftFoot,OpenPlay,BlockedShot
692889,Serie_A,Frosinone,Venezia,1,31,Antonio Raimondo,0.8819999694824219,0.6730000305175782,0.04004715383052826,LeftFoot,OpenPlay,BlockedShot
692891,Serie_A,Frosinone,Venezia,1,38,Antonio Raimondo,0.9690000152587891,0.47200000762939454,0.7613788843154907,RightFoot,OpenPlay,Goal
692899,Serie_A,Frosinone,Venezia,1,65,Farès Ghedjemis,0.9180000305175782,0.2610000038146973,0.06736607104539871,LeftFoot,OpenPlay,SavedShot
692901,Serie_A,Frosinone,Venezia,1,72,Farès Ghedjemis,0.9219999694824219,0.26399999618530273,0.048060838133096695,LeftFoot,OpenPlay,SavedShot
692903,Serie_A,Frosinone,Venezia,1,77,Anthony Oyono,0.7090000152587891,0.600999984741211,0.01564115099608898,RightFoot,OpenPlay,ShotOnPost
692905,Serie_A,Frosinone,Venezia,1,81,Gabriele Calvani,0.9030000305175782,0.5509999847412109,0.055764976888895035,Head,FromCorner,MissedShots
692906,Serie_A,Frosinone,Venezia,1,82,Giorgi Kvernadze,0.9059999847412109,0.6070000076293945,0.3635328710079193,RightFoot,OpenPlay,Goal
692907,Serie_A,Frosinone,Venezia,1,91,Giorgi Kvernadze,0.8680000305175781,0.705999984741211,0.05355377495288849,RightFoot,OpenPlay,BlockedShot
692908,Serie_A,Frosinone,Venezia,1,91,Matteo Cichella,0.7959999847412109,0.3820000076293945,0.0339852012693882,RightFoot,OpenPlay,SavedShot
692884,Serie_A,Venezia,Frosinone,0,12,Albion Rrahmani,0.73,0.7080000305175781,0.017006639391183853,RightFoot,OpenPlay,BlockedShot
692885,Serie_A,Venezia,Frosinone,0,13,Redouane Halal,0.9269999694824219,0.509000015258789,0.05572638660669327,Head,FromCorner,MissedShots
692888,Serie_A,Venezia,Frosinone,0,30,Akor Adams,0.93,0.4420000076293945,0.1304846554994583,LeftFoot,OpenPlay,MissedShots
692890,Serie_A,Venezia,Frosinone,0,35,Gianluca Busio,0.705,0.43099998474121093,0.009990498423576355,RightFoot,OpenPlay,MissedShots
692892,Serie_A,Venezia,Frosinone,0,46,Gianluca Busio,0.7369999694824219,0.549000015258789,0.054805368185043335,RightFoot,DirectFreekick,BlockedShot
692893,Serie_A,Venezia,Frosinone,0,47,Richie Sagrado,0.875,0.49700000762939456,0.07816936820745468,RightFoot,SetPiece,BlockedShot
692894,Serie_A,Venezia,Frosinone,0,45,John Yeboah,0.7959999847412109,0.24700000762939453,0.013419892638921738,LeftFoot,OpenPlay,BlockedShot
692895,Serie_A,Venezia,Frosinone,0,49,John Yeboah,0.8780000305175781,0.46599998474121096,0.30894625186920166,LeftFoot,OpenPlay,BlockedShot
692896,Serie_A,Venezia,Frosinone,0,53,John Yeboah,0.7419999694824219,0.515,0.015672514215111732,LeftFoot,OpenPlay,SavedShot
692897,Serie_A,Venezia,Frosinone,0,54,Richie Sagrado,0.735,0.4929999923706055,0.018312841653823853,LeftFoot,OpenPlay,MissedShots
692898,Serie_A,Venezia,Frosinone,0,58,Akor Adams,0.8780000305175781,0.48700000762939455,0.30276352167129517,Head,OpenPlay,SavedShot
692900,Serie_A,Venezia,Frosinone,0,65,John Yeboah,0.8680000305175781,0.36400001525878906,0.1129060611128807,LeftFoot,OpenPlay,Goal
692902,Serie_A,Venezia,Frosinone,0,73,Richie Sagrado,0.9740000152587891,0.5059999847412109,0.9078711867332458,LeftFoot,OpenPlay,Goal
692904,Serie_A,Venezia,Frosinone,0,79,Antoine Hainaut,0.8319999694824218,0.44299999237060544,0.29141107201576233,RightFoot,OpenPlay,MissedShots
692909,Serie_A,Venezia,Frosinone,0,93,Matías Moreno,0.9309999847412109,0.5070000076293946,0.11942867934703827,Head,FromCorner,MissedShots
692828,Serie_A,Parma Calcio 1913,Monza,1,2,Diego Carlos,0.8530000305175781,0.45,0.057441774755716324,LeftFoot,SetPiece,MissedShots
692831,Serie_A,Parma Calcio 1913,Monza,1,17,El Bilal Touré,0.9669999694824218,0.46799999237060547,0.13703441619873047,Head,FromCorner,MissedShots
692835,Serie_A,Parma Calcio 1913,Monza,1,34,Giovanni Fabbian,0.8919999694824219,0.42400001525878905,0.10811859369277954,RightFoot,SetPiece,BlockedShot
692840,Serie_A,Parma Calcio 1913,Monza,1,52,Enrico Del Prato,0.9059999847412109,0.6530000305175782,0.054478369653224945,RightFoot,OpenPlay,BlockedShot
692842,Serie_A,Parma Calcio 1913,Monza,1,59,Simone Lontani,0.945,0.615,0.13478082418441772,RightFoot,OpenPlay,SavedShot
692843,Serie_A,Parma Calcio 1913,Monza,1,59,Simone Lontani,0.894000015258789,0.6170000076293946,0.06386503577232361,RightFoot,OpenPlay,Goal
692846,Serie_A,Parma Calcio 1913,Monza,1,65,El Bilal Touré,0.8969999694824219,0.34400001525878904,0.06688996404409409,RightFoot,OpenPlay,SavedShot
692829,Serie_A,Monza,Parma Calcio 1913,0,10,Dany Mota,0.9380000305175781,0.4929999923706055,0.47007936239242554,Head,OpenPlay,MissedShots
692830,Serie_A,Monza,Parma Calcio 1913,0,13,Dany Mota,0.9019999694824219,0.30700000762939456,0.06530921161174774,RightFoot,OpenPlay,MissedShots
692832,Serie_A,Monza,Parma Calcio 1913,0,20,Andrea Carboni,0.9519999694824218,0.6120000076293945,0.16606715321540833,Head,OpenPlay,MissedShots
692833,Serie_A,Monza,Parma Calcio 1913,0,21,Dany Mota,0.9259999847412109,0.575999984741211,0.3095055818557739,RightFoot,OpenPlay,SavedShot
692834,Serie_A,Monza,Parma Calcio 1913,0,32,Lorenzo Lucchesi,0.879000015258789,0.4979999923706055,0.014391224831342697,Head,FromCorner,SavedShot
692836,Serie_A,Monza,Parma Calcio 1913,0,35,Omari Forson,0.845999984741211,0.32799999237060545,0.04252307116985321,LeftFoot,OpenPlay,MissedShots
692837,Serie_A,Monza,Parma Calcio 1913,0,37,Jay Robinson,0.7919999694824219,0.64,0.026730818673968315,RightFoot,OpenPlay,Goal
692838,Serie_A,Monza,Parma Calcio 1913,0,45,Michael Folorunsho,0.7069999694824218,0.505,0.012433468364179134,RightFoot,SetPiece,BlockedShot
692839,Serie_A,Monza,Parma Calcio 1913,0,47,Omari Forson,0.9259999847412109,0.3220000076293945,0.0999230146408081,RightFoot,OpenPlay,BlockedShot
692841,Serie_A,Monza,Parma Calcio 1913,0,57,Andrea Colpani,0.845999984741211,0.6090000152587891,0.06499355286359787,LeftFoot,OpenPlay,SavedShot
692844,Serie_A,Monza,Parma Calcio 1913,0,62,Eddy Kouadio,0.9330000305175781,0.48400001525878905,0.4152148962020874,Head,SetPiece,SavedShot
692845,Serie_A,Monza,Parma Calcio 1913,0,62,Samuele Birindelli,0.7469999694824219,0.6120000076293945,0.013649791479110718,RightFoot,SetPiece,MissedShots
692847,Serie_A,Monza,Parma Calcio 1913,0,75,Michael Folorunsho,0.914000015258789,0.4929999923706055,0.31134697794914246,Head,OpenPlay,MissedShots
692848,Serie_A,Monza,Parma Calcio 1913,0,83,Lorenzo Lucchesi,0.9269999694824219,0.54,0.04747733473777771,Head,FromCorner,MissedShots
692849,Serie_A,Monza,Parma Calcio 1913,0,86,Yvan Maye,0.8869999694824219,0.4620000076293945,0.01482965238392353,Head,FromCorner,MissedShots
692850,Serie_A,Monza,Parma Calcio 1913,0,94,Michael Folorunsho,0.8690000152587891,0.33299999237060546,0.03534119948744774,RightFoot,OpenPlay,MissedShots
